Well_Name,depth_m,Facies,Porosity,reflection_strength,instantaneous_phase,instantaneous_frequency,instantaneous_amplitude,rms_attribute,discontinuity,sweetness,thin_bed_indicator,relative_amp_change_x,relative_amp_change_y
A10,1394.85,NA,NA,4402.0986,32.693073,0.031247819,-3635.842,2102.0977,14.127874,43912.082,0.018180875,0.039662156,0.06830515
A10,1399.1409999999998,NA,NA,4216.164,-124.75083,0.022829304,-2335.1912,2406.7195,13.221971,40862.805,0.0052710017,0.026825292,0.030997004
A10,1403.432,NA,NA,3915.0664,-89.48504,0.021838354,-90.93042,2628.7578,14.644,36939.945,0.0017105117,-0.012113162,0.0063888007
A10,1407.723,NA,NA,4010.9563,-55.75002,0.020094497,2000.3125,2775.6252,16.95029,37059.69,-0.00032015165,-0.06413289,0.024176598
A10,1412.014,NA,NA,3749.7576,-24.708845,0.016110107,3147.9458,2863.194,18.78343,34126.336,-0.002945355,-0.12090761,-0.015658686
A10,1416.3049999999998,NA,NA,3762.6316,0.1774025,0.017879369,3402.975,2913.8396,20.70651,33536.51,0.00039546247,-0.16265774,-0.041419096
A10,1420.596,NA,NA,3767.9368,27.796734,0.014487946,2994.928,2878.638,27.375843,32721.893,-0.0019290295,-0.18416373,-0.11397028
A10,1424.887,NA,NA,3696.7869,50.177143,0.015169522,2000.3124,2693.5933,29.044743,31047.021,-0.0005225675,-0.15682223,-0.055907864
A10,1429.1779999999999,NA,NA,3739.0168,73.610405,0.015514885,699.66144,2411.9114,25.50265,30369.053,0.0003271637,-0.17719054,0.14955282
A10,1433.4689999999998,NA,NA,3570.7573,97.57719,0.015026877,-677.4985,2165.074,24.996353,28261.268,0.00031480272,-0.19344947,0.42007425
A10,1437.76,NA,NA,3320.5925,120.7901,0.013591113,-1621.1082,2058.5134,29.040049,25812.719,-0.00040840404,-0.16138332,0.296732
A10,1442.051,NA,NA,2982.702,90.35653,0.013353833,-2054.6584,2062.1694,33.888054,23901.422,0.00053788826,-0.10373555,0.22335331
A10,1446.3419999999999,NA,NA,2710.5408,59.556427,0.012121967,-2131.1675,2100.5671,35.395412,22082.535,0.0007511437,-0.034816198,0.18477961
A10,1450.6329999999998,NA,NA,2299.6812,26.853394,0.005302575,-1901.6406,2117.466,34.02246,18762.47,-0.004945916,0.044687033,0.10261866
A10,1454.924,NA,NA,2140.7014,-16.383978,0.0068550585,-1799.6288,2080.804,32.11113,17344.44,-0.0028468336,0.18046533,0.059684686
A10,1459.215,NA,NA,2297.6594,-5.79456,0.012265961,-1748.6228,2027.0292,30.184923,18446.15,0.0027318008,0.29438618,0.04224256
A10,1463.5059999999999,NA,NA,2438.0347,-89.703735,0.013858021,-1544.5992,1994.2327,27.509535,19521.846,0.0040866053,0.25906205,0.10907177
A10,1467.797,NA,NA,2449.6013,-119.72498,0.006354992,-1366.0784,1961.1012,24.23137,19672.613,-0.0042357547,0.18446581,0.24453814
A10,1472.088,NA,NA,2491.9683,-84.19376,0.006774665,-1391.5814,1890.349,19.696623,20116.078,-0.0051400997,0.20381792,0.33549467
A10,1476.379,NA,NA,2908.5203,-99.44282,0.019829083,-1442.5873,1801.3732,13.539611,23051.396,0.006138914,0.2712104,0.1545702
A10,1480.6699999999998,NA,NA,3457.2417,-68.811646,0.018198727,-1111.049,1930.3953,8.099238,26798.254,0.0023515562,0.3339371,0.1962235
A10,1484.961,NA,NA,4400.6924,-92.12755,0.019048063,138.59627,2582.0298,5.9666624,33334.508,0.0010421438,0.31931812,-0.027031524
A10,1489.252,NA,NA,5429.583,-62.70287,0.020158406,2612.3833,3592.0374,5.724688,40345.676,0.00050785684,0.2696383,-0.075090446
A10,1493.543,NA,NA,6401.481,-31.562967,0.021271642,5468.715,4527.2275,5.3734145,46872.95,0.0005780614,0.2322327,-0.061472792
A10,1497.8339999999998,NA,NA,7130.524,1.296616,0.022063252,7075.402,5097.9653,4.2100344,51287.5,0.0005280887,0.19718586,-0.021825178
A10,1502.125,0.0,0.25616681599999785,7582.221,35.379044,0.023073213,6157.2954,5251.613,3.480387,53400.75,0.0007203808,0.17075102,0.012997695
A10,1506.416,0.0,0.2609610379999993,7669.165,71.02163,0.023378033,2612.3833,5121.504,3.4301293,53168.66,0.0003185486,0.14148548,0.034744263
A10,1510.7069999999999,0.0,0.260776060000001,7406.368,107.13507,0.023919467,-1927.1436,4903.0474,4.067,50763.715,0.00027142334,0.10657883,0.046997275
A10,1514.9979999999998,0.0,0.28577514200000087,7005.98,144.08492,0.024662292,-5421.05,4738.222,5.186625,47538.73,0.00054993725,0.07391433,0.050585408
A10,1519.289,0.0,0.2369031199999978,6478.4697,27.896519,0.02473289,-6313.653,4646.6597,5.871376,43900.02,0.00031904565,0.031721387,0.045861788
A10,1523.58,2.0,0.2601304460000004,5988.378,-139.61137,0.024961224,-4451.937,4546.946,6.3429713,40725.742,0.0004535432,-0.021663666,0.045435566
A10,1527.8709999999999,2.0,0.24408191599999934,5666.7837,-101.0523,0.024602806,-983.53406,4380.6255,7.376197,38573.418,0.00023644917,-0.08478117,0.043850422
A10,1532.1619999999998,2.0,0.24897865200000152,5479.2095,-63.04685,0.023700774,2535.8745,4194.231,8.558342,37428.6,-0.00028541798,-0.15327814,0.033320494
A10,1536.453,2.0,0.2657482160000012,5468.925,-26.434849,0.023336377,4805.6377,4078.6116,9.121356,38005.69,-6.669831e-05,-0.21107523,0.01688535
A10,1540.744,0.0,0.25663984999999967,5524.0425,9.614251,0.022431059,5213.686,4025.1294,10.89131,39314.934,-0.00027983342,-0.25964984,-0.009967395
A10,1545.0349999999999,0.0,0.247277472,5494.927,44.264854,0.021334546,3734.514,3900.304,14.173548,39780.633,-0.00043747335,-0.30045065,-0.045504026
A10,1549.326,0.0,0.2585407619999997,5380.9155,77.22161,0.020500716,1209.7207,3641.6555,14.938019,39477.805,7.850743e-05,-0.332268,-0.0919748
A10,1553.617,0.0,0.2701862480000019,5160.836,108.8903,0.021196743,-1442.5873,3355.7239,13.791455,38322.227,0.0023858454,-0.38596803,-0.15262665
A10,1557.908,0.0,0.2716774120000001,4765.0522,90.205605,0.010444755,-3329.8064,3182.172,14.185776,35812.406,-0.0067961914,-0.5048063,-0.24311502
A10,1562.1989999999998,0.0,0.23634765999999824,4334.2256,132.05452,0.01603121,-3763.3567,3166.9636,19.737082,32680.357,5.6575453e-05,-0.62038755,-0.29540086
A10,1566.49,2.0,0.27587834000000727,4029.3074,2.5331845,0.014985108,-2896.256,3226.711,28.005053,30182.234,0.00031764418,-0.6126458,-0.24535619
A10,1570.781,2.0,0.259462512000001,3699.7417,-25.746988,0.015965298,-1825.1318,3221.5923,30.957907,27552.611,0.0030161038,-0.34878606,-0.097164735
A10,1575.072,2.0,0.252992116,3414.4724,-1.0844345,0.012902481,-1442.5873,3060.9785,29.990765,25383.033,0.0017522962,-0.13647018,0.13106203
A10,1579.3629999999998,1.0,0.23389360800000158,3031.5544,18.846802,-0.0031811267,-1799.6289,2750.6968,30.503017,22530.562,-0.013014694,0.03779163,0.33320168
A10,1583.654,1.0,0.24211000000000082,3044.4495,-140.353,0.009174915,-2360.6938,2411.3477,32.691795,22727.791,-0.00048205655,0.08642145,0.3055609
A10,1587.945,2.0,0.2661934799999993,3419.1875,-126.17995,0.0144400885,-2131.1675,2260.916,32.536285,25738.625,0.0035410358,0.14580263,0.1331443
A10,1592.2359999999999,2.0,0.24605896600000046,3694.9204,-103.87348,0.016538084,-1009.037,2260.0881,29.669104,27729.557,0.0034347768,0.11302761,0.05044106
A10,1596.527,1.0,0.2212501560000048,3861.7449,-78.3261,0.016702784,597.64954,2241.5906,28.95134,28704.957,0.0012700524,0.032499075,0.047989674
A10,1600.818,1.0,0.24674939000000096,3878.7188,-52.52432,0.017313778,1949.3064,2292.8323,30.057003,28485.111,0.00017466435,-0.028008971,0.07991876
A10,1605.109,1.0,0.24188275999999984,3857.967,-25.778685,0.018498968,2637.8865,2524.7678,30.553358,28119.947,0.00015724218,-0.053715806,0.14269546
A10,1609.3999999999999,2.0,0.24936301199999944,3741.3474,2.7977803,0.019929424,2714.3953,2792.943,31.062567,27084.326,0.0003953199,-0.06393279,0.22103436
A10,1613.6909999999998,2.0,0.23593530399999785,3591.2495,33.583958,0.022085126,2510.3716,2901.5488,31.932953,25624.299,0.0012877157,-0.056714196,0.3141737
A10,1617.982,2.0,0.2290318720000002,3411.4192,16.271605,0.022939408,2204.3362,2802.8552,31.079573,23995.525,0.0008853468,0.04923037,0.3981703
A10,1622.273,2.0,0.2399704560000002,3325.394,0.27891323,0.023687143,1770.7858,2594.7456,29.049292,23105.65,0.0004377256,0.18477957,0.40427643
A10,1626.5639999999999,1.0,0.24141665000000184,3410.3481,36.86987,0.024512814,954.6909,2408.6753,27.792236,23324.88,0.00013476048,0.20557949,0.3549378
A10,1630.855,1.0,0.25279120000000194,3525.9358,74.73628,0.026220491,-320.45706,2328.353,30.022718,23746.973,0.00079401827,0.042453017,0.4074263
A10,1635.146,1.0,0.2499842800000015,3555.6055,115.240654,0.02753805,-1748.6228,2357.5603,32.890266,23704.764,0.0011888506,-0.038122006,0.39624113
A10,1639.437,3.0,0.271674784,3485.8242,-47.933956,0.027786199,-2513.7117,2444.4275,31.53714,23042.621,0.00074676843,-0.06454635,0.3603035
A10,1643.7279999999998,1.0,0.23116612400000064,3475.1836,-56.439514,0.027822854,-2233.179,2547.0503,28.569118,22842.314,0.000442008,-0.068901435,0.33690253
A10,1648.019,1.0,0.2511168000000005,3576.7566,-64.88845,0.027727706,-805.0133,2639.9714,28.520702,23488.877,0.00037359263,-0.046022315,0.2993146
A10,1652.31,1.0,0.23644137800000062,3698.1926,-73.48437,0.026787253,1158.7146,2705.1292,30.23465,24304.896,-0.0002458299,-0.014601299,0.24149182
A10,1656.6009999999999,1.0,0.22906800800000005,3836.9023,-32.104492,0.026186803,2637.8865,2731.9622,29.375973,25433.225,-0.00029944544,0.017837422,0.18333772
A10,1660.8919999999998,3.0,0.2562982859999973,3996.4944,8.347835,0.02584157,2765.4011,2721.423,27.737871,26783.629,0.00012527211,0.06508116,0.11291967
A10,1665.183,3.0,0.2724687879999984,4067.898,48.266853,0.024718013,1388.2413,2688.515,28.880728,27263.889,-2.2787917e-05,0.11734132,0.051917825
A10,1669.474,1.0,0.2683035300000014,3977.4026,86.45025,0.022871718,-805.01324,2655.3303,31.366446,26602.738,-0.0008116332,0.14764473,0.004484892
A10,1673.7649999999999,1.0,0.25676703200000095,3750.5508,121.78156,0.021147076,-2437.203,2631.3865,31.018528,25057.182,-0.0016037599,0.17762825,-0.03008025
A10,1678.056,1.0,0.25327526600000194,3456.1309,-51.265564,0.020994157,-2768.741,2586.791,29.818817,23205.98,-0.0011010392,0.17192347,0.014141457
A10,1682.347,1.0,0.23544103199999689,3098.7102,-70.2632,0.02181028,-1850.6348,2455.5798,35.316174,20993.264,0.00030748986,0.12616971,0.0049875462
A10,1686.638,0.0,0.2428220239999999,2635.4731,-88.00013,0.02266501,-396.96597,2179.9106,44.38664,18018.629,0.0021830595,0.038323846,-0.04315179
A10,1690.9289999999999,0.0,0.28154320000000216,2077.8018,-52.988125,0.020909606,699.6613,1791.7092,44.27389,14362.502,0.0019888035,-0.09926081,-0.056282453
A10,1695.2199999999998,3.0,0.24909776199999942,1470.9883,-20.687803,0.012044318,725.16437,1443.7211,41.95233,10279.006,-0.005206647,-0.3217504,-0.029637542
A10,1699.511,0.0,0.23884374799999913,1286.4492,23.632063,0.010407061,-90.930405,1313.126,44.621223,8971.8955,-0.005676459,-0.12129324,-0.065425634
A10,1703.802,0.0,0.2518935499999999,1672.7052,39.70847,0.017473465,-1187.5577,1414.6028,45.661816,11583.109,0.0016397906,0.0755211,-0.31604126
A10,1708.0929999999998,0.0,0.24931261600000018,2371.989,-139.0135,0.018619781,-1774.1257,1616.3201,34.528484,16706.225,0.0021704924,0.2598553,-0.4078727
A10,1712.384,1.0,0.24580062000000485,3120.1133,-110.250404,0.018849295,-1366.0784,1924.276,23.54735,22345.889,0.001422607,0.2124895,-0.32814687
A10,1716.675,1.0,0.22700596800000034,3884.5974,-81.132774,0.018250601,113.09326,2417.8354,18.087433,28283.686,0.00015376996,0.19335757,-0.30986336
A10,1720.966,1.0,0.24776548400000004,4590.3965,-52.939976,0.018050825,2255.342,3081.3943,16.793049,34005.72,-0.00012869143,0.19703896,-0.28518382
A10,1725.257,1.0,0.2545917759999969,5238.763,-25.05578,0.018129649,4295.579,3745.3484,17.416086,39606.727,0.00020237557,0.16257565,-0.23303011
A10,1729.548,3.0,0.23570502000000101,5712.395,2.9501758,0.017301077,5341.2,4206.3774,17.499159,44084.88,-0.00029551217,0.08777026,-0.19334745
A10,1733.839,1.0,0.2648107999999994,6022.362,29.676188,0.016936334,5035.1646,4342.9136,16.072186,47673.496,-0.00031165918,0.00056586944,-0.15487759
A10,1738.1299999999999,1.0,0.27636517799999927,6228.089,55.838757,0.016717799,3428.478,4171.2886,13.993273,50653.543,-0.00016840461,-0.08815037,-0.10708863
A10,1742.4209999999998,3.0,0.2643172399999969,6295.489,81.66375,0.016489223,980.1939,3855.5215,12.273802,52663.94,-2.5273617e-05,-0.15357344,-0.0722565
A10,1746.712,3.0,0.2550788199999997,6178.23,107.135635,0.015980199,-1646.6111,3636.827,11.520408,51339.832,-0.00013418088,-0.17322257,-0.045739513
A10,1751.003,3.0,0.2288274759999998,5856.6055,131.82121,0.0153956115,-3610.339,3674.7844,11.924535,48227.473,-0.00019404235,-0.14870837,-0.03609528
A10,1755.2939999999999,1.0,0.2445323599999993,5430.021,104.17516,0.015318071,-4655.9604,3888.4946,13.561613,45206.62,0.0004715796,-0.08821702,-0.035895415
A10,1759.585,1.0,0.27731172800000403,4842.5674,-26.447811,0.01358139,-4655.9604,4014.654,15.288598,40736.29,-0.00032568251,-0.026441028,-0.04472971
A10,1763.876,1.0,0.24885173999999946,4150.5635,-159.75352,0.011696107,-3865.3684,3870.129,15.542673,35373.723,-0.0011143297,0.0024936881,-0.08864195
A10,1768.167,1.0,0.22570964399999974,3515.9202,-141.68587,0.010680295,-2743.2385,3441.133,14.399972,30337.783,-0.0010424858,-0.044966083,-0.12336908
A10,1772.458,1.0,0.25196622800000024,2986.226,-125.18736,0.011033328,-1697.617,2833.6687,14.003943,25822.494,-4.206784e-05,-0.19006947,-0.034737892
A10,1776.749,1.0,0.22160707999999962,2625.6472,-108.14352,0.007213123,-983.53406,2211.7905,16.256495,22522.314,-0.0039962986,-0.42265156,0.11561281
A10,1781.04,2.0,0.21723456999999924,2336.8657,-97.000984,0.012647784,-473.47482,1764.2316,21.633924,19823.402,0.00063831813,-0.9045533,0.35114184
A10,1785.331,2.0,0.271071588,2704.5999,-26.034618,0.016835226,-167.43929,1613.2281,29.50384,23203.814,0.0038332953,-0.6227357,0.21086243
A10,1789.6219999999998,2.0,0.2684674039999983,2997.9458,-102.885376,0.016010784,113.093315,1675.4379,36.06113,25813.959,0.002222623,-0.45014328,0.19512765
A10,1793.913,2.0,0.24007846400000318,3057.4648,-78.15255,0.012676418,444.6318,1790.8037,37.530987,26342.691,-0.0014876499,-0.3550385,0.18574627
A10,1798.204,2.0,0.22712214999999997,2962.8374,-58.57053,0.012405021,725.16437,1872.8485,40.944637,25487.162,-0.0016545731,-0.27406636,0.29498076
A10,1802.495,2.0,0.2682822039999998,2852.0923,-39.407753,0.01540117,1133.2117,1892.9629,42.60364,24555.271,0.001668904,-0.1882067,0.31244323
A10,1806.786,2.0,0.2587434279999978,2609.8032,-15.616645,0.013276198,1439.2472,1876.2122,42.575493,22391.994,-0.00022629958,-0.051688533,0.2734174
A10,1811.077,0.0,0.2622263519999991,2447.8179,-46.536674,0.012508725,1694.277,1871.6096,42.63922,21098.578,-0.00083754596,0.080035515,0.20729677
A10,1815.368,1.0,0.23656042800000002,2428.225,-27.213697,0.01376397,1745.2828,1909.7806,42.584137,21569.865,0.00088208675,0.060272694,0.122766666
A10,1819.6589999999999,0.0,0.2285645600000002,2329.0457,-5.9516687,0.012531048,1592.2649,1964.4979,41.124756,21645.975,0.0004380215,0.045263562,0.05425409
A10,1823.9499999999998,0.0,0.24880211599999882,2141.2031,13.405791,0.011892064,1439.2472,1985.7777,37.255524,20336.453,0.00037806242,-0.0069823945,0.04834199
A10,1828.241,1.0,0.2500391919999989,2112.5488,31.77617,0.0034583097,1592.2649,1973.362,33.54616,19621.084,-0.008175276,0.022290468,0.04281599
A10,1832.532,1.0,0.2575499320000007,2232.7937,11.404146,0.016242506,1821.7916,1950.7693,33.337574,20379.094,0.0037600244,0.10745195,0.13813785
A10,1836.8229999999999,1.0,0.2517059560000001,2452.6262,36.494915,0.015193408,1923.8036,1880.0466,35.75159,21892.252,0.0016188343,0.14602701,0.27245066
A10,1841.114,1.0,0.23647530999999616,2676.965,59.965088,0.020993229,1617.768,1733.637,36.573673,23335.207,0.0066634244,0.22101347,0.3803316
A10,1845.405,0.0,0.23930317599999879,2716.944,66.680305,0.011017425,750.6673,1575.421,34.822956,23024.104,-0.0032822727,0.26040918,0.15938306
A10,1849.696,0.0,0.24449704599999997,2736.7966,83.699585,0.011347662,-218.4452,1466.9099,35.635067,22618.154,-0.0021564113,0.15994371,0.13032821
A10,1853.987,0.0,0.2634317119999964,2752.6753,101.229,0.01226831,-1009.037,1439.2756,39.177,22211.613,-0.0004960588,0.04370829,0.20558286
A10,1858.278,3.0,0.2331378939999983,2681.518,120.18059,0.010368584,-1340.5754,1555.6691,36.67692,21518.889,-0.0023479597,-0.041405063,0.20696685
A10,1862.569,2.0,0.26515376000000107,2659.588,33.340416,0.014275094,-1315.0725,1817.0219,31.416353,21930.744,0.00085151277,-0.13141026,0.15634118
A10,1866.86,2.0,0.2675086399999999,2743.6406,55.392017,0.018353717,-1417.0844,2114.2947,30.27275,23136.379,0.0036607753,-0.23289807,0.05929906
A10,1871.1509999999998,2.0,0.3194239240000024,2754.998,83.744095,0.0124970805,-1850.6346,2349.263,32.018024,23874.404,-0.0037051507,-0.4370852,-0.04478717
A10,1875.442,2.0,0.2535595799999954,2885.787,103.04909,0.020500852,-2590.2205,2484.8062,31.922213,25621.156,0.0027282368,-0.6405818,-0.19426611
A10,1879.733,0.0,0.21729761599999975,3284.34,-70.99629,0.021005794,-2972.7651,2532.2163,28.78889,28447.438,0.0018305809,-0.47368458,-0.055531602
A10,1884.024,0.0,0.20455486,3566.416,-141.40453,0.021450987,-2564.7175,2494.656,26.307615,29757.771,0.0011458759,-0.33823368,0.003536565
A10,1888.315,0.0,0.21446219599999974,3678.4456,-108.2679,0.021201972,-1136.5519,2392.1907,27.02644,29367.393,0.0003591848,-0.19015394,0.05547299
A10,1892.606,0.0,0.208101714,3609.6423,-75.51594,0.021876084,776.1703,2291.2512,29.542994,27835.885,0.0014267449,-0.059835367,0.119302474
A10,1896.897,0.0,0.22269740799999982,3476.3647,-41.722645,0.021971622,2357.3538,2244.2683,32.920704,26022.654,0.0025481055,0.105314456,0.22902997
A10,1901.1879999999999,0.0,0.205719614,3187.9485,-7.7817616,0.010718554,2841.9102,2245.3083,39.035805,23179.09,-0.0074832886,0.32942694,0.13213237
A10,1905.4789999999998,0.0,0.21147329999999928,2857.8806,8.775834,0.018551376,2127.8274,2235.923,47.84499,20218.709,0.0016573615,0.39449686,0.06770001
A10,1909.77,0.0,0.20305877599999975,2639.4253,37.433258,0.016709698,852.67914,2156.6594,53.136932,18309.152,0.00081527664,0.30436093,-0.0075822556
A10,1914.061,0.0,0.21450956799999998,2369.741,63.24573,0.014616259,-116.4334,1999.5105,52.132088,16324.298,-0.0012395262,0.20960705,-0.049596105
A10,1918.3519999999999,0.0,0.20964157600000022,2176.3816,-17.032797,0.009119895,-269.4512,1814.6455,49.849636,15193.784,-0.0072094053,0.036843877,-0.016224692
A10,1922.643,0.0,0.2125858320000003,2127.7573,22.769535,0.024967864,189.60213,1666.4606,48.716267,15218.251,0.008429812,-0.08037468,-0.012862818
A10,1926.934,3.0,0.2688349500000011,2149.4346,9.910322,0.024801778,444.63174,1624.5686,46.088924,15416.005,0.008103599,-0.17207925,0.067850456
A10,1931.225,2.0,0.29230998399999997,2202.866,48.223114,0.0003158594,-116.433365,1760.933,41.363636,15433.608,-0.016836097,-0.32499298,0.12666686
A10,1935.516,2.0,0.2733733399999979,2565.8928,125.85389,0.022168027,-1468.0905,2031.924,38.513226,17780.654,0.0042126067,-0.3736132,0.11609459
A10,1939.8069999999998,2.0,0.2848252800000011,3129.1248,108.66961,0.022594426,-2896.256,2301.969,35.17046,22126.475,0.0034899486,-0.37262458,0.099824704
A10,1944.098,2.0,0.2687733019999998,3544.4927,-113.570274,0.022724565,-3329.8064,2449.6792,28.619532,25313.303,0.002092903,-0.20772001,0.073757544
A10,1948.3890000000001,2.0,0.25930675999999814,3772.4575,-129.89485,0.022860171,-2360.6938,2438.1138,22.762133,27073.1,0.00072256883,-0.088049516,0.047053542
A10,1952.6799999999998,1.0,0.25205195800000074,3732.9011,-94.58137,0.022770857,-320.45706,2298.5618,20.13264,26990.361,0.00024168157,-0.010344846,0.016345467
A10,1956.971,1.0,0.25690737200000335,3395.756,-59.40586,0.022899572,1617.768,2094.7336,18.827593,24842.03,0.0011432751,0.07103174,-0.03974853
A10,1961.262,1.0,0.24117656000000212,2820.074,-24.03152,0.023314347,2433.8628,1903.0583,18.770239,20865.447,0.0029558358,0.16362275,-0.076074906
A10,1965.5529999999999,0.0,0.2547676559999994,2040.9213,11.983557,0.0115110995,1898.3005,1759.2292,21.450838,15328.289,-0.007235687,0.27520582,-0.034314428
A10,1969.844,0.0,0.213908210000002,1286.5287,29.765444,0.018727893,725.16437,1619.1149,26.992823,9855.545,0.0010312458,0.51143825,-0.016238008
A10,1974.135,1.0,0.24436567200000553,1092.516,7.266973,0.010600174,62.087368,1457.2545,30.439001,8728.396,-0.0069561116,0.30049554,-0.072637595
A10,1978.426,1.0,0.2435820399999991,1288.214,-53.50116,0.024811313,215.10512,1361.1547,30.541956,10169.986,0.006673428,0.035629373,-0.16015188
A10,1982.717,1.0,0.2840040319999997,1836.5739,-40.887928,0.02133033,1158.7146,1419.5826,33.43404,14337.354,0.0025984533,-0.13224295,0.034875426
A10,1987.0079999999998,0.0,0.2651069400000027,2198.4907,-7.937682,0.018746378,1872.7975,1561.5287,39.81717,17205.186,0.00034369345,-0.1446928,0.22293203
A10,1991.299,1.0,0.24425169999999555,2355.093,21.020971,0.017133007,1974.8093,1651.8611,45.394173,18451.533,0.0002874891,-0.13333382,0.33849952
A10,1995.59,1.0,0.22933594999999962,2274.224,47.48736,0.0117101865,1439.2473,1624.2942,44.112907,17938.025,-0.0027740623,-0.114297114,0.44021624
A10,1999.8809999999999,0.0,0.23759961600000012,2093.5764,65.57678,0.009204709,776.1702,1488.4392,37.155567,16694.959,-0.0030794714,-0.10747944,0.39974323
A10,2004.172,1.0,0.2136926599999996,1981.4342,79.795845,0.007970424,266.11105,1312.55,27.453365,16015.944,-0.0031479935,-0.098247156,0.34252262
A10,2008.463,0.0,0.2158224279999983,2000.3447,92.10825,0.010545618,-14.421526,1238.3502,21.290714,16241.359,-0.0006661223,-0.14288929,0.2790656
A10,2012.754,0.0,0.23659875,2283.7063,108.3987,0.013413514,-498.97778,1398.0397,20.423334,18190.01,0.0010020031,-0.17881481,0.19653709
A10,2017.045,2.0,0.24674715999999675,2611.5867,129.11935,0.01598416,-1366.0784,1751.4723,23.370605,20383.082,0.0018046045,-0.16998403,0.10445905
A10,2021.336,2.0,0.21668320599999674,2938.1052,102.38246,0.01782075,-2386.1968,2123.1704,26.36488,22959.719,0.0019450603,-0.12486111,0.02983628
A10,2025.627,2.0,0.22648356399999692,3155.44,27.054104,0.018063944,-2972.7651,2363.5522,26.349154,24614.572,0.0009951125,-0.05798786,-0.014056853
A10,2029.9180000000001,2.0,0.2602304760000034,3325.289,-150.75572,0.018708533,-2819.7476,2410.6687,23.742868,25935.322,0.0010214498,-0.0077564376,-0.056767397
A10,2034.2089999999998,2.0,0.24074748000000218,3413.0583,-121.85552,0.017332073,-1825.1316,2320.6543,20.379293,26805.594,-0.00057137787,0.040736165,-0.103398256
A10,2038.5,2.0,0.2598714459999975,3437.3855,-95.08163,0.017530167,-345.96002,2259.7495,17.11477,27166.182,-0.0004336597,0.08898936,-0.13363369
A10,2042.791,2.0,0.27672767199999937,3601.3762,-68.00173,0.01835577,1337.2354,2376.0994,15.236107,28515.209,0.00026722692,0.14133188,-0.14353861
A10,2047.0819999999999,0.0,0.21417842799999937,3737.7065,-39.646477,0.017943894,2867.4128,2664.8118,15.940354,29447.959,-0.0004364895,0.18689264,-0.15673621
A10,2051.373,0.0,0.2260589039999989,3968.812,-11.927465,0.019369286,3811.023,2974.0054,18.015123,31000.744,0.00053991005,0.2014354,-0.16365102
A10,2055.6639999999998,1.0,0.25034244000000094,4263.548,17.993433,0.01959091,3836.5256,3137.805,17.792439,32973.91,0.0003051649,0.1968423,-0.16394846
A10,2059.955,1.0,0.2066840159999999,4528.1206,48.256687,0.020413103,2663.3892,3118.0789,14.65674,34718.227,0.0008716933,0.18589963,-0.1673287
A10,2064.246,0.0,0.2520419099999929,4778.501,79.79003,0.020340782,648.65546,3014.6028,12.267541,36490.668,0.00093381543,0.16794999,-0.18609516
A10,2068.537,0.0,0.26502438400000133,4817.606,111.211655,0.018752072,-1570.1022,2996.4792,12.136068,36869.098,2.7896629e-05,0.1488281,-0.21888743
A10,2072.828,1.0,0.2548098259999998,4738.47,140.17911,0.017498571,-3151.2856,3171.057,13.424272,36501.23,-2.3308967e-05,0.14200142,-0.25349694
A10,2077.1189999999997,2.0,0.2635228800000018,4555.0474,12.924493,0.014679379,-3890.8716,3449.746,15.98113,35417.62,-0.0014164874,0.12824723,-0.21164414
A10,2081.41,2.0,0.21837971399999984,4324.7866,-15.827977,0.012699337,-3916.3745,3623.457,20.104269,33991.535,-0.0021984072,0.085008755,-0.17230065
A10,2085.701,0.0,0.2646521279999998,4272.164,-99.06769,0.012419633,-3610.339,3547.5352,23.146261,33870.895,-0.0018776663,-0.011971303,-0.12191807
A10,2089.992,0.0,0.15881197400000338,4427.325,-131.3109,0.014630822,-2947.2622,3238.4104,21.358915,35280.82,0.00023813521,-0.11982294,-0.03023134
A10,2094.283,0.0,0.15876745200000003,4714.146,-108.70979,0.016033977,-1646.6111,2899.5066,17.912947,37748.656,0.0010565163,-0.19376387,0.080075875
A10,2098.574,0.0,0.15099562999999763,4931.277,-83.94115,0.016629135,291.614,2776.0183,15.945496,39737.625,0.0009989323,-0.22923446,0.1517223
A10,2102.865,0.0,0.1645036319999988,5038.647,-58.25312,0.017092628,2433.8628,2934.414,16.038599,41095.156,0.0011746577,-0.20190777,0.1781478
A10,2107.156,0.0,0.14697496000000237,4902.0557,-31.849112,0.015775425,4015.0464,3246.2266,17.073431,41173.44,0.00019957536,-0.17342708,0.19109699
A10,2111.447,0.0,0.14919972400000042,4525.666,-7.479866,0.014789722,4397.591,3483.2285,18.612244,39423.883,0.0002518331,-0.15891396,0.18191735
A10,2115.738,0.0,0.17078609599999817,3957.859,15.366706,0.012482732,3658.0051,3479.996,20.884722,35474.45,-0.0005870313,-0.114611454,0.15741642
A10,2120.029,0.0,0.1543769999999959,3342.2358,34.64953,0.009884993,2561.3774,3193.3926,21.352814,30482.857,-0.00190424,-0.059528317,0.15825827
A10,2124.3199999999997,0.0,0.17358618599999498,2869.5305,49.91947,0.006538556,1643.2709,2691.9924,19.02625,26050.611,-0.004737304,-0.047256537,0.049317222
A10,2128.611,0.0,0.16661805999999943,2682.363,60.019966,0.012048915,1005.6969,2129.819,17.18942,24286.777,0.0003635787,-0.09075502,0.055724006
A10,2132.902,0.0,0.13475934600000172,2793.3552,78.63265,0.015954142,419.12885,1684.8529,18.72989,25158.057,0.0033976971,-0.22283159,0.15130493
A10,2137.193,0.0,0.15747317599999985,2762.3909,103.27798,0.015954468,-345.96002,1456.0211,24.54085,24601.22,0.002791901,-0.23919085,0.23129511
A10,2141.484,0.0,0.1742105499999998,2556.6587,127.923805,0.014515889,-1060.0428,1393.5348,30.654287,22493.121,0.0015486361,-0.35460624,0.3017828
A10,2145.775,0.0,0.13905121200000167,2154.2205,47.490223,0.007980285,-1391.5814,1379.1819,34.50151,18708.793,-0.003743192,-0.3002688,0.35155627
A10,2150.066,0.0,0.1656979900000017,1659.7977,8.389276,0.010312519,-1213.0608,1363.6858,37.20983,14209.263,0.0002613322,-0.0967787,0.33514842
A10,2154.357,0.0,0.1353401039999964,1457.0232,-1.3946512,0.00723375,-907.0251,1379.5988,36.22733,12216.396,-0.0018467294,0.04426551,0.45981598
A10,2158.648,0.0,0.12627382200000187,1517.327,9.779768,0.0021152836,-856.0192,1473.6862,35.61271,12431.104,-0.007298253,0.25255433,0.43595323
A10,2162.939,0.0,0.13219387999999965,1899.8268,64.47594,0.015769085,-1340.5754,1649.0841,35.736916,15284.317,0.0047089946,0.24333453,0.43167338
A10,2167.23,0.0,0.14891650399999923,2396.733,-14.021749,0.016190764,-2029.1554,1840.5582,35.340755,18905.412,0.0026318375,0.20565112,0.4307745
A10,2171.5209999999997,0.0,0.1408538720000054,2694.9556,-40.43948,0.017504644,-2258.6821,1947.1237,33.047985,20777.488,0.0011967042,0.1620258,0.39342564
A10,2175.812,0.0,0.1618198420000002,2905.9688,-116.25616,0.02077348,-1723.12,1948.9922,29.50546,22019.324,0.0019833574,0.11705501,0.31944332
A10,2180.103,0.0,0.1331585719999944,3016.16,-84.166115,0.021592436,-473.47482,1907.4124,27.21954,22711.031,0.0008623266,0.10412645,0.24790682
A10,2184.3940000000002,0.0,0.13661458999998258,2930.7437,-50.810974,0.022720458,1056.7029,1884.3438,28.108932,22013.795,0.00032333375,0.11188132,0.16183431
A10,2188.685,0.0,0.1180040960000004,2836.8403,-15.713326,0.025165932,2127.827,1902.6455,28.75704,21239.877,0.00116837,0.14561197,0.05622237
A10,2192.976,0.0,0.1529690359999962,2695.826,23.162,0.026466748,2229.839,1935.9332,29.901169,20054.486,0.0011517521,0.23139246,-0.07097813
A10,2197.267,0.0,0.12501423599999711,2545.0273,64.046776,0.028158542,1286.2295,1952.324,32.464474,18400.87,0.002093259,0.40565464,-0.23448308
A10,2201.558,0.0,0.14716918399999887,2545.7922,56.116394,0.027672067,-192.94226,1961.1781,34.946167,17849.012,0.0016647273,0.53724396,-0.29949728
A10,2205.849,0.0,0.16220280000000936,2705.2673,47.43453,0.02476992,-1493.5931,2001.8488,38.88291,18653.016,-0.00037765483,0.4904792,-0.2165245
A10,2210.14,0.0,0.15423563400000123,2906.0815,34.269535,0.021708548,-2131.1672,2107.866,43.70718,19796.906,-0.0021144329,0.4644298,-0.118063316
A10,2214.431,0.0,0.14808963199999414,3107.115,-86.48168,0.02080069,-1901.6406,2263.3933,45.01406,20876.691,-0.0016884349,0.45411366,-0.024264064
A10,2218.7219999999998,0.0,0.1624819060000038,3351.0613,-54.34961,0.020768791,-1238.5636,2407.0703,40.069332,22513.053,-0.0006985807,0.4076471,0.030832699
A10,2223.013,0.0,0.1405406879999999,3680.3577,-73.69538,0.02103183,-447.9719,2503.9998,38.808086,24949.404,0.00024607623,0.34322613,0.044824533
A10,2227.304,0.0,0.12536640000000884,3969.4246,-41.20625,0.020537166,368.12286,2592.3274,37.313282,26881.646,0.00025767155,0.28631535,0.026809964
A10,2231.5950000000003,0.0,0.11631497599999414,4137.4976,-60.90983,0.019448739,1286.2295,2740.7107,37.437317,28129.285,-0.00041550345,0.25259322,0.0014320101
A10,2235.886,0.0,0.16744422399999934,4200.495,-30.8662,0.017863218,2229.839,2905.5183,38.66827,28681.277,-0.001768458,0.22325118,-0.03296331
A10,2240.177,0.0,0.16109079199999948,4200.636,-3.2718146,0.019359466,2943.9219,2977.4045,38.58059,28903.06,-0.0004024119,0.17514648,-0.023685727
A10,2244.468,0.0,0.12417983000000116,4104.666,26.633911,0.020725036,2765.4011,2910.0278,38.13879,28480.494,0.00024485314,0.08990884,0.05950703
A10,2248.759,0.0,0.15704098000000072,3757.5637,58.649117,0.02180576,1541.2589,2726.6047,38.22056,26335.355,0.0006470016,-0.010588919,0.1496955
A10,2253.05,0.0,0.16620284599999777,3259.7786,92.333786,0.023444608,-14.421492,2433.82,37.160618,23109.879,0.0027700146,-0.12661825,0.28703588
A10,2257.341,0.0,0.16740314400000023,2557.7175,128.55008,0.029137086,-1034.5399,2060.56,35.744774,18308.455,0.010214931,-0.2761782,0.31231615
A10,2261.632,0.0,0.13173717200000043,1799.6376,-32.1544,0.0014409886,-958.0311,1693.5615,36.45531,13048.743,-0.015449756,-0.526843,0.34464025
A10,2265.923,0.0,0.14077962799999788,1526.2585,-4.214133,0.009141301,-65.42744,1436.1555,38.58453,11347.755,-0.0066493773,-0.36247665,0.32059404
A10,2270.214,0.0,0.16087188000000213,1700.6476,35.621265,0.0180701,597.64954,1356.5292,36.449776,12539.653,0.0019304055,-0.029391084,0.06721163
A10,2274.505,0.0,0.1341681999999987,2203.3572,63.53524,0.025755104,342.6199,1491.3793,31.755491,16449.734,0.0081303585,0.029915197,-0.06310916
A10,2278.796,0.0,0.1577081039999985,2717.1272,103.32068,0.0214617,-907.0252,1784.331,29.306398,20506.14,0.0022908566,0.09645588,-0.11681642
A10,2283.087,0.0,0.15438147200000052,3003.946,85.04529,0.018738413,-2233.1792,2108.8809,30.805948,22892.771,-0.00064171234,0.12980853,-0.14664033
A10,2287.3779999999997,0.0,0.17090274000000322,3230.2583,113.991646,0.018032068,-2998.2678,2349.1304,34.207584,24834.215,-3.5991736e-05,0.13927926,-0.13499212
A10,2291.669,0.0,0.15413424,3156.8542,-115.296,0.01259584,-2794.2444,2433.8965,34.596684,24474.88,-0.0036558318,0.14049236,-0.1476806
A10,2295.96,0.0,0.190757368,3017.98,-95.83845,0.01404112,-2054.6584,2349.5806,33.553463,23811.129,-0.00078628457,0.0858529,-0.16779235
A10,2300.251,0.0,0.14578502800000523,2996.846,-74.14829,0.013205526,-1213.0607,2141.4556,32.44178,24173.975,-0.0009688425,0.02173836,-0.2138149
A10,2304.542,0.0,0.1792690460000007,2950.1584,-53.74892,0.012883371,-473.47482,1936.6031,30.454021,24170.047,-0.0013253918,-0.10995466,-0.32703766
A10,2308.833,0.0,0.15156060799999801,3142.02,-59.56149,0.016118195,240.608,1868.6514,29.841948,25449.676,0.0014516528,-0.26821512,-0.33421227
A10,2313.124,0.0,0.14007446000000018,3312.5022,-34.662746,0.01665399,1031.1998,1960.2877,31.696655,26745.775,0.0014662463,-0.3105399,-0.16849634
A10,2317.415,0.0,0.12418793200000094,3341.159,-60.364902,0.01558459,1745.2828,2109.1255,33.860577,27260.404,6.869605e-05,-0.32794935,-0.093164645
A10,2321.706,1.0,0.1538814240000044,3091.5667,-36.290455,0.015077027,2051.318,2204.9426,35.31685,25716.61,-9.4739946e-05,-0.2987053,-0.033193927
A10,2325.997,0.0,0.14307374400000072,2770.2893,-13.000064,0.01608615,1923.8036,2210.136,36.307228,24310.262,0.0023084974,-0.20605193,0.017426457
A10,2330.288,0.0,0.13235419199999945,2304.4124,11.849176,0.01405718,1592.2649,2121.6853,36.27752,21225.682,0.002172398,-0.070424795,-0.05016899
A10,2334.5789999999997,0.0,0.1397003000000044,1903.6945,33.564144,5.1129875e-05,1337.2354,1957.0304,37.02225,18523.91,-0.010395126,0.1412441,-0.17559896
A10,2338.87,0.0,0.13864548999999984,1956.4576,7.928841,0.00647128,1413.7443,1781.6398,37.571312,19390.36,-0.003721533,0.15735663,-0.32546106
A10,2343.161,0.0,0.1356170640000034,2234.7014,17.925415,0.01572864,1541.2592,1682.1256,35.59071,22399.91,0.004377753,0.110626936,-0.3733082
A10,2347.452,0.0,0.14446276999999072,2708.5295,42.222385,0.015866073,1362.7383,1705.7871,34.315224,28216.168,0.0025465623,0.09150638,-0.3691389
A10,2351.743,0.0,0.17284518800000093,2881.1716,66.73166,0.019123236,597.64954,1794.8839,34.727097,29823.387,0.004466596,0.009674175,-0.41648754
A10,2356.034,0.0,0.1432192900000002,3142.8772,96.27248,0.017264018,-524.4808,1866.0056,35.469025,33551.16,0.0033109824,0.00018106189,-0.32027167
A10,2360.325,0.0,0.14352980800000356,2746.695,122.94123,0.01112449,-1442.5873,1853.8263,34.902687,30908.4,-4.6686935e-05,-0.05639032,-0.37306857
A10,2364.616,0.0,0.14706055200000293,3498.8833,-14.159813,0.0,-1672.114,1722.6289,33.929974,42113.492,-0.007443177,-0.026826892,-0.03832235
A15,1394.85,NA,NA,3290.715,-75.47754,0.025871523,-2270.0166,1532.8112,23.030346,26183.719,0.011791469,0.08837334,0.2952594
A15,1399.1409999999998,NA,NA,3548.857,-55.512245,0.030653523,308.616,1940.1584,26.248049,27452.564,0.010108186,0.18767837,0.16101472
A15,1403.432,NA,NA,3323.8677,-8.159911,0.028121153,2431.029,2217.695,24.826612,25157.975,0.0023368348,0.2514807,0.15331694
A15,1407.723,NA,NA,3281.3577,-4.7194805,0.03128551,2728.5635,2349.644,23.972565,23944.17,0.0024374297,0.37180042,0.09763498
A15,1412.014,NA,NA,3251.4167,43.609127,0.030912973,1121.8771,2368.171,26.406515,22819.053,0.0011692841,0.36174121,0.04443362
A15,1416.3049999999998,NA,NA,3117.895,91.36225,0.02895213,-1099.7142,2308.5405,28.673197,21114.129,-0.00046080805,0.291887,0.012336254
A15,1420.596,NA,NA,3134.931,16.086342,0.028846081,-2389.0305,2191.5596,29.607327,20604.43,0.00026411584,0.1611152,-0.0073474515
A15,1424.887,NA,NA,3068.4885,-99.35339,0.026573151,-2111.3315,2068.5554,27.677921,19771.367,-0.0008390597,0.07641729,0.030760607
A15,1429.1779999999999,NA,NA,2854.2449,-98.304245,0.025777768,-643.4946,1979.0751,31.437584,17976.244,-1.8598079e-05,0.0519095,0.12066153
A15,1433.4689999999998,NA,NA,2646.1257,-58.483784,0.022073852,923.52075,1873.1532,36.82751,16280.59,-0.0017317673,0.07438061,0.16015506
A15,1437.76,NA,NA,2243.503,-4.384981,0.025704026,1736.7817,1712.7323,37.786106,13553.331,0.0038171927,0.12569782,0.146726
A15,1442.051,NA,NA,1836.4032,-4.6784296,0.007887092,1459.0829,1528.532,43.192528,11381.395,-0.01266776,0.04381029,-0.029400004
A15,1446.3419999999999,NA,NA,1502.0897,27.505236,0.025172882,784.6712,1356.4982,49.56242,9663.96,0.0051244367,0.07441468,-0.028944917
A15,1450.6329999999998,NA,NA,1238.7815,-13.608701,0.018382495,209.4378,1203.0879,49.95828,8304.699,-0.0016516787,-0.053159766,0.054921202
A15,1454.924,NA,NA,1114.5831,-5.2121634,0.026749948,90.42399,1094.4323,44.66259,7782.533,0.0066973,-0.16704096,0.1433487
A15,1459.215,NA,NA,1145.5659,-3.8899128,0.016257603,387.9586,1078.2869,41.8178,8183.671,-0.0034750712,-0.20105192,0.12108093
A15,1463.5059999999999,NA,NA,1366.9175,-38.775818,0.017219422,943.3563,1169.3436,40.621624,9877.513,-0.0016141867,-0.20202525,0.13228361
A15,1467.797,NA,NA,1694.1769,-12.1759405,0.017202502,1459.0828,1317.3881,37.179985,12526.729,-0.000504177,-0.22244734,0.124257535
A15,1472.088,NA,NA,1940.1783,14.397797,0.016702149,1617.7681,1417.814,33.26794,14799.621,-1.744556e-05,-0.192678,0.09773885
A15,1476.379,NA,NA,2024.4127,40.19861,0.016058944,1300.3978,1413.6387,33.518585,15991.861,0.00049088325,-0.18299668,0.064532965
A15,1480.6699999999998,NA,NA,1997.8967,65.00582,0.014860224,784.67126,1305.4304,33.65365,16482.664,0.00093535334,-0.16472799,-0.0042068427
A15,1484.961,NA,NA,1822.4447,87.9613,0.01206054,189.60217,1128.0514,32.495193,15691.186,0.00015384331,-0.09268408,-0.12229093
A15,1489.252,NA,NA,1508.8953,66.591934,0.0020212785,-187.27495,937.77747,33.065205,13454.527,-0.008018,0.022216532,-0.3688968
A15,1493.543,NA,NA,1335.5249,89.714325,0.009796459,-207.1106,825.11395,34.85689,11970.215,0.00083301024,0.059449248,-0.23684417
A15,1497.8339999999998,NA,NA,1466.5969,104.8475,0.00812177,-266.61746,869.73285,36.206543,12619.799,-0.00083319115,0.031228729,0.016268305
A15,1502.125,NA,NA,1662.6388,117.39371,0.009252818,-703.0015,1032.8287,37.31487,14052.441,-0.00030157622,-0.0067201722,0.13656569
A15,1506.416,NA,NA,1923.5848,131.68707,0.016207596,-1337.7418,1210.997,40.586777,16078.875,0.0059758434,-0.018577285,0.1606146
A15,1510.7069999999999,NA,NA,1970.6808,-3.276079,0.0089401435,-1635.2765,1373.873,40.909565,16322.335,-0.001695083,-0.04857135,0.1917786
A15,1514.9979999999998,NA,NA,1837.3179,50.534294,0.005994657,-1317.9062,1538.7426,36.58284,15072.295,-0.0050631524,-0.065168485,0.2947027
A15,1519.289,NA,NA,1851.4017,99.79461,0.015326036,-881.5222,1712.1393,33.449444,15403.84,0.0031964341,0.02207009,0.14379303
A15,1523.58,NA,NA,2086.3738,83.46965,0.010253536,-1000.536,1869.885,33.875584,17711.559,-0.0037073654,0.02792602,-0.03063043
A15,1527.8709999999999,NA,NA,2479.1577,-40.691097,0.022361808,-1734.4546,1988.1018,35.31441,21049.896,0.0060841376,-0.0002716912,-0.093878984
A15,1532.1619999999998,NA,NA,2902.3662,-86.14747,0.021301763,-2230.3455,2048.3848,34.28355,24265.328,0.0029698955,0.0073582595,-0.12672581
A15,1536.453,NA,NA,3214.8184,-93.24135,0.020151593,-1833.6326,2044.3069,30.064436,26086.92,0.000692466,-0.0062828064,-0.1391188
A15,1540.744,NA,NA,3427.8557,-102.11197,0.019644804,-603.82324,2024.7858,26.37945,26918.389,-2.8095337e-05,-0.033696227,-0.1371697
A15,1545.0349999999999,NA,NA,3550.527,-71.76547,0.018740786,923.52075,2100.1694,24.264482,27134.205,-0.00052190427,-0.065156356,-0.1302963
A15,1549.326,NA,NA,3567.3955,-42.815456,0.01782535,2212.837,2322.461,23.205187,26500.4,-0.00091491215,-0.10335914,-0.10390523
A15,1553.617,NA,NA,3596.0852,-15.279568,0.017917424,2946.7556,2594.4912,25.454268,26149.115,-0.0006299346,-0.12429757,-0.09352824
A15,1557.908,NA,NA,3688.1675,12.398552,0.018388271,3065.7693,2778.4316,27.600183,26359.523,-0.00036108668,-0.14064428,-0.120728284
A15,1562.1989999999998,NA,NA,3836.872,40.80402,0.019494275,2589.714,2834.5598,24.321785,26879.248,0.00014810215,-0.16936895,-0.17596422
A15,1566.49,NA,NA,4023.6826,70.918,0.020710832,1399.576,2859.855,20.993336,27757.936,0.0004666536,-0.19613555,-0.21519297
A15,1570.781,NA,NA,4223.872,102.91126,0.02199554,-524.4807,2952.099,21.225681,28969.44,0.0007284047,-0.20471962,-0.19478138
A15,1575.072,NA,NA,4399.6543,136.88908,0.023090312,-2607.2227,3079.7837,22.861916,30293.973,0.00084608165,-0.18055902,-0.1423344
A15,1579.3629999999998,NA,NA,4530.4736,-27.441914,0.023847137,-3876.7031,3160.861,22.66288,31407.674,0.0007632327,-0.12088278,-0.07103565
A15,1583.654,NA,NA,4605.943,-110.60381,0.023922978,-3460.155,3163.0225,21.400927,31911.473,0.00016416192,-0.042798415,-0.0006871753
A15,1587.945,NA,NA,4637.812,-113.64855,0.024485316,-1496.4269,3132.6028,21.126,32106.398,0.00023939228,0.02773375,0.058576956
A15,1592.2359999999999,NA,NA,4665.4136,-75.824615,0.025322773,1181.384,3148.9583,21.567009,32222.742,0.0008423858,0.085038,0.119910106
A15,1596.527,NA,NA,4554.5913,-36.707012,0.0250457,3363.3037,3226.141,20.216871,31241.951,0.0006874067,0.13130175,0.20285746
A15,1600.818,NA,NA,4376.761,1.9825829,0.02409855,4037.7153,3293.5322,18.683252,29645.92,0.00025934575,0.1640063,0.25304365
A15,1605.109,NA,NA,4225.909,39.20906,0.022380147,3283.9614,3246.6277,19.366713,28250.361,-0.0005793012,0.17985879,0.2056975
A15,1609.3999999999999,NA,NA,3941.7761,73.78102,0.02054938,1677.2749,3014.4448,20.191053,26082.586,-0.0014212698,0.1961178,0.18827455
A15,1613.6909999999998,NA,NA,3616.0742,105.52487,0.020783054,90.42392,2624.1438,18.226276,23731.164,-0.0005399064,0.23155087,0.1807313
A15,1617.982,NA,NA,3212.0786,57.629715,0.018208243,-1119.5499,2236.557,18.203661,20941.207,-0.0030895555,0.2891389,0.10952894
A15,1622.273,NA,NA,2853.865,105.75708,0.023406086,-1774.1259,2010.7955,22.017744,18517.973,0.0015086228,0.2806241,0.017096017
A15,1626.5639999999999,NA,NA,2667.5864,101.91386,0.02452051,-2071.6604,1947.1107,25.842934,17327.354,0.0015574449,0.17097034,0.11850177
A15,1630.855,NA,NA,2408.4873,-60.207832,0.024455171,-1655.1119,1942.0603,27.645807,15684.988,0.00040896935,0.0746292,0.112686604
A15,1635.146,NA,NA,2179.1892,-102.43046,0.025548667,-663.33026,1917.2823,28.217327,14311.7705,0.0007656637,2.6517444e-05,0.090066165
A15,1639.437,NA,NA,2122.3738,-62.96391,0.028277464,744.99994,1834.936,27.92181,14101.771,0.003103458,-0.066181794,0.005399307
A15,1643.7279999999998,NA,NA,2209.0696,-19.28201,0.02013231,1756.6174,1731.047,25.758966,14678.116,-0.0051880553,-0.19452769,-0.16097964
A15,1648.019,NA,NA,2501.4639,31.81758,0.0282961,1677.2749,1743.4374,22.367691,16561.07,0.0030163461,-0.134897,-0.27511045
A15,1652.31,NA,NA,2948.8516,75.52826,0.026319508,328.4516,1959.7229,21.12361,19506.877,0.0013209069,-0.3521825,-0.2847966
A15,1656.6009999999999,NA,NA,3317.8887,116.18558,0.023601105,-1694.7831,2260.8855,22.157337,21885.22,-0.00090404623,-0.05757888,-0.28917497
A15,1660.8919999999998,NA,NA,3614.0605,112.64362,0.022866108,-3182.456,2485.8374,23.338783,23667.227,-0.0010942748,0.036627293,-0.2811304
A15,1665.183,NA,NA,3768.9375,-12.033735,0.022269001,-3261.7983,2594.8755,24.202124,24415.38,-0.0013477881,0.09841946,-0.26413858
A15,1669.474,NA,NA,3691.0981,-97.63347,0.022732235,-1754.29,2609.2603,25.91071,23821.4,-0.0010047839,0.12430363,-0.24153954
A15,1673.7649999999999,NA,NA,3491.2483,-62.51762,0.024582203,308.616,2516.0713,26.851324,22665.875,0.000563632,0.124006644,-0.21029836
A15,1678.056,NA,NA,3148.7305,-24.544024,0.029151283,1697.1106,2330.2822,25.125175,20636.975,0.005215885,0.12462054,-0.19145001
A15,1682.347,NA,NA,2726.4119,-39.51229,0.023177568,1617.7681,2153.1914,24.773918,18106.922,-0.0002137824,0.12901834,-0.23303741
A15,1686.638,NA,NA,2513.8506,36.29149,0.015778042,249.10905,2091.1267,28.629402,17110.72,-0.0067072725,-0.014470683,-0.3186021
A15,1690.9289999999999,NA,NA,2716.5696,40.66478,0.023669116,-1436.9199,2116.1562,32.25459,18878.846,0.0022114431,0.02337469,-0.27115843
A15,1695.2199999999998,NA,NA,3204.4902,-42.77212,0.02105575,-2508.0447,2179.8066,30.906124,22668.055,0.0005240226,0.08703831,-0.18205081
A15,1699.511,NA,NA,3754.2205,-90.24603,0.01942245,-2270.0166,2317.5208,24.662659,27074.273,-0.00030758674,0.082638584,-0.12695426
A15,1703.802,NA,NA,4311.3965,-100.24301,0.018651325,-841.85095,2575.805,18.130302,31753.865,-0.00015547745,0.046735764,-0.08550739
A15,1708.0929999999998,NA,NA,4739.914,-71.43119,0.01644262,1221.0552,2950.827,14.103806,35652.11,-0.0011561685,0.0025990803,-0.058507707
A15,1712.384,NA,NA,5007.283,-46.031292,0.015072377,3065.7695,3446.8567,13.297436,38476.508,-0.0013682534,-0.03468773,-0.04204199
A15,1716.675,NA,NA,5333.0654,-22.748089,0.0147753805,4454.2637,4000.5808,14.548593,41705.64,-0.00087902456,-0.04207606,-0.03554344
A15,1720.966,NA,NA,5638.777,0.07633039,0.014655569,5208.0176,4425.7466,16.505577,44710.25,-0.0006075798,-0.014074008,-0.03197188
A15,1725.257,NA,NA,5996.538,22.715668,0.015428841,5168.3467,4557.713,17.892126,47073.89,0.00019863789,0.04886977,-0.030737877
A15,1729.548,NA,NA,6339.545,46.549522,0.015561465,4117.0576,4401.7246,16.728294,49092.766,0.00014173303,0.1175002,-0.029794374
A15,1733.839,NA,NA,6601.299,70.58825,0.015897496,2113.659,4142.6416,14.264509,51151.297,0.00023834348,0.16546999,-0.031356707
A15,1738.1299999999999,NA,NA,6800.7217,95.14607,0.016127838,-603.8233,3987.5325,13.418537,53017.89,0.00032343098,0.17249542,-0.027887132
A15,1742.4209999999998,NA,NA,6795.8135,120.05971,0.01612753,-3281.6343,4064.356,14.853228,53108.55,0.00037868987,0.15303463,-0.016441874
A15,1746.712,NA,NA,6584.998,104.97287,0.015738802,-4987.4985,4354.5615,17.735853,51322.27,0.00027165373,0.12063752,-0.00817638
A15,1751.003,NA,NA,6172.092,9.28554,0.014544095,-5364.3765,4648.511,20.731468,47739.984,-0.0004908449,0.087133616,-0.0020847851
A15,1755.2939999999999,NA,NA,5704.364,-8.247325,0.013815317,-4769.3066,4706.7725,22.607609,43572.812,-0.0008087277,0.052122645,-0.0019300249
A15,1759.585,NA,NA,5305.3813,-66.905975,0.013641999,-3777.5251,4428.967,23.087793,39762.754,-0.0008091422,0.019859208,-0.0016500155
A15,1763.876,NA,NA,4990.6826,-125.83236,0.014280528,-2547.7158,3902.095,22.216467,36520.195,-0.0003997371,-0.005270799,0.0036412345
A15,1768.167,NA,NA,4801.648,-103.77237,0.015540181,-1099.7142,3374.2346,20.673574,34265.42,0.00018811459,-0.031718943,0.0039750207
A15,1772.458,NA,NA,4638.5176,-79.766525,0.016857948,645.82184,3062.2014,20.632225,32417.852,0.00045342883,-0.07067651,0.021133687
A15,1776.749,NA,NA,4406.999,-53.72504,0.018365461,2292.1794,2920.4185,23.789381,30357.508,0.0005832649,-0.14466831,0.041555855
A15,1781.04,NA,NA,4022.1719,-25.35481,0.019577835,3125.2764,2814.725,29.084433,27436.52,0.00011241832,-0.33317268,0.07500076
A15,1785.331,NA,NA,3535.0146,4.8882422,0.021995017,2728.5635,2667.8352,33.572464,23902.143,0.0005629504,-0.20256472,0.12504543
A15,1789.6219999999998,NA,NA,3012.3674,38.86526,0.025099492,1478.9185,2434.5325,34.03502,20180.336,0.0017303688,-0.12588684,0.1999167
A15,1793.913,NA,NA,2419.9302,77.637955,0.02730126,50.75273,2094.671,30.011387,16053.183,0.002274142,-0.08127782,0.26597148
A15,1798.204,NA,NA,1910.5404,39.811848,0.029603316,-623.65894,1706.0813,26.657478,12588.969,0.0030648233,-0.05685486,0.14549851
A15,1802.495,NA,NA,1530.9524,5.5418625,0.021677189,-445.13818,1379.1996,27.704277,10049.615,-0.006329068,-0.009250905,0.024559895
A15,1806.786,NA,NA,1299.524,-60.97208,0.033413805,50.752712,1166.9358,37.667046,8444.425,0.0038927097,-0.01751534,-0.06261608
A15,1811.077,0.0,0.19060894879999976,1161.4546,-9.355769,0.03392314,328.45163,1019.35144,53.417458,7433.7153,0.0031338471,-0.040379073,-0.09058131
A15,1815.368,0.0,0.19633943939999854,1037.6981,3.0473454,0.03246759,288.78036,897.547,53.976425,6571.642,0.0012788492,-0.02837597,-0.1153068
A15,1819.6589999999999,0.0,0.18276030720000044,988.6069,13.201981,0.035384182,229.2734,850.80804,48.12532,6177.6426,0.0048681963,-0.045864265,-0.087253146
A15,1823.9499999999998,1.0,0.1831858077999993,1054.3867,7.8620505,0.022156728,427.62976,908.7105,50.353947,6466.289,-0.0069043254,-0.112045184,-0.021256527
A15,1828.241,2.0,0.1906714265999987,1292.4219,42.088882,0.023833452,546.6437,1075.8607,40.90838,7819.619,-0.003758863,-0.18973511,0.051823564
A15,1832.532,0.0,0.17453542700000052,1804.8285,38.90584,0.027931008,229.27344,1384.872,38.884037,10886.41,0.0011986952,-0.1934558,0.094792895
A15,1836.8229999999999,0.0,0.1934118379999989,2485.6123,82.05256,0.028020713,-762.50836,1778.0691,42.562405,14975.0625,0.0015438623,-0.16170157,0.09115055
A15,1841.114,1.0,0.1836874166000003,3186.744,45.337822,0.026629455,-2012.1534,2171.795,43.191044,19233.102,8.922155e-05,-0.070011616,0.029537784
A15,1845.405,0.0,0.18268670039999999,3855.5972,-33.526062,0.025972731,-2448.5376,2542.7725,39.059273,23331.13,-0.00046280105,-0.01913227,0.009964387
A15,1849.696,0.0,0.1892388591999995,4513.587,-73.40443,0.02572261,-1377.4131,2910.0776,37.90348,27533.697,-0.00030933358,0.016894976,-0.0002934668
A15,1853.987,3.0,0.19162930559999986,5015.504,-73.66917,0.02507969,923.52075,3258.458,39.26203,31051.354,-0.00057031756,0.04266262,-0.019860268
A15,1858.278,1.0,0.2049429881999992,5319.094,-34.927063,0.025181226,3204.619,3526.8682,40.3705,33395.285,-0.00030349425,0.048379105,-0.03464439
A15,1862.569,2.0,0.20034377720000043,5421.0444,3.9718912,0.025443163,4077.3872,3669.79,40.533646,34477.46,-0.00014732376,0.05006732,-0.044067223
A15,1866.86,2.0,0.19202742939999826,5229.7705,43.27547,0.025613291,2926.9202,3671.816,40.706497,33546.85,-0.0003793757,0.042332545,-0.059691958
A15,1871.1509999999998,1.0,0.189523815,4818.9307,82.84186,0.026777707,586.31476,3515.3025,40.544945,30872.004,7.620108e-05,0.028708564,-0.0625595
A15,1875.442,2.0,0.19451688960000055,4274.9785,124.20699,0.02829155,-1655.1119,3202.7676,39.11658,27323.201,0.0009123925,0.010356639,-0.03919612
A15,1879.733,2.0,0.21590592419999796,3649.1003,-32.08935,0.029238041,-2349.3591,2823.6313,38.060287,23570.012,0.0016618882,-0.035358325,0.014541811
A15,1884.024,2.0,0.22035221280000236,3107.636,-26.923601,0.030997528,-1218.728,2521.3267,37.96337,20531.14,0.003858081,-0.09558603,0.12045392
A15,1888.315,1.0,0.1868126982,2835.8328,-59.03985,0.020460477,804.50684,2373.6248,37.453476,19131.541,-0.0056247283,-0.037514422,0.29505336
A15,1892.606,2.0,0.19846112460000045,3029.2488,-7.433332,0.025248742,2470.7002,2367.7012,34.453907,20730.408,0.000629811,0.03406575,0.41061342
A15,1896.897,1.0,0.19347987059999958,3468.6318,31.569916,0.022670832,2788.0703,2401.2102,33.27368,24057.848,-0.00035745619,0.09273905,0.43532673
A15,1901.1879999999999,2.0,0.1858903374000025,3804.7683,66.59091,0.02071465,1597.9324,2401.355,28.84293,26838.93,-0.00080637087,0.12865755,0.3653014
A15,1905.4789999999998,2.0,0.17631565120000245,3929.8728,98.59007,0.019270891,-266.6175,2367.6724,25.98478,28276.592,-0.0008601123,0.14019336,0.29665178
A15,1909.77,3.0,0.15782920280000035,3829.4324,88.35898,0.017793415,-1912.9752,2341.7097,25.372475,28068.951,-0.0006959529,0.120292455,0.2701887
A15,1914.061,1.0,0.1569903033999995,3514.7231,115.84553,0.016635701,-2666.7295,2378.1892,24.533192,26203.262,0.00034986855,0.092977844,0.2776462
A15,1918.3519999999999,3.0,0.15860210520000037,3070.1072,61.5437,0.015066464,-2587.387,2446.2976,24.074772,23294.438,0.001278455,0.05773494,0.31802225
A15,1922.643,3.0,0.1799465339999993,2587.322,-35.18223,0.005958646,-2151.003,2452.602,24.278023,20047.031,-0.005641797,0.037579164,0.36961105
A15,1926.934,2.0,0.18731786399999906,2299.774,14.022446,0.0040138504,-1833.6326,2379.8599,23.84764,18225.268,-0.006253339,0.091990896,0.4015541
A15,1931.225,2.0,0.19372089860000127,2432.6514,20.222883,0.0123264175,-1774.1259,2286.244,23.363115,19526.307,0.0024674023,0.023669614,0.2798699
A15,1935.516,2.0,0.19450553399999998,2715.254,-0.7357559,0.013888534,-1873.3041,2189.8296,24.453316,22064.836,0.0038699333,-0.054113097,0.1776403
A15,1939.8069999999998,0.0,0.18585946040000187,2854.8408,-59.281303,0.0110498695,-1853.4683,2061.8127,27.08328,23557.635,0.0007395112,-0.121612206,0.053748794
A15,1944.098,2.0,0.18423587500000113,2883.662,-122.211914,0.007659466,-1595.6052,1891.7924,28.116531,24052.883,-0.0027888524,-0.21824466,-0.020279594
A15,1948.3890000000001,2.0,0.1970008499999993,2975.429,-110.379875,0.008312017,-1139.3854,1732.1333,25.592146,25387.076,-0.0022615632,-0.27075487,-0.038724635
A15,1952.6799999999998,3.0,0.19171702940000176,3271.8748,-97.539795,0.012233116,-425.3026,1703.0542,22.939728,28713.816,0.0010435176,-0.24062927,-0.03750356
A15,1956.971,2.0,0.19471432240000064,3616.8198,-78.64257,0.01371968,625.9862,1891.8273,21.667463,31961.834,0.0012462232,-0.1809879,-0.034280248
A15,1961.262,2.0,0.19129317280000097,3898.9023,-57.44896,0.015216817,1855.7955,2282.1064,21.90681,34457.043,0.0010934663,-0.10872051,-0.05619897
A15,1965.5529999999999,2.0,0.18502982360000134,4111.416,-33.94263,0.016377414,3026.0984,2746.4893,22.964394,36657.016,0.0005909995,-0.042453952,-0.17115137
A15,1969.844,2.0,0.19223414680000006,4165.3433,-8.643455,0.017863693,3700.5095,3090.1208,23.72465,36772.023,0.00057595596,-0.0037828817,-0.23553607
A15,1974.135,1.0,0.18514676819999928,4052.302,18.951662,0.019850515,3581.496,3188.842,24.49368,35061.05,0.0013057055,0.01980702,-0.28998715
A15,1978.426,2.0,0.1899218884000006,3706.635,49.615944,0.021211607,2569.8784,3017.642,25.642776,31488.938,0.0017172429,0.102752686,-0.31721458
A15,1982.717,2.0,0.1924927196000002,3216.7812,42.38279,0.020704225,1161.5483,2642.1216,26.11721,26863.64,0.0011771059,0.08777404,-0.21607226
A15,1987.0079999999998,2.0,0.1841845975999983,2630.244,74.365845,0.01911717,11.081428,2175.4119,26.78218,21500.639,0.0009917693,0.046650358,-0.1313769
A15,1991.299,2.0,0.18763623640000093,2064.8857,63.897285,0.021621369,-365.79562,1725.7583,29.636322,16312.005,0.005882864,0.004904005,-0.02080406
A15,1995.59,0.0,0.14977226840000055,1578.6401,37.29711,-0.0020150442,-68.26108,1413.2808,35.628593,12065.603,-0.015322245,0.0151958205,0.12831828
A15,1999.8809999999999,0.0,0.13603949399999216,1460.7937,-5.815651,0.011626929,645.8218,1294.9427,43.282356,11492.88,-0.00016813928,-0.07117091,0.15972763
A15,2004.172,0.0,0.13415391960000017,1775.7588,32.145164,0.012020247,1201.2196,1275.9353,43.541065,14062.258,0.00034009147,-0.2758525,0.11516661
A15,2008.463,0.0,0.14105860600000247,2184.046,50.71356,0.015447106,1300.3978,1267.2461,32.3764,17206.72,0.0026576843,-0.2907094,0.093684115
A15,2012.754,0.0,0.14636144039999294,2541.8425,74.57563,0.015571205,705.3287,1313.813,24.012442,19925.867,0.0011476073,-0.2325835,0.07770106
A15,2017.045,0.0,0.10854837140000034,2811.3315,98.62941,0.016662676,-326.1244,1476.9143,20.161743,22268.023,0.0010149023,-0.19103993,0.07079145
A15,2021.336,0.0,0.13845199419999857,2984.769,124.36925,0.016528117,-1595.605,1735.5188,18.367699,24118.848,0.00025810106,-0.14229369,0.053332858
A15,2025.627,0.0,0.06259875240000107,2925.3838,149.90123,0.016359808,-2468.3733,1987.3016,19.402504,23734.914,-0.00023916343,-0.10192034,0.044354543
A15,2029.9180000000001,0.0,0.053264867800001274,2805.3813,15.173191,0.01782902,-2726.2366,2129.4604,22.060621,22737.092,0.0011649381,-0.06604245,0.02833173
A15,2034.2089999999998,0.0,0.03237599919999507,2505.9966,-117.28525,0.01642919,-2210.5098,2109.6748,24.044529,20173.76,1.834219e-05,-0.014773686,0.001806789
A15,2038.5,0.0,0.03716843919999834,2077.042,-131.9061,0.016256161,-1238.5636,1936.5948,25.00608,16325.476,0.00015473593,0.01138417,-0.06298563
A15,2042.791,0.0,0.05601763439999938,1693.897,-106.794235,0.014444835,-326.1244,1675.7836,27.36223,12989.253,-0.0018338633,0.006911993,-0.09170519
A15,2047.0819999999999,0.0,0.059552583799996416,1415.6987,-84.48043,0.01209793,130.09526,1419.1742,34.260536,10826.244,-0.004897858,-0.07177509,-0.10440416
A15,2051.373,0.0,0.052220015399998876,1537.6444,-65.79204,0.024447264,90.423965,1252.5759,44.145805,11602.597,0.0065419725,-0.013690472,0.038642008
A15,2055.6639999999998,0.0,0.052041642999999894,1879.9377,-28.026878,0.023100741,-246.78181,1246.0442,47.24937,13920.882,0.004496702,0.05173455,0.1434924
A15,2059.955,0.0,0.06312169520000412,2246.901,7.6582203,0.015324811,-544.31635,1432.6108,40.054153,16417.176,-0.003497012,0.09108276,0.19549616
A15,2064.246,0.0,0.061213772400005494,2579.024,31.331373,0.01710634,-603.8233,1757.314,35.870712,18749.926,-0.001499216,0.09889489,0.18699892
A15,2068.537,0.0,0.05485437900000009,2911.0671,57.756573,0.017944148,-762.5084,2093.7866,37.0567,21363.656,-0.0004178408,0.04691381,0.1511964
A15,2072.828,0.0,0.03602782200000222,3129.7437,-34.52404,0.01849696,-1000.5359,2319.294,39.712254,23262.291,-0.0002285428,-0.011495616,0.089407764
A15,2077.1189999999997,2.0,0.11703186719999888,3287.4136,-85.950676,0.01991316,-1337.7418,2370.0537,42.308342,24836.371,0.00015081574,-0.07143508,-0.0064904424
A15,2081.41,2.0,0.12058905119999996,3375.5603,-55.18962,0.022542203,-1377.4132,2269.2944,43.130608,25824.95,0.0017258016,-0.08743278,-0.12722084
A15,2085.701,NA,NA,3504.6316,-20.367323,0.024020338,-861.6866,2146.777,40.261806,27017.338,0.0026526484,-0.043260947,-0.23946899
A15,2089.992,NA,NA,3731.6824,-63.261673,0.021616615,288.78033,2196.69,36.405552,28812.475,0.00037493653,0.21979433,-0.29311067
A15,2094.283,NA,NA,3967.6572,-69.86919,0.019354507,1835.9598,2517.052,32.73937,30462.924,-0.0011338473,-0.027250687,-0.3129195
A15,2098.574,NA,NA,4124.9307,-39.971123,0.01804093,3224.4546,2961.365,28.67467,31554.26,-0.0013496351,-0.027496973,-0.31806237
A15,2102.865,NA,NA,4229.6084,-12.102214,0.017599313,4017.8794,3288.3909,25.929808,32273.184,-0.0007087466,-0.01833656,-0.31995672
A15,2107.156,NA,NA,4225.814,15.084503,0.017106192,3918.7014,3356.7466,25.4986,31838.883,-0.00034716053,-0.004416572,-0.29865092
A15,2111.447,NA,NA,4115.8184,41.509464,0.0166557,2946.7559,3142.1787,23.27535,30497.553,-0.00016843641,0.008252833,-0.27875146
A15,2115.738,NA,NA,3939.4346,67.238525,0.015833305,1419.4116,2728.4893,17.689322,28769.672,-0.0005296158,0.01741881,-0.24713461
A15,2120.029,NA,NA,3706.3667,91.697174,0.015312193,-147.60368,2315.422,13.024957,26703.879,-0.00079294544,0.02515324,-0.19527589
A15,2124.3199999999997,NA,NA,3560.1968,115.350845,0.015776902,-1456.7556,2164.9878,12.314201,25355.174,-0.00036063057,0.046744056,-0.14061671
A15,2128.611,NA,NA,3478.5923,139.72237,0.016322616,-2468.373,2348.8147,14.792509,24544.031,-0.00019980798,0.09477329,-0.06135559
A15,2132.902,NA,NA,3476.2861,84.93689,0.01770949,-3142.7847,2625.2075,18.476677,24426.441,0.00044317072,0.14806053,-0.0026659966
A15,2137.193,NA,NA,3490.228,-87.70619,0.018382989,-3281.634,2750.9136,18.86205,24479.39,8.8105015e-05,0.19675143,0.05442982
A15,2141.484,NA,NA,3488.0073,-139.3089,0.020237584,-2686.5652,2663.1191,15.692252,24394.13,0.0007346157,0.22895882,0.116382204
A15,2145.775,NA,NA,3476.987,-108.04668,0.021646403,-1258.3993,2448.5674,13.207882,24246.95,0.00086176186,0.24242377,0.20234977
A15,2150.066,NA,NA,3349.341,-74.60818,0.02264592,645.82184,2242.1472,12.275732,23311.914,0.0006267398,0.23384696,0.3778965
A15,2154.357,NA,NA,3163.133,-39.625664,0.024312446,2212.837,2114.933,13.414406,21979.857,0.0011757967,0.1774794,0.32564306
A15,2158.648,NA,NA,2909.3545,-2.0687704,0.024503335,2728.5635,2056.4404,16.6558,20186.59,0.00038749387,0.0771669,0.26225924
A15,2162.939,NA,NA,2606.3145,35.783,0.025011845,1974.8094,2011.9889,20.138758,18059.504,0.00013885196,-0.021442175,0.21128988
A15,2167.23,NA,NA,2365.7803,74.420296,0.026619064,586.3149,1915.623,20.935778,16390.018,0.0013601491,-0.056640174,0.14439231
A15,2171.5209999999997,NA,NA,2154.8596,115.54037,0.02671177,-802.17975,1746.9391,19.03611,14960.179,0.0015394231,-0.072062254,0.063215576
A15,2175.812,NA,NA,1990.2216,36.803635,0.023783669,-1456.7557,1556.4998,18.351284,13860.994,-0.000821025,-0.08818703,-0.01928332
A15,2180.103,NA,NA,1939.2826,-46.456306,0.022726655,-1397.2487,1411.1265,19.445135,13590.172,-0.00088516704,-0.10257527,-0.09567674
A15,2184.3940000000002,NA,NA,1935.6345,-91.349075,0.022208499,-901.35785,1339.5221,20.697691,13648.496,-0.00016558077,-0.13595793,-0.15226507
A15,2188.685,NA,NA,1935.2748,-97.042274,0.020195007,-88.09673,1341.2737,19.3096,13721.633,-0.00095988833,-0.12960026,-0.18653113
A15,2192.976,NA,NA,1974.8948,-65.84584,0.018694626,784.67126,1444.687,17.053087,14124.731,-0.0014066425,-0.07557162,-0.15482405
A15,2197.267,NA,NA,2155.6396,-36.967133,0.019187283,1637.6036,1630.2778,16.261915,15658.851,1.3545401e-05,-0.008186049,-0.07041555
A15,2201.558,NA,NA,2377.5156,-7.327387,0.01818244,2292.1797,1794.1333,17.735443,17599.232,-0.00013438112,0.105537735,0.047046874
A15,2205.849,NA,NA,2524.076,20.760124,0.017157864,2272.344,1846.7285,21.223454,19040.008,-0.00033660498,0.113764815,0.1426862
A15,2210.14,NA,NA,2594.6924,47.264908,0.01568981,1578.0967,1772.3922,24.800074,19948.035,-0.00085495575,0.111302584,0.22933643
A15,2214.431,NA,NA,2592.0542,71.50189,0.015975717,506.97238,1623.1714,26.828215,20366.17,0.0007449516,0.11225687,0.28224897
A15,2218.7219999999998,NA,NA,2491.3464,96.18054,0.013723191,-484.80945,1491.5251,28.523827,20093.021,0.0001197142,0.102773346,0.28867432
A15,2223.013,NA,NA,2282.655,117.379585,0.010181069,-1040.2073,1453.7915,29.857618,18865.291,-0.0018140229,0.08359954,0.22361316
A15,2227.304,NA,NA,2139.1357,93.106895,0.006012701,-1179.0568,1529.699,29.790802,18054.47,-0.0046995063,-0.036983967,0.23520225
A15,2231.5950000000003,NA,NA,2166.7463,42.395073,0.011187182,-1179.0569,1670.4053,27.591118,18525.197,0.0012327436,-0.11542455,0.15120465
A15,2235.886,NA,NA,2342.536,-20.323418,0.010182504,-1337.7417,1837.4603,24.79014,20155.96,0.00044276606,-0.11438857,0.0390665
A15,2240.177,NA,NA,2573.8572,35.40611,0.01003078,-1734.4546,2028.1074,23.557907,22273.037,0.00014455976,-0.12955025,-0.00071512326
A15,2244.468,NA,NA,2780.3025,10.901257,0.009896535,-2151.003,2229.4424,23.600594,24249.732,-0.0002201901,-0.14996083,-0.008548657
A15,2248.759,NA,NA,2967.6257,26.189022,0.010001985,-2488.2087,2399.293,24.365316,26197.674,-0.000328286,-0.1782453,-0.00071522925
A15,2253.05,NA,NA,3261.3528,-38.36031,0.010801897,-2666.7295,2482.7393,24.259016,29149.41,9.051656e-05,-0.18634847,0.016471518
A15,2257.341,NA,NA,3552.1252,-101.67397,0.010871727,-2508.0444,2466.5225,22.92446,32173.146,-0.0005057168,-0.18447998,0.04226515
A15,2261.632,NA,NA,3964.496,-124.87976,0.013297035,-1992.3179,2432.4893,20.699585,36397.203,0.0010431752,-0.16035247,0.07754464
A15,2265.923,NA,NA,4427.332,-104.33902,0.013838773,-861.6865,2478.9797,18.691952,41080.527,0.00062217977,-0.13430268,0.104760066
A15,2270.214,NA,NA,4765.361,-82.96145,0.014737078,725.1643,2662.5762,17.721308,44199.715,0.0006437551,-0.112607,0.12460396
A15,2274.505,NA,NA,5043.8037,-60.1962,0.015751923,2431.029,2973.5828,18.058186,46652.918,0.0010414113,-0.08946408,0.10988225
A15,2278.796,NA,NA,5060.791,-35.863262,0.015465258,3799.6885,3328.6611,19.355736,46582.883,0.00054717594,-0.066691294,0.08952708
A15,2283.087,NA,NA,4849.1064,-11.973149,0.015162355,4275.7437,3572.4963,20.800365,43934.28,0.0005606889,-0.056938305,0.06849517
A15,2287.3779999999997,NA,NA,4411.8896,11.44905,0.013841526,3799.688,3573.7502,21.724277,39217.527,0.00013039197,-0.057008557,0.040865473
A15,2291.669,NA,NA,3858.5947,32.830887,0.012298361,2728.5635,3302.1377,21.697186,33671.1,-2.500724e-05,-0.051885366,0.022231791
A15,2295.96,NA,NA,3248.831,51.828903,0.008712024,1578.0966,2822.0645,21.018066,27827.258,-0.002045262,-0.062397003,-0.0017400583
A15,2300.251,NA,NA,2765.9814,65.286896,0.007832749,864.0139,2268.046,20.540228,23217.281,-0.0017061387,-0.09173579,-0.023234924
A15,2304.542,NA,NA,2531.0107,77.38661,0.0062310835,427.62982,1801.9752,21.633427,20840.68,-0.0029118217,-0.12808678,-0.0616467
A15,2308.833,NA,NA,2436.005,87.01214,0.009633406,149.93088,1560.0715,24.597729,19674.928,-0.00015078583,-0.13682601,-0.101931386
A15,2313.124,NA,NA,2602.4006,101.89344,0.012900643,-326.1244,1559.8119,27.721014,20650.887,0.0015809186,-0.10953495,-0.14404519
A15,2317.415,NA,NA,2683.0378,81.82183,0.014647825,-1020.3715,1677.2815,30.246975,20820.469,0.0013007593,-0.07545347,-0.16622135
A15,2321.706,NA,NA,2792.462,104.44922,0.017117277,-1774.1257,1808.3208,32.005764,21128.39,0.0017119009,-0.03418533,-0.17511334
A15,2325.997,NA,NA,2785.591,50.891296,0.017927805,-2210.51,1908.9177,32.508823,21508.395,0.00075187127,-0.022017611,-0.15577136
A15,2330.288,NA,NA,2741.961,-41.41455,0.020370318,-1992.3177,1950.9227,32.298767,21621.49,0.0017373601,-0.0042722225,-0.11476898
A15,2334.5789999999997,NA,NA,2591.1982,-49.947296,0.019404301,-1119.5498,1929.6228,32.553646,20859.957,-0.00047418103,-0.014873187,-0.07499308
A15,2338.87,NA,NA,2385.5886,-59.97231,0.021929218,-68.26114,1845.1515,33.323055,19587.656,0.0008469131,-0.03399939,-0.024065308
A15,2343.161,NA,NA,2245.4248,-66.09693,0.023012789,764.83563,1708.5903,33.513668,18755.79,0.00061915047,-0.060681954,0.04095822
A15,2347.452,NA,NA,2025.099,-30.547695,0.023003522,1042.5345,1561.9147,33.08645,17143.725,-0.0005380547,-0.15134491,0.11834497
A15,2351.743,NA,NA,1970.6041,4.98723,0.028481431,705.32874,1471.7688,34.393974,16919.9,0.00492328,-0.18372972,0.19359075
A15,2356.034,NA,NA,1880.4412,48.984207,0.026476337,-48.425488,1443.1309,33.654873,16377.417,0.005036296,-0.25372043,0.29086962
A15,2360.325,NA,NA,2009.0742,89.88377,0.018471181,-901.35785,1420.1255,30.974012,17855.682,0.0013267952,-0.29957038,0.32914636
A15,2364.616,NA,NA,2480.546,-21.582672,0.0,-1575.7695,1361.1527,31.037266,22596.51,-0.011606712,-0.13573173,0.3959534
A16,1394.85,NA,NA,5145.251,-44.972828,0.012204633,3621.167,2377.914,20.462059,45818.027,0.0038144763,0.22423702,-0.09713745
A16,1399.1409999999998,NA,NA,3880.921,33.880398,0.018230667,2986.427,2674.376,18.477554,32861.55,0.005180119,0.14734057,0.008573029
A16,1403.432,NA,NA,3596.3237,22.042406,0.022987619,2034.3164,2778.8271,18.50039,29071.781,0.0057139862,0.1727785,-0.04866004
A16,1407.723,NA,NA,4465.1006,57.55276,0.023492984,487.13672,2815.586,19.372566,34787.484,0.0034923416,0.17852384,-0.06566283
A16,1412.014,NA,NA,4324.1333,93.84379,0.019340834,-1595.605,2911.6235,20.20677,32151.379,-0.0014907724,0.18622096,-0.08026539
A16,1416.3049999999998,NA,NA,4535.79,123.72073,0.02557383,-3400.6477,3082.9724,21.21681,32673.553,0.005014166,0.3051291,-0.20531127
A16,1420.596,NA,NA,4264.002,43.226154,0.009711932,-4055.2236,3213.874,24.386812,29982.305,-0.0104303,0.32415563,-0.24617283
A16,1424.887,NA,NA,3956.3037,-121.77124,0.023987751,-3420.484,3182.309,26.74663,27119.104,0.0036869508,0.2985395,-0.39806426
A16,1429.1779999999999,NA,NA,3795.677,-84.71592,0.02148103,-1912.9752,2955.1094,26.304935,25464.621,0.00015736956,0.24728553,-0.3076154
A16,1433.4689999999998,NA,NA,3190.7031,-91.5329,0.02265919,30.917074,2590.157,23.792238,20980.535,-0.00035367341,0.1232268,-0.12807931
A16,1437.76,NA,NA,3033.3027,-56.52988,0.028017163,1637.6035,2205.1465,23.62896,19603.428,0.0030501785,0.059546098,-0.054598622
A16,1442.051,NA,NA,2751.5088,-13.250084,0.02714568,2312.015,1967.877,24.032698,18378.432,0.00081263337,-0.053998154,-0.04923039
A16,1446.3419999999999,NA,NA,2728.9275,28.68348,0.030131556,1558.2611,2024.1919,21.842106,18501.898,0.003449638,-0.16224864,-0.034366105
A16,1450.6329999999998,NA,NA,3088.8792,75.2295,0.02766561,-226.94621,2314.997,21.480743,20989.312,0.0015796437,-0.2555908,-0.08944914
A16,1454.924,NA,NA,3404.4802,117.96624,0.019609956,-2389.0305,2647.0984,24.687008,23227.625,-0.0049865264,-0.39798263,-0.083235234
A16,1459.215,NA,NA,3976.7935,48.258904,0.023756923,-3817.1963,2895.3962,26.644278,27147.445,0.0011405939,-0.3954734,-0.0022960769
A16,1463.5059999999999,NA,NA,4459.478,-115.04234,0.019006422,-3757.6897,3012.2395,25.637625,30548.705,-0.001507654,-0.36028242,0.10522151
A16,1467.797,NA,NA,4629.3975,-125.68199,0.017708115,-2190.6743,2989.265,22.77407,31929.066,-0.0008724781,-0.34892333,0.13278641
A16,1472.088,NA,NA,4713.678,-98.3272,0.015119139,-88.096756,2875.2507,19.614891,32758.71,-0.0018609022,-0.33783433,0.12052647
A16,1476.379,NA,NA,4526.8574,-74.97176,0.014092995,1578.0968,2804.802,17.76851,31710.205,-0.0016443349,-0.33917737,0.0704498
A16,1480.6699999999998,NA,NA,4499.9707,-53.201466,0.014418645,2649.2214,2950.7988,17.998144,31826.146,-0.00053970184,-0.35027736,0.016475968
A16,1484.961,NA,NA,4417.5605,-30.928118,0.014370885,3204.6187,3295.3423,20.216713,31729.129,-0.00029168685,-0.33121192,-0.035472076
A16,1489.252,NA,NA,4512.252,-8.728551,0.015574806,3621.167,3603.4329,22.382555,33036.32,0.00081929984,-0.2822347,-0.11447427
A16,1493.543,NA,NA,4633.9766,15.330787,0.013405103,3839.359,3688.0693,22.044456,34446.465,-0.0016783037,-0.25796077,-0.18204959
A16,1497.8339999999998,NA,NA,4775.979,36.038452,0.01668963,3561.6602,3523.9644,19.145748,35742.555,0.0011908117,-0.21945667,-0.25132304
A16,1502.125,NA,NA,4986.5903,61.819927,0.017114455,2252.5083,3243.7732,15.87125,37289.863,0.0011386435,-0.17158826,-0.20021044
A16,1506.416,NA,NA,4871.0425,88.25766,0.015358463,169.76651,3043.5886,14.108324,36238.08,-0.0011381584,-0.15663855,-0.16629842
A16,1510.7069999999999,NA,NA,4816.7207,111.982796,0.017698755,-1912.9752,3016.074,14.221056,35427.42,0.0007261697,-0.13974267,-0.124121636
A16,1514.9979999999998,NA,NA,4574.4243,139.3231,0.01799319,-3380.8123,3118.2175,15.808971,33084.22,0.0007333489,-0.107982874,-0.06511564
A16,1519.289,NA,NA,4264.825,7.118273,0.018420944,-3817.1965,3241.1062,17.132423,30282.334,0.0010564451,-0.048086565,-0.012862947
A16,1523.58,NA,NA,3873.6914,-44.425797,0.016332418,-3460.155,3215.1687,16.687351,27086.855,-0.0011392586,-0.00016360813,0.04150025
A16,1527.8709999999999,NA,NA,3448.5205,-139.1961,0.016646527,-2527.88,2944.674,14.214581,23783.17,-0.0012444612,0.036329824,0.084685855
A16,1532.1619999999998,NA,NA,3148.1377,-113.48123,0.017738856,-1238.5636,2479.0945,12.690456,21444.16,-0.0012573197,0.05125676,0.14974761
A16,1536.453,NA,NA,2809.9258,-86.07895,0.021361068,169.76651,1988.7437,14.278698,18948.744,0.0003831366,0.04961488,0.21212299
A16,1540.744,NA,NA,2604.1584,-53.08123,0.026282767,1379.7404,1681.2648,17.866018,17389.742,0.0026138262,0.048473224,0.25655475
A16,1545.0349999999999,NA,NA,2331.5215,-12.480663,0.028115086,1875.6313,1614.3655,22.802639,15424.871,0.0018460235,0.03581794,0.3351688
A16,1549.326,NA,NA,2179.861,30.950396,0.032171253,1459.0829,1673.2245,29.927534,14357.891,0.004179923,-0.015153806,0.25809395
A16,1553.617,NA,NA,2058.4446,80.647255,0.03275599,308.61597,1706.1528,37.283184,13548.318,0.0041454006,-0.09826037,0.1699732
A16,1557.908,NA,NA,1917.36,51.247402,0.021315608,-841.851,1648.1287,37.102295,12627.904,-0.006930055,-0.17866842,0.0963823
A16,1562.1989999999998,NA,NA,2008.5564,-55.8251,0.029966427,-1179.0569,1561.413,32.640335,13172.312,0.00265578,-0.19849831,0.030390527
A16,1566.49,NA,NA,2305.038,-49.534164,0.025351904,-524.4807,1558.0963,31.072859,14962.625,-0.0008368565,-0.16399153,-0.0010918776
A16,1570.781,NA,NA,2555.9185,-50.37155,0.024751,645.8218,1682.3527,34.13241,16469.39,-0.00039962027,-0.10198119,-0.15766975
A16,1575.072,NA,NA,2789.1455,-52.137196,0.023710065,1756.6174,1880.7615,37.47755,17849.348,-0.00055631984,-0.05290429,-0.25611645
A16,1579.3629999999998,NA,NA,2862.376,-15.5108385,0.021845626,2272.344,2054.3242,35.54036,18209.975,-0.0015233061,-0.014560885,-0.17967612
A16,1583.654,NA,NA,2903.2588,18.235409,0.022768399,2034.3164,2123.9744,30.958635,18484.56,0.00023406444,0.014990277,-0.15053906
A16,1587.945,NA,NA,2920.9553,53.40712,0.021530531,1240.8909,2066.936,28.847527,18779.977,-0.00039818007,0.050705247,-0.13805836
A16,1592.2359999999999,NA,NA,2785.8098,86.66662,0.021051206,169.7665,1933.4427,28.040466,18213.426,-0.00035116903,0.08522701,-0.15380971
A16,1596.527,NA,NA,2636.8047,79.185684,0.019792924,-841.8509,1787.82,27.09597,17714.318,-0.00095495477,0.14452454,-0.19704744
A16,1600.818,NA,NA,2292.1497,69.761,0.022856632,-1496.4269,1646.4152,27.11155,15889.027,0.003195075,0.1857654,-0.23853149
A16,1605.109,NA,NA,1903.9536,25.069021,0.015802221,-1615.4408,1506.5283,29.639652,13527.517,-0.002444555,0.18543333,-0.27696964
A16,1609.3999999999999,NA,NA,1613.4702,-10.520349,0.016846381,-1179.0568,1380.3335,33.28931,11493.427,-0.00032286978,0.24380893,-0.19995601
A16,1613.6909999999998,NA,NA,1405.9155,-24.496735,0.008152021,-405.46692,1286.5216,35.70132,9980.819,-0.0087395385,0.22365917,-0.10965718
A16,1617.982,NA,NA,1549.8439,8.09618,0.021826418,50.752712,1242.6572,37.49347,10903.272,0.0042039966,0.14080149,-0.05741093
A16,1622.273,NA,NA,1860.69,1.8127589,0.022930674,149.9309,1285.4874,39.44403,13007.958,0.0038346553,0.06640858,-0.09077713
A16,1626.5639999999999,NA,NA,2099.3337,37.235153,0.01976772,90.423965,1421.2325,39.98535,14652.601,-0.0006504438,-0.008976751,-0.22648992
A16,1630.855,NA,NA,2180.6804,-12.228468,0.025844801,-8.754205,1562.2644,38.616283,15333.951,0.0049564764,-0.23269653,-0.16663069
A16,1635.146,NA,NA,2187.6284,-32.30445,0.01792912,-207.11053,1632.7583,39.133236,15572.556,-0.0025755777,-0.045353968,-0.11921602
A16,1639.437,NA,NA,2124.7896,-44.608257,0.016846664,-643.49457,1631.1028,41.20187,15044.09,-0.0031248746,-0.026747756,-0.13491344
A16,1643.7279999999998,NA,NA,2138.6174,-18.584208,0.018662428,-1119.5497,1605.2694,41.204815,15127.816,-0.0012801212,-0.010927147,-0.15238939
A16,1648.019,NA,NA,2336.4487,-29.75524,0.022379529,-1337.7418,1593.6312,37.652603,16625.748,0.0019414996,-0.025582366,-0.1507024
A16,1652.31,NA,NA,2610.927,-115.184235,0.022805445,-841.8509,1645.5234,33.719604,18679.34,0.0016113444,-0.001999696,-0.12110204
A16,1656.6009999999999,NA,NA,2783.3225,-79.9553,0.022723287,427.62976,1784.8773,30.8689,19862.758,0.0012458627,0.0313886,-0.08400803
A16,1660.8919999999998,NA,NA,2929.0007,-44.853275,0.022293083,1816.1244,1959.5421,29.96044,20644.33,0.0015156749,0.07565723,-0.037621047
A16,1665.183,NA,NA,2902.4941,-10.415811,0.019172749,2569.8784,2094.7544,30.471706,20289.672,-0.00031345198,0.11103114,0.019493924
A16,1669.474,NA,NA,2780.5781,19.201485,0.011838183,2312.0154,2152.2412,32.23471,19296.13,-0.006491176,0.15916729,0.10337705
A16,1673.7649999999999,NA,NA,2748.631,37.488632,0.017393995,1399.5758,2135.4338,34.393852,18945.102,-0.00044894445,0.20758313,0.20320159
A16,1678.056,NA,NA,2830.8252,64.358185,0.019866718,308.6159,2068.1045,35.10856,19545.62,0.0016636132,0.120292105,0.24951679
A16,1682.347,NA,NA,2845.4834,95.04749,0.020312207,-464.9738,1981.9431,35.455,19712.78,0.0013229063,0.06051445,0.17047684
A16,1686.638,NA,NA,2745.2266,6.424978,0.020527925,-960.8647,1906.7509,37.768276,19165.592,0.00079346925,0.019736899,0.12559825
A16,1690.9289999999999,NA,NA,2555.4604,38.135693,0.022678312,-1258.3993,1832.7634,43.794758,17896.582,0.0025070112,-0.02586635,0.11459356
A16,1695.2199999999998,NA,NA,2370.7002,-6.8317556,0.013155081,-1258.3992,1737.4822,47.90688,16578.045,-0.0071925265,-0.007921881,0.04400216
A16,1699.511,NA,NA,2271.317,-46.510315,0.028045379,-603.82336,1644.9352,49.200485,15980.701,0.007428926,0.055819247,-0.009282086
A16,1703.802,NA,NA,2195.6099,-43.186935,0.016551338,586.3149,1614.1101,47.301407,15721.592,-0.0044217403,0.08914725,-0.04571859
A16,1708.0929999999998,NA,NA,2350.4575,2.3809144,0.024160773,1578.0967,1693.9366,39.514145,17461.223,0.002932834,-0.0037018722,-0.035353977
A16,1712.384,NA,NA,2720.7847,39.703506,0.021827403,1677.2749,1882.9076,28.631413,20896.555,0.0006262815,-0.09931389,0.0016487174
A16,1716.675,NA,NA,3230.8494,73.42161,0.020089297,685.4931,2162.5146,23.409681,24708.117,-0.0006743075,-0.147195,0.009368605
A16,1720.966,NA,NA,3724.131,104.45475,0.019217419,-1099.7144,2508.7158,23.202204,28136.205,-0.0009123558,-0.15526499,0.019591438
A16,1725.257,NA,NA,4184.7114,94.14105,0.01928921,-2845.25,2887.063,24.225609,31600.084,-0.00013985942,-0.139034,0.02983488
A16,1729.548,NA,NA,4467.8105,43.93825,0.018470863,-3817.1965,3203.0186,25.295664,33842.234,-0.00021170796,-0.121323586,0.05623436
A16,1733.839,NA,NA,4555.7764,32.471302,0.017734518,-3638.6755,3345.8923,26.051949,34631.97,-0.00011937776,-0.10272381,0.07343125
A16,1738.1299999999999,NA,NA,4477.897,-100.13311,0.017036408,-2587.387,3244.159,25.960506,34217.39,0.00070736586,-0.070718,0.06813203
A16,1742.4209999999998,NA,NA,4169.761,-113.815956,0.015758391,-1278.2349,2907.5928,25.236153,32139.979,0.001890268,-0.009497802,0.054715846
A16,1746.712,NA,NA,3691.3096,-89.47302,0.010117308,-266.6175,2454.5488,24.352861,28792.844,-0.00093874923,0.09012911,0.06222505
A16,1751.003,NA,NA,3163.145,-73.84421,-0.0026653414,328.45154,2072.755,23.687096,24941.648,-0.011471566,0.24369904,0.095825434
A16,1755.2939999999999,NA,NA,3012.066,-77.96152,0.007906664,764.83563,1953.3962,22.599243,23858.406,-2.4470248e-05,0.36072952,0.06850304
A16,1759.585,NA,NA,3333.001,-65.74762,0.009604452,1201.2196,2223.944,20.984093,26088.693,0.0008730988,0.27106774,-0.019385312
A16,1763.876,NA,NA,3898.5894,-50.91105,0.013421704,2173.1658,2797.8296,19.110348,30032.344,0.002611105,0.13133246,-0.08521949
A16,1768.167,NA,NA,4470.8145,-30.177734,0.015097867,3561.6606,3427.8098,16.910149,34052.17,0.0018485662,0.049477153,-0.15291601
A16,1772.458,NA,NA,4965.3257,-6.855157,0.016918119,4712.127,3875.1987,14.6203,37639.715,0.0017329907,-0.005373955,-0.18457085
A16,1776.749,NA,NA,5248.863,19.27928,0.017012306,4870.812,4005.4978,11.957844,39723.703,0.00047163107,-0.041636307,-0.1720264
A16,1781.04,NA,NA,5304.7827,45.559204,0.017834045,3740.181,3811.2327,9.231398,40246.836,0.00015163678,-0.06646463,-0.15218979
A16,1785.331,NA,NA,5175.8267,73.10853,0.018765593,1518.5898,3407.3547,7.6055,39641.32,-0.0001320395,-0.07347412,-0.119408526
A16,1789.6219999999998,NA,NA,4808.4087,102.09686,0.020553289,-1020.37164,2992.374,8.066284,37110.703,0.000105695435,-0.056395903,-0.08655601
A16,1793.913,NA,NA,4309.615,133.84676,0.023185689,-2944.4285,2729.21,10.115136,33281.23,0.0008953367,-0.029767433,-0.06623594
A16,1798.204,NA,NA,3617.1826,89.6631,0.025928749,-3420.4834,2631.8264,13.593057,27596.852,0.0018885051,0.022320509,-0.07765511
A16,1802.495,NA,NA,2960.9504,-70.28322,0.02902127,-2408.8662,2581.1072,19.432108,22150.742,0.0037425885,0.098696284,-0.12811545
A16,1806.786,2.0,0.22809581780000004,2583.476,-105.452324,0.025784325,-643.49457,2437.2708,26.908478,18890.314,7.518326e-05,0.1521949,-0.23725155
A16,1811.077,2.0,0.22260786619999934,2508.8777,-25.621723,0.024565188,883.84937,2182.727,31.022545,17988.799,-0.0006227957,0.19071388,-0.39592654
A16,1815.368,1.0,0.2320680064000006,2765.495,12.325598,0.024760665,1518.5898,1945.6744,33.111217,19673.467,0.000986217,0.11329934,-0.29085082
A16,1819.6589999999999,3.0,0.23239212440000087,3003.7124,50.57488,0.020970942,983.0276,1870.9846,36.318607,21186.045,-0.00068588194,0.07664866,-0.17978825
A16,1823.9499999999998,1.0,0.22253754940000134,3014.724,82.96994,0.017850837,-88.096725,1949.1771,40.259483,21052.57,-0.0012667307,0.08513633,-0.13013352
A16,1828.241,2.0,0.22624292760000003,2881.5144,110.54521,0.014366471,-941.02905,2054.0928,42.380737,19974.875,-0.0021587857,0.113608785,-0.09068534
A16,1832.532,0.0,0.21337694820000008,2599.1719,52.73796,0.011171972,-1198.8923,2124.724,42.033684,18013.818,-0.0032719455,0.1143246,-0.06705475
A16,1836.8229999999999,1.0,0.21530481880000008,2452.5635,29.995972,0.010691006,-1278.2349,2168.6145,42.61893,17023.852,-0.0027747669,0.12842385,-0.034845404
A16,1841.114,0.0,0.2045991404000003,2532.1904,6.5110135,0.0127313025,-1555.9338,2190.5977,42.769806,17558.543,-0.0010844691,0.21865723,-0.0028344525
A16,1845.405,0.0,0.21016471539999998,2931.9153,-53.82217,0.017109908,-2031.9891,2183.8276,39.37442,20288.398,0.001750862,0.16459632,0.06289397
A16,1849.696,0.0,0.21187734059999994,3379.7534,-67.39147,0.018557785,-2071.6604,2229.0374,36.81889,23469.889,0.00084445585,0.17531888,0.16732162
A16,1853.987,0.0,0.21403102019999973,3723.4424,-78.72415,0.02181494,-1139.3854,2386.6567,35.65172,26000.225,0.0014439672,0.16718571,0.2405471
A16,1858.278,0.0,0.2060522720000001,3943.198,-45.025303,0.025028443,665.6575,2583.751,34.102436,27936.732,0.002118695,0.11578006,0.28624773
A16,1862.569,0.0,0.2103803286,3929.04,-46.36237,0.026866933,2371.5222,2691.047,31.602701,28438.002,0.0017676034,0.021778425,0.2982654
A16,1866.86,1.0,0.2103827896,3804.3777,-4.859402,0.028198741,2847.5776,2681.6677,30.317417,27954.648,0.0013877419,-0.121531405,0.28945538
A16,1871.1509999999998,1.0,0.21615055100000002,3604.8782,38.700882,0.028934691,1558.2611,2602.1887,31.392982,26816.377,0.0013594249,-0.24654426,0.2787934
A16,1875.442,0.0,0.22223417580000038,3379.247,83.39804,0.029765986,-663.33014,2500.9092,32.917065,25266.96,0.002719034,-0.26837933,0.25095555
A16,1879.733,2.0,0.2349251908000003,3256.7603,129.37935,0.028116994,-2408.8662,2407.6707,31.38604,24244.898,0.0027311882,-0.28689924,0.24383646
A16,1884.024,2.0,0.23313724939999853,3106.0947,-27.18665,0.0144735165,-2865.0857,2326.203,29.725739,22920.59,-0.008361203,-0.31496388,0.2913768
A16,1888.315,2.0,0.24015350559999799,2897.8506,-64.82853,0.021672556,-2051.825,2205.4873,31.451647,21224.977,0.0023207571,-0.30749637,0.27303207
A16,1892.606,2.0,0.24518440740000036,2576.4893,-111.34965,0.015335535,-841.8509,1965.365,35.59075,18818.213,-2.8356186e-05,-0.27224046,0.22804314
A16,1896.897,2.0,0.22760701680000028,2134.1274,-87.65993,0.010951355,-48.42546,1600.5364,36.35429,15705.554,-0.0011284101,-0.23928005,0.1078807
A16,1901.1879999999999,2.0,0.22391999500000032,1801.8759,-70.74271,-0.0065873927,209.4378,1249.5493,35.457504,13617.86,-0.016884523,-0.15114376,0.022768471
A16,1905.4789999999998,2.0,0.24419257760000296,1853.717,-60.918648,0.0153809,348.28726,1163.3988,36.917236,14387.894,0.0053174645,-0.19040921,-0.14338234
A16,1909.77,2.0,0.22032136859999996,2310.46,-77.15885,0.016470127,784.6712,1405.033,40.823097,18020.168,0.005445181,-0.17465506,0.010647112
A16,1914.061,2.0,0.2253073263999977,2646.4058,-51.71645,0.013803174,1558.2612,1743.451,40.975185,20544.72,0.0014024195,-0.118334346,0.08212839
A16,1918.3519999999999,3.0,0.23733961280000207,2866.3342,-30.39386,0.013817847,2272.344,2051.8208,39.769966,22258.492,0.00053795363,-0.09303665,0.16809201
A16,1922.643,2.0,0.2570827288000009,2937.7747,-9.0486,0.01095824,2530.2073,2273.9795,40.410286,22923.508,-0.0023991924,-0.1073783,0.28622258
A16,1926.934,2.0,0.25566382999999987,2962.2568,7.8792505,0.012454427,2232.6729,2392.2053,41.012924,23249.207,-0.00077545247,-0.07920803,0.2104562
A16,1931.225,2.0,0.21450574659999938,3047.089,27.118353,0.0142744435,1736.7817,2417.6533,40.67937,24287.412,0.0010466474,0.0037087335,0.026652839
A16,1935.516,2.0,0.21310326319999856,3090.968,49.168938,0.01610652,1260.7266,2360.2798,39.971916,25191.621,0.002997989,0.12082277,-0.06528327
A16,1939.8069999999998,0.0,0.1878525933999997,3059.4312,74.04965,0.012600259,943.3563,2232.8096,40.277542,25199.742,-0.00029649172,0.29157448,-0.116415024
A16,1944.098,0.0,0.1743600884000001,2905.943,93.51402,0.006613422,744.99994,2070.1904,40.78453,23814.143,-0.006290812,0.36482564,-0.14233269
A16,1948.3890000000001,0.0,0.1816211821999972,2947.7256,63.73017,0.01586572,487.13672,1934.0717,38.17425,24472.023,0.0022900412,0.42978704,-0.13501698
A16,1952.6799999999998,0.0,0.17987091080000028,3018.253,48.238907,0.013209701,70.58834,1899.3062,33.240623,25621.889,-0.0017581971,0.5194726,-0.09572058
A16,1956.971,0.0,0.17737641120000014,3403.8657,48.644722,0.022593036,-683.1658,2069.626,30.47129,29015.803,0.0059299665,0.40825912,-0.17881581
A16,1961.262,0.0,0.17986876860000056,3749.6753,83.54554,0.019424692,-1734.4546,2465.6865,29.266733,31603.666,0.0014501336,0.29476103,-0.20446838
A16,1965.5529999999999,0.0,0.19271905820000051,4071.462,73.55203,0.018259576,-2865.086,2958.407,28.077656,33810.55,-0.0001555795,0.1939296,-0.24452718
A16,1969.844,0.0,0.17719487639999995,4353.3037,61.758682,0.017456114,-3797.3606,3335.8958,26.718605,35583.754,-0.00067159056,0.12269756,-0.28022978
A16,1974.135,0.0,0.18446650340000026,4489.1953,-111.275795,0.017023887,-3916.3745,3468.2163,25.22504,36014.543,-0.00050364825,0.08161873,-0.28284085
A16,1978.426,0.0,0.1788628787999998,4541.412,-124.97799,0.016547207,-3003.9353,3346.2544,22.92892,35834.414,-0.00046954988,0.08430454,-0.25766253
A16,1982.717,0.0,0.17937852280000033,4445.1914,-99.41653,0.016092507,-1317.9062,3045.895,20.307463,34533.09,-0.0006426427,0.13377817,-0.2417246
A16,1987.0079999999998,0.0,0.18201575340000203,4306.137,-74.55746,0.01718946,606.1505,2707.5789,18.981659,32892.555,0.0007332505,0.18648392,-0.20818251
A16,1991.299,0.0,0.17627325699999996,4021.3716,-48.003872,0.01655177,2093.8232,2510.5852,20.415792,29889.764,0.00050700427,0.26313025,-0.16138752
A16,1995.59,0.0,0.1765525386,3652.3281,-22.435356,0.015434216,2807.906,2525.9346,24.806011,26494.168,-2.0158606e-05,0.31881854,-0.11568729
A16,1999.8809999999999,0.0,0.18957788120000113,3230.38,1.4067972,0.01280096,2807.906,2606.5403,31.642605,23223.008,-0.0020167048,0.28137767,-0.06142566
A16,2004.172,0.0,0.18363658900000007,2903.0278,21.181206,0.014662872,2431.0288,2581.8252,36.69677,20599.436,6.735516e-05,0.18686803,-0.00402636
A16,2008.463,2.0,0.25841471259999976,2687.579,43.831825,0.011859825,1855.7955,2397.4272,35.65794,19072.812,-0.003134879,0.10830731,0.056154277
A16,2012.754,2.0,0.2400927300000009,2549.7778,62.152405,0.017095558,1161.5483,2101.9153,31.854889,18294.975,0.0013741266,0.03489105,0.102859706
A16,2017.045,3.0,0.18067384739999734,2564.8196,88.56094,0.022744033,407.79416,1803.9258,29.623604,18226.607,0.006080301,-0.075876445,0.07924949
A16,2021.336,2.0,0.14749201660000022,2472.3455,43.695023,0.013851515,-445.13818,1604.6763,31.597368,17484.64,-0.0038754302,-0.1568344,0.11567889
A16,2025.627,2.0,0.15190553740000012,2313.7979,85.09228,0.015313778,-1099.7142,1518.1315,37.974243,16382.33,-0.0036364512,-0.15234958,0.122089595
A16,2029.9180000000001,2.0,0.12429269019999752,2154.9482,48.748398,0.027201364,-1417.0845,1518.8685,45.757103,15312.554,0.006882084,-0.063039646,0.07269001
A16,2034.2089999999998,2.0,0.18188170040000046,2039.9623,-29.232025,0.018104492,-1218.728,1571.3658,52.779434,14462.638,-0.0031910336,0.02076467,0.04482047
A16,2038.5,0.0,0.13006533620000035,1921.2006,-21.264933,0.030774858,-603.8233,1635.9308,53.485184,13452.474,0.009235146,0.09956193,-0.018526819
A16,2042.791,0.0,0.1281013234000012,1865.3859,-13.725155,0.018158043,-68.26112,1661.0322,49.58451,12885.809,-0.0028662337,0.13286403,-0.1680526
A16,2047.0819999999999,0.0,0.11192327999999531,1932.0638,34.32466,0.012289014,-48.42543,1674.374,47.735184,13091.699,-0.007905498,0.09932264,-0.16611277
A16,2051.373,0.0,0.12241713800000123,2294.5784,33.308243,0.021188393,-703.0015,1732.1587,46.550877,15284.774,0.001369347,0.019796452,-0.12539037
A16,2055.6639999999998,0.0,0.12661056399999748,2675.4849,46.039215,0.021985931,-1536.0983,1823.7257,42.079258,17701.701,0.001944122,0.0046202606,-0.048062935
A16,2059.955,0.0,0.12202667380000072,3084.3896,-39.99779,0.022461915,-1853.4685,1948.144,37.49178,20804.777,0.001927252,0.0884179,0.032138348
A16,2064.246,0.0,0.14641775000000207,3377.1653,-85.29952,0.021335755,-1079.8784,2132.2668,36.6139,23489.717,0.000559892,0.12898411,0.12682663
A16,2068.537,0.0,0.1260721003999991,3419.401,-92.340904,0.019957853,487.13672,2334.7224,38.1938,24116.03,-0.0005817012,0.12004224,0.22225489
A16,2072.828,0.0,0.1300016886,3377.7283,-61.51081,0.016734635,1974.8094,2459.6675,39.26177,24312.701,-0.003643134,0.12047439,0.30819625
A16,2077.1189999999997,0.0,0.14398068840000627,3232.7852,4.340183,0.020945033,2490.5361,2447.8923,38.64916,23722.928,0.00020280751,0.112071805,0.3286455
A16,2081.41,0.0,0.11995390400000114,3034.9756,36.695236,0.023641428,1697.1105,2297.4578,38.72017,22673.406,0.0020634627,0.057616286,0.30420318
A16,2085.701,0.0,0.12582961179999985,2733.0132,33.215565,0.02378777,110.2596,2030.344,39.581112,20822.586,0.0013606538,0.019579092,0.2985905
A16,2089.992,0.0,0.10977821819999783,2328.4282,69.96195,0.024154741,-1159.2212,1715.4082,38.24615,17978.059,0.0012940419,-0.0035602516,0.2565078
A16,2094.283,1.0,0.16329653139999528,2008.9384,-12.724764,0.023465594,-1436.92,1464.7886,37.04801,15488.816,0.00068842096,0.005725702,0.19685589
A16,2098.574,0.0,0.12671904080000007,1675.9761,-56.47605,0.018411763,-742.6727,1325.6564,39.94937,12754.622,-0.003986679,0.005879482,0.11272028
A16,2102.865,0.0,0.11985010480000455,1457.7378,-28.0343,0.024168335,268.94467,1284.9597,42.702305,10993.438,0.002076627,-0.07343136,0.009476132
A16,2107.156,0.0,0.13608137039999968,1595.492,9.299976,0.02102341,685.4931,1340.6431,41.0436,12147.27,-0.0009943385,-0.17045148,-0.07561035
A16,2111.447,0.0,0.1237720231999985,2091.86,41.776104,0.022702258,130.09525,1536.354,40.87026,16094.714,0.0005698646,-0.09892789,0.057187956
A16,2115.738,0.0,0.11886799460000046,2545.632,76.845634,0.022285916,-980.70044,1826.7081,43.17917,19510.719,6.842929e-05,-0.085487574,-0.007693264
A16,2120.029,0.0,0.10761230660000017,2999.5212,71.27203,0.022964362,-1952.6467,2078.8423,41.030922,22494.834,0.0009284404,-0.050428655,-0.06116907
A16,2124.3199999999997,0.0,0.15702072460000574,3384.5815,-133.25356,0.021434255,-2031.9891,2232.536,34.348343,25017.914,-0.0001268422,-0.032526545,-0.087591276
A16,2128.611,0.0,0.13005799819999858,3565.7234,-100.14275,0.020179784,-1000.536,2320.9424,28.948544,26125.973,-0.00063577783,-0.0071602664,-0.061379883
A16,2132.902,0.0,0.11465840339999982,3694.4365,-68.96983,0.019850962,665.6574,2399.0964,25.528854,26907.535,4.4944918e-05,0.016129838,-0.04734741
A16,2137.193,0.0,0.13280234379999634,3630.1233,-38.304863,0.017734952,2232.6729,2491.7573,24.015543,26318.123,-0.0009441957,0.03848741,-0.03667988
A16,2141.484,0.0,0.12621379180000092,3486.8176,-10.908617,0.01716555,3085.6052,2575.9043,23.905588,25172.781,-0.00048436006,0.063662685,-0.0034407245
A16,2145.775,0.0,0.12451210060000004,3301.5178,15.608037,0.014864662,3065.7693,2581.9956,22.972332,24038.71,-0.002030247,0.06913725,0.013800542
A16,2150.066,1.0,0.12446413239999965,3110.5874,38.570374,0.016331723,2371.5222,2445.3252,18.487682,22547.195,-0.00021334262,0.07094065,0.020745225
A16,2154.357,0.0,0.13292137939999996,3064.1538,63.798965,0.016641993,1280.5621,2191.7056,13.093151,22002.275,-5.5025524e-05,0.011330234,-0.001355913
A16,2158.648,NA,NA,2974.24,89.50685,0.016875906,-68.261116,1965.9043,11.761882,21517.129,-0.00047351207,-0.09093928,-0.028117206
A16,2162.939,NA,NA,3003.626,115.57608,0.018968938,-1397.2487,1919.2048,13.890821,21917.922,0.0005907905,-0.16636729,-0.064233094
A16,2167.23,NA,NA,3000.1265,144.87852,0.020065553,-2408.8662,2062.8284,17.000444,22116.955,0.0005090808,-0.20780595,-0.12237576
A16,2171.5209999999997,NA,NA,3037.8735,15.874995,0.022648439,-2805.5789,2216.0085,19.307499,22606.582,0.0019492249,-0.2495088,-0.16840583
A16,2175.812,NA,NA,3020.745,-109.13859,0.021905983,-2349.3591,2241.0396,19.920567,22524.867,0.0002855207,-0.27445918,-0.20320831
A16,2180.103,NA,NA,2907.7266,-115.299126,0.022789538,-1139.3855,2136.4924,19.420645,21633.123,0.00064130727,-0.29596,-0.23776671
A16,2184.3940000000002,NA,NA,2847.8826,-80.09476,0.023326766,407.79422,1987.7288,19.825157,21149.746,0.0010976595,-0.3023909,-0.26406807
A16,2188.685,NA,NA,2659.812,-44.060497,0.02128736,1657.4391,1897.0195,21.786324,19650.693,-0.0006289553,-0.34174368,-0.314687
A16,2192.976,NA,NA,2582.317,-31.17664,0.02165263,2232.6729,1909.346,25.256931,18971.105,0.00042099258,-0.38765776,-0.3338316
A16,2197.267,NA,NA,2546.6912,2.2714767,0.01931044,2073.9875,1955.4146,32.29805,18624.463,-0.00051482965,-0.34067988,-0.25062284
A16,2201.558,NA,NA,2442.1455,32.10147,0.020037493,1379.7402,1923.683,40.274586,17881.12,0.0023043035,-0.30445936,-0.18192267
A16,2205.849,NA,NA,2299.024,63.054592,0.014204908,725.1643,1772.8336,43.093697,16931.93,-0.0015644097,-0.283845,-0.067224264
A16,2210.14,NA,NA,2034.564,84.99777,0.0027282832,308.61597,1554.0684,40.973366,15101.877,-0.011942173,-0.23737532,0.018267896
A16,2214.431,NA,NA,2062.6118,29.212307,0.017895298,209.4378,1392.1042,34.93361,15405.826,0.0031518952,-0.13876086,0.053054042
A16,2218.7219999999998,NA,NA,2330.938,56.856247,0.020453624,130.09521,1446.1631,27.990877,17283.273,0.0046469592,0.028680325,-0.02763568
A16,2223.013,NA,NA,2785.4875,88.45219,0.018656839,-425.30258,1766.6091,23.508318,20405.008,0.0013809871,0.047063086,-0.09892053
A16,2227.304,NA,NA,3229.3125,117.272545,0.017979901,-1456.7557,2279.5874,21.700691,23286.34,-0.0004581247,0.014314943,-0.13571207
A16,2231.5950000000003,NA,NA,3813.0156,105.047165,0.019291451,-2865.0857,2809.6394,20.927647,27186.666,0.0003892562,-0.0062232814,-0.1562176
A16,2235.886,NA,NA,4236.7573,54.847824,0.018329166,-3975.881,3165.6875,19.310318,29884.664,-0.00073439186,-0.020919958,-0.11298662
A16,2240.177,NA,NA,4518.022,-116.83801,0.02003869,-4015.5525,3254.0347,16.226242,31591.018,0.0006126154,-0.014290757,-0.04338601
A16,2244.468,NA,NA,4689.4976,-125.88304,0.020081492,-2706.4006,3110.234,13.524783,32661.678,8.3658524e-05,-0.009358194,-0.0042453874
A16,2248.759,NA,NA,4485.7334,-94.86195,0.02040976,-385.6313,2862.5273,12.114329,31141.729,-0.0003628979,-0.007265621,0.017449114
A16,2253.05,NA,NA,4238.938,-63.333782,0.022505024,1875.6313,2646.9395,11.822365,29197.959,0.00067760586,-0.0047640004,0.02015927
A16,2257.341,NA,NA,3713.9666,-28.568916,0.022680355,3224.4546,2518.4797,12.685532,25319.695,-0.00043751465,-0.015981304,0.012966897
A16,2261.632,NA,NA,3091.5317,6.466789,0.026484162,3045.9338,2437.868,15.538378,20906.209,0.0020171765,-0.03846113,0.003010114
A16,2265.923,NA,NA,2535.8616,47.378464,0.027056668,1736.7819,2314.519,19.81205,17062.129,0.0015204031,-0.08085486,0.026889192
A16,2270.214,NA,NA,2161.1787,89.17452,0.027498102,130.09526,2097.3005,23.540876,14481.136,0.0014783465,-0.13350405,0.10741297
A16,2274.505,NA,NA,2222.2773,91.6525,0.026540736,-1119.5498,1848.4355,25.3378,14734.054,0.0006898595,-0.1469428,0.1842075
A16,2278.796,NA,NA,2397.0322,12.651557,0.023089454,-1635.2764,1695.0979,25.827059,15707.234,-0.002037811,-0.17782995,0.23113936
A16,2283.087,NA,NA,2693.4866,-71.68077,0.024508232,-1476.5913,1711.6791,24.767172,17393.404,0.00033088736,-0.1953389,0.20544785
A16,2287.3779999999997,NA,NA,3007.8206,-73.82144,0.022124404,-683.16583,1895.5946,22.076336,19138.016,-0.0011773172,-0.25327152,0.13826132
A16,2291.669,NA,NA,3202.9058,-79.644554,0.021506554,645.82184,2215.674,19.703856,20304.607,-0.0011359152,-0.289647,0.065910846
A16,2295.96,NA,NA,3661.5598,-46.422085,0.02328805,2292.1794,2582.6333,19.946379,23287.924,0.0010116051,-0.34247753,-0.016275857
A16,2300.251,NA,NA,3923.0776,-10.447636,0.020341717,3561.6606,2861.413,21.768631,25038.295,-0.0018475151,-0.4014859,-0.11207591
A16,2304.542,NA,NA,4112.1777,20.975433,0.022903327,3700.51,2970.5679,23.306282,26250.168,0.00036079212,-0.33256486,-0.23637822
A16,2308.833,NA,NA,4249.6963,56.355576,0.022741655,2411.1936,2927.9285,24.474585,27130.293,-0.0007009364,-0.20379287,-0.33059734
A16,2313.124,NA,NA,3971.3567,91.48598,0.024153873,149.9309,2791.78,24.7051,25384.746,-0.00044594158,-0.14004762,-0.3499762
A16,2317.415,NA,NA,3796.2244,88.79791,0.03012735,-2031.9891,2616.5854,24.072792,24033.52,0.004400596,-0.06402339,-0.33266073
A16,2321.706,NA,NA,3333.6199,15.337446,0.027916512,-2904.757,2463.8955,23.649628,20709.273,0.0014862545,0.112739936,-0.29846615
A16,2325.997,NA,NA,2962.4304,-101.538246,0.023776982,-2071.6604,2379.231,25.650248,18827.729,-0.0025179042,0.37959862,-0.25277576
A16,2330.288,NA,NA,2917.022,-84.80851,0.029626276,-207.11055,2361.065,29.752302,19006.729,0.00431919,0.4129564,-0.17552137
A16,2334.5789999999997,NA,NA,2863.7751,-39.04303,0.020329036,1657.4392,2329.2898,31.299673,19167.627,-0.0035354549,0.39960605,0.002170245
A16,2338.87,NA,NA,3101.6008,-7.6395526,0.019982353,2629.3855,2238.7014,27.904655,21283.773,-0.00266057,0.30301994,0.042710092
A16,2343.161,NA,NA,3356.4731,23.228388,0.020304555,2351.6863,2150.0527,23.575392,23688.031,-0.0013351673,0.27232054,0.20858935
A16,2347.452,NA,NA,3243.8977,54.59405,0.022856515,1022.699,2150.0818,18.853218,23511.33,0.0019858005,0.16309094,0.15081112
A16,2351.743,NA,NA,3667.145,89.901886,0.024070673,-782.344,2268.1914,14.4623375,27347.242,0.003874511,0.15221705,0.25059995
A16,2356.034,NA,NA,3199.6924,87.0853,0.008119612,-2389.0305,2428.193,11.436433,24622.264,-0.010423861,0.12755942,0.2770106
A16,2360.325,NA,NA,3597.0164,119.62814,0.03247569,-3301.4697,2529.697,11.086115,28610.6,0.017088324,0.08557815,0.22589776
A16,2364.616,NA,NA,5281.779,-130.20471,0.0,-3321.3057,2486.6028,11.346257,43953.824,-0.011156725,0.122959405,0.10719766
B2,1394.85,NA,NA,2752.768,15.385752,0.008700779,2488.0564,1998.6674,8.927839,31129.2,0.0018069188,-0.15789694,0.069289684
B2,1399.1409999999998,NA,NA,3341.5298,6.326365,0.02017094,3224.4546,2319.2896,12.774646,35579.992,0.009902501,-0.08206734,0.01642716
B2,1403.432,NA,NA,3705.8748,37.485626,0.013717503,2845.0977,2426.6062,13.529934,37483.098,0.000744352,-0.030139357,0.0057244897
B2,1407.723,NA,NA,3516.9949,58.675877,0.015284993,1617.768,2357.3467,12.374423,33913.195,0.0006170788,0.044105142,0.035444856
B2,1412.014,NA,NA,3555.4648,82.28752,0.013706304,189.60219,2209.9797,13.0295515,33053.133,-0.0018794015,0.07572195,0.057068586
B2,1416.3049999999998,NA,NA,3442.0527,103.46047,0.015901797,-1015.4127,2160.5596,15.636007,30910.027,-0.0004746236,0.0648303,0.07161015
B2,1420.596,NA,NA,3711.2202,128.02493,0.019700546,-1952.6465,2365.716,18.588488,32308.578,0.002141893,0.021473676,0.069123715
B2,1424.887,NA,NA,3840.7935,23.45755,0.019767534,-2711.3596,2691.311,21.803139,32383.273,0.0008655882,-0.024660856,0.05563143
B2,1429.1779999999999,NA,NA,3989.5515,53.993645,0.0217534,-3046.086,2893.546,22.926592,32653.824,0.001793455,-0.077627,0.026661426
B2,1433.4689999999998,NA,NA,4145.0024,-92.40257,0.021130044,-2733.6748,2903.0713,20.687864,32987.39,0.0006101508,-0.12399897,-0.012731373
B2,1437.76,NA,NA,4189.17,-104.76172,0.020156372,-1372.4542,2857.7449,17.760752,32507.176,-0.0003808905,-0.16782477,-0.07071501
B2,1442.051,NA,NA,4392.894,-73.62497,0.020740567,658.2191,2977.574,15.48007,33042.637,0.00058394583,-0.1968061,-0.13230419
B2,1446.3419999999999,NA,NA,4584.3413,-41.585773,0.019121477,2889.7283,3291.2598,14.269955,34276.688,-0.00042777977,-0.2385917,-0.1846422
B2,1450.6329999999998,NA,NA,4778.7666,-12.047674,0.01823589,4407.1543,3610.2942,15.085082,35949.08,-0.0006976137,-0.29774514,-0.22243014
B2,1454.924,NA,NA,5019.092,16.122396,0.017246295,4764.1953,3753.5159,15.696066,37605.105,-0.0012544591,-0.37903482,-0.23416308
B2,1459.215,NA,NA,5232.7817,42.763786,0.0180938,3715.3865,3665.295,13.040455,38877.594,-0.00023245209,-0.47140047,-0.22040167
B2,1463.5059999999999,NA,NA,5416.49,70.71437,0.01884045,1483.8774,3443.9668,9.966735,40026.72,0.00045831938,-0.40491855,-0.18943715
B2,1467.797,2.0,NA,5403.6523,99.81834,0.018959993,-1216.2485,3303.052,9.159645,40054.023,0.00045941182,-0.3675939,-0.16144541
B2,1472.088,0.0,0.21667958359999973,5271.5337,129.10698,0.019028299,-3425.4426,3378.6162,10.063856,39494.652,0.00063009845,-0.272568,-0.1407466
B2,1476.379,2.0,0.2190237633999983,4929.0513,113.50112,0.018045073,-4429.622,3574.4067,11.777963,37500.926,0.00022436363,-0.16159555,-0.123969376
B2,1480.6699999999998,2.0,0.21679254239999948,4515.411,-83.62357,0.017402276,-4228.7856,3668.9084,14.573846,34853.094,0.00060197536,-0.028263688,-0.094002426
B2,1484.961,2.0,0.22379003019999988,4042.9639,-146.74123,0.013689773,-3202.2915,3496.9897,16.519737,31553.793,-0.0020243071,0.11144233,-0.04089427
B2,1489.252,2.0,0.22050132919999998,3604.8381,-125.59381,0.01204283,-1930.3317,3052.08,15.019871,28294.668,-0.0029883943,0.30567184,0.04732737
B2,1493.543,1.0,0.2197329562000004,3417.6313,-106.99053,0.014282916,-680.6864,2498.7273,12.542782,26843.762,-0.0006954217,0.2916696,0.19441205
B2,1497.8339999999998,1.0,0.21180244320000027,3388.2346,-84.92685,0.017196735,435.06815,2135.8022,11.896038,26555.059,0.0018124301,0.0853892,0.17421374
B2,1502.125,3.0,0.21109797479999998,3448.6934,-58.362026,0.018234199,1595.4528,2127.9,13.643167,26927.424,0.002468863,-0.028888404,0.12121624
B2,1506.416,0.0,0.20906740520000014,3312.3337,-30.194565,0.015991936,2555.0017,2327.4377,16.30552,25749.121,0.00031110624,-0.102509886,0.07697061
B2,1510.7069999999999,3.0,0.221922814599999,3111.215,-5.4908657,0.014461957,2934.3584,2516.1128,17.45604,24091.08,-0.00063988136,-0.14542964,0.052126974
B2,1514.9979999999998,1.0,0.21469957919999905,2914.1235,16.849388,0.011307933,2733.5227,2549.601,17.576395,22484.709,-0.0030833585,-0.15434825,0.041019917
B2,1519.289,1.0,0.21048482080000003,2846.4475,34.31743,0.014048433,2264.9055,2396.6194,15.435551,21881.814,3.2392534e-05,-0.10114533,0.015719235
B2,1523.58,1.0,0.2203232573999996,3005.3394,56.018887,0.014409104,1617.768,2131.266,10.192076,22983.871,0.00016586867,0.005038351,-0.009650886
B2,1527.8709999999999,1.0,0.22790652940000009,3183.8394,78.2775,0.014863022,658.21906,1973.877,6.5726304,24187.223,-0.00018401597,0.10277942,-0.03697771
B2,1532.1619999999998,1.0,0.22522745959999982,3579.3643,101.2373,0.016632114,-703.00146,2220.858,6.0195494,26924.514,0.0004122603,0.14610836,-0.065291375
B2,1536.453,1.0,0.21762205199999998,4068.3335,126.929924,0.018369975,-2465.8938,2838.8406,6.9528074,30140.865,0.0008645911,0.103524536,-0.08104476
B2,1540.744,1.0,0.22012758360000012,4668.288,155.30713,0.020156592,-4184.1553,3463.7422,7.7911015,33910.586,0.0014257708,0.041316867,-0.077064455
B2,1545.0349999999999,1.0,0.21284331820000063,5242.9404,-38.55578,0.020551985,-5121.3896,3835.0435,6.974128,37310.266,0.0007957541,-0.009829283,-0.051941335
B2,1549.326,1.0,0.2271338401999987,5735.7056,-141.80789,0.021153003,-4451.9365,3915.6047,5.2444596,40029.418,0.00067896163,-0.05575794,-0.02060926
B2,1553.617,1.0,0.21157179320000005,6138.62,-109.13158,0.021108922,-1997.2767,3882.6367,4.652627,42037.633,0.00018044676,-0.07904953,0.011793792
B2,1557.908,1.0,0.21064326679999967,6331.899,-76.52335,0.02092206,1461.5624,3994.0098,4.9782634,42600.87,-0.0003395146,-0.084068954,0.039816916
B2,1562.1989999999998,1.0,0.2017778473999965,6483.589,-44.203804,0.0218547,4585.675,4305.5996,5.5424423,42922.87,0.00020615297,-0.07619226,0.061988175
B2,1566.49,1.0,0.21914471540000038,6492.3047,-10.443537,0.0220392,6259.3066,4609.981,5.992511,42413.562,-0.00019737713,-0.05702448,0.08718473
B2,1570.781,1.0,0.21913634939999987,6297.8853,23.601732,0.023100033,5679.1143,4690.712,6.527528,40780.85,-6.42783e-05,-0.03564608,0.10964221
B2,1575.072,1.0,0.21754635000000042,5994.168,59.28574,0.024637768,3090.564,4467.41,7.3832445,38607.664,9.020796e-05,-0.018630028,0.130974
B2,1579.3629999999998,1.0,0.21261066959999578,5446.01,97.34517,0.026516333,-546.7959,3995.4004,7.7413254,35114.61,0.00015147767,-0.0015386641,0.14861065
B2,1583.654,1.0,0.22458433960000002,4773.031,138.30655,0.030110506,-3358.4976,3444.108,7.249262,31045.146,0.0016981766,0.020272642,0.15077186
B2,1587.945,1.0,0.2147861946000002,4081.0405,-85.179955,0.03274854,-3894.0596,3044.0667,7.565098,26846.379,0.0024796994,0.04295647,0.14385438
B2,1592.2359999999999,1.0,0.21539426699999867,3530.5327,-124.59131,0.033586264,-2019.5918,2891.8813,10.450054,23413.701,0.002183807,0.06794199,0.110307395
B2,1596.527,1.0,0.22039643839999976,3347.568,-72.7086,0.03331321,903.6852,2826.1592,15.150713,22254.16,0.0018858347,0.012581944,0.034369916
B2,1600.818,1.0,0.21935807259999998,3423.2976,-21.247684,0.030117564,3090.564,2692.922,15.0848675,22753.621,-0.00014387997,-0.08251116,-0.03101936
B2,1605.109,1.0,0.22010290959999956,3616.321,25.276728,0.026730374,3202.1394,2521.2927,12.316982,24006.352,-0.0014135,-0.108228624,-0.04641953
B2,1609.3999999999999,1.0,0.2212857003999985,3817.8403,66.56874,0.023972986,1506.1925,2407.7942,11.783379,25278.797,-0.0013711154,-0.10450482,-0.031587094
B2,1613.6909999999998,1.0,0.2171133313999987,3783.7551,103.60126,0.021052686,-814.57697,2356.5317,12.082892,24968.658,-0.0009381759,-0.08755314,-0.0042166114
B2,1617.982,1.0,0.21529909820000004,3550.3704,136.1226,0.018316887,-2398.9482,2349.108,12.233655,23339.947,-5.7275465e-05,-0.050792873,0.0219481
B2,1622.273,1.0,0.21972882440000024,3118.519,74.417786,0.010558765,-2822.935,2421.2236,12.492772,20437.578,-0.004564542,0.0026753843,0.037133306
B2,1626.5639999999999,1.0,0.21101536900000065,2673.2095,45.728554,0.0068566063,-2555.154,2536.9146,14.812093,17506.467,-0.0062054107,0.06276631,0.046340376
B2,1630.855,1.0,0.22059660099999992,2727.4243,-78.679634,0.010276045,-2532.839,2575.496,17.561426,17904.393,-0.0025185328,0.06392038,-0.032877773
B2,1635.146,0.0,0.2202524898000001,3057.4763,-107.80561,0.01573147,-2465.894,2481.5518,16.766245,20195.871,0.0014277165,0.024481773,-0.092635304
B2,1639.437,1.0,0.21228376380000008,3609.578,-128.50427,0.02087156,-1974.9618,2357.287,15.067102,24025.32,0.003921048,-0.02687639,-0.00015696883
B2,1643.7279999999998,1.0,0.21773290419999916,4042.7305,-96.26271,0.022119276,-435.22037,2381.524,15.583483,27167.662,0.002355191,-0.042925537,0.19487077
B2,1648.019,1.0,0.22342445939999983,4193.0215,-62.093742,0.023107197,1684.7133,2567.1516,17.147284,28472.242,0.0010842506,-0.059514374,0.20362073
B2,1652.31,1.0,0.21884074799999975,4173.626,-26.398664,0.024500709,3425.29,2768.3486,17.032364,28616.004,0.00086686213,-0.08321372,0.2706572
B2,1656.6009999999999,1.0,0.22441224500000054,3933.1997,11.449048,0.02516626,3760.0166,2852.8628,16.19546,27244.188,0.0003069933,-0.1227541,0.3383666
B2,1660.8919999999998,1.0,0.21976312440000087,3554.5632,50.32488,0.02659739,2398.7961,2772.2908,16.805815,24947.133,0.0006935632,-0.16951174,0.38871798
B2,1665.183,1.0,0.21798657800000007,3169.622,91.41145,0.027890336,167.28706,2543.6711,17.503416,22647.574,0.0011792481,-0.22674626,0.42075923
B2,1669.474,1.0,0.22232969319999973,2840.5781,134.49533,0.028335672,-1751.8107,2234.653,16.158377,20472.34,0.001263126,-0.3245616,0.42494294
B2,1673.7649999999999,1.0,0.22177040139999962,2624.1199,-1.7328472,0.02760127,-2421.2634,1964.4084,14.361773,18787.97,0.0007824462,-0.4756559,0.3992618
B2,1678.056,2.0,0.20146716360000017,2535.3027,-94.095505,0.025632378,-1751.8108,1837.2126,14.737497,17979.56,-0.000261286,-0.45220265,0.3744046
B2,1682.347,2.0,0.22314446239999997,2575.69,-99.49963,0.023868393,-234.38458,1844.5303,17.335829,18121.693,-0.0005495524,-0.43764913,0.33171472
B2,1686.638,2.0,0.2167105040000001,2635.3276,-62.6287,0.021348419,1327.6719,1915.7606,18.84541,18517.137,-0.0012635351,-0.41237158,0.2872251
B2,1690.9289999999999,2.0,0.22035122280000027,2706.454,-29.650518,0.019528659,2264.9055,2023.3378,19.413675,19079.492,-0.0010704859,-0.3456316,0.2583305
B2,1695.2199999999998,2.0,0.2167059071999989,2793.7695,0.5165715,0.018135125,2510.3716,2137.1494,20.411655,19805.598,-0.0001892609,-0.2951355,0.22791496
B2,1699.511,1.0,0.22473335659999993,2796.707,28.530989,0.015539989,2108.7,2178.571,21.99965,19996.652,-0.0003731384,-0.24644572,0.17463332
B2,1703.802,1.0,0.21350960980000006,2749.3962,52.53654,0.011188943,1506.1925,2075.9128,21.273106,19890.693,-0.0024587181,-0.20723954,0.07206184
B2,1708.0929999999998,1.0,0.222422985199999,2770.4304,69.82077,0.006685753,1059.8906,1864.1018,14.577553,20335.652,-0.0052163596,-0.19612414,-0.023417592
B2,1712.384,1.0,0.23049890300000064,3120.4048,80.14865,0.013131377,658.21906,1785.9514,8.987538,23293.19,0.0019261746,-0.055307925,-0.018241078
B2,1716.675,1.0,0.21919574419999954,3736.6123,55.433483,0.0075588822,-145.1242,2211.5076,6.9731374,28412.918,-0.004240497,0.1068286,0.06950882
B2,1720.966,0.0,0.22120321520000014,4536.6426,112.110146,0.015556041,-1774.1259,3096.0635,6.698833,35285.504,0.002138108,0.18608013,0.13612172
B2,1725.257,1.0,0.204095277800002,5586.266,136.14049,0.018579926,-4094.8955,4097.9053,6.907433,44667.65,0.0031702912,0.12186664,0.078026116
B2,1729.548,1.0,0.2105327778000004,6511.718,74.84201,0.019079482,-6192.5137,4885.717,6.517564,53494.223,0.0019820929,0.088380575,0.052432954
B2,1733.839,1.0,0.22378078859999997,7164.193,-120.68476,0.019019546,-6795.021,5245.0747,5.4342775,60217.434,0.0008935806,0.06392932,0.044508994
B2,1738.1299999999999,0.0,0.23910403579999887,7520.4897,-136.30412,0.018737502,-5344.54,5127.409,4.6418376,64177.22,0.00041251112,0.055609822,0.033465743
B2,1742.4209999999998,0.0,0.214423798400001,7490.984,-107.359184,0.01779491,-2220.4275,4660.007,4.2099495,64548.32,3.508068e-05,0.055687368,0.019701958
B2,1746.712,0.0,0.21485568779999994,7122.062,-79.87032,0.016794143,1193.7812,4129.6504,3.579119,61812.016,0.00013026445,0.061297774,0.0012866259
B2,1751.003,1.0,0.22411084599999914,6519.293,-53.9274,0.0149832275,3760.0166,3873.8652,3.0997179,56881.508,-0.00017243627,0.08482021,-0.027808309
B2,1755.2939999999999,1.0,0.21842427139999845,5687.144,-30.781912,0.011804082,4831.1406,3989.192,3.2937489,50495.88,-0.0016129497,0.11749172,-0.06429839
B2,1759.585,1.0,0.21494295219999984,4930.5205,-12.547437,0.0101163015,4786.5107,4229.8066,4.117623,45009.3,-0.0016394434,0.13353917,-0.11545104
B2,1763.876,1.0,0.21196934540000004,4411.5205,3.079821,0.008852216,4362.5244,4309.817,5.1197753,40495.598,-0.0016969776,0.09217805,-0.15906075
B2,1768.167,0.0,0.21161808260000056,4162.017,16.75437,0.0086547695,3960.8523,4115.3174,6.2933187,38145.844,-0.0014581333,0.011277199,-0.17981315
B2,1772.458,1.0,0.22630364040000114,4180.282,30.123913,0.00998807,3514.5505,3694.7302,7.9458866,38495.51,-0.00051149615,-0.030748665,-0.1874268
B2,1776.749,1.0,0.21739454860000001,4243.763,45.553085,0.012383595,2621.9468,3172.7852,9.866461,39329.805,0.0009834648,-0.0453628,-0.15449238
B2,1781.04,1.0,0.22039039719999998,4243.4033,64.68276,0.014568813,1260.7266,2660.184,12.353238,39633.72,0.0024126568,-0.02730605,-0.11344862
B2,1785.331,1.0,0.23087675179999978,3979.3374,87.18809,0.0141941095,-167.43939,2216.747,16.547092,37516.89,0.002176221,0.016215205,-0.07504994
B2,1789.6219999999998,0.0,0.24718445799999994,3480.4106,109.114586,0.012654145,-1060.0427,1886.7714,20.928305,33118.453,0.0019275355,0.06925747,-0.04724276
B2,1793.913,0.0,0.20766387180000026,2812.8374,128.6622,0.0050140168,-1216.2487,1708.925,21.9596,26950.225,-0.003883979,0.12355921,-0.02600497
B2,1798.204,1.0,0.21226058660000052,2154.6372,91.40765,0.0016726216,-926.1523,1695.093,20.951954,20715.762,-0.005961695,0.15389147,-0.00043192506
B2,1802.495,1.0,0.23263632020000105,2240.005,116.491455,0.004854515,-970.7826,1848.3013,21.231167,21257.111,-0.0028751637,0.10360199,0.07600787
B2,1806.786,1.0,0.21058488079999996,2865.0728,123.99051,0.013093727,-1684.8655,2193.5708,21.601717,26466.348,0.0038967428,0.097302586,-0.022753865
B2,1811.077,1.0,0.22176515580000003,3457.463,144.21716,0.015037168,-2778.3052,2672.424,20.436165,31039.387,0.0037302473,0.112760425,-0.11098611
B2,1815.368,1.0,0.21834298280000056,3868.5051,77.44599,0.015136608,-3648.5933,3105.8345,18.602448,33812.97,0.0020683948,0.115133464,-0.1888009
B2,1819.6589999999999,1.0,0.2280911188000015,4094.4124,-79.171585,0.014028687,-3916.3745,3331.633,18.305336,35066.855,8.559998e-05,0.098315686,-0.3095571
B2,1823.9499999999998,1.0,0.2106824766000013,4218.8306,-147.50063,0.013089887,-3492.3877,3284.051,19.130741,35692.082,-0.0010951594,0.08447716,-0.41213036
B2,1828.241,1.0,0.20858231520000003,4388.9365,-127.27989,0.013604054,-2532.839,3030.2722,17.988525,36949.676,-0.00084866956,0.06219268,-0.38016513
B2,1832.532,1.0,0.22525476020000015,4635.548,-106.264885,0.015079706,-1037.7278,2799.9019,15.230275,38950.656,-9.395156e-05,0.03829494,-0.327413
B2,1836.8229999999999,0.0,0.21655742639999997,4933.8755,-82.97036,0.017106863,903.68494,2881.5596,13.453676,41324.42,0.0007635137,0.017972976,-0.3017362
B2,1841.114,1.0,0.2172682309999999,5247.071,-56.544365,0.019112207,3023.619,3313.727,15.032633,43344.496,0.0013763842,0.047433972,-0.2727533
B2,1845.405,1.0,0.21456582439999997,5445.312,-27.020592,0.020101206,4697.2505,3811.8105,18.018747,43365.547,0.001039476,0.092776924,-0.24433193
B2,1849.696,1.0,0.21278573559999936,5488.381,4.030948,0.020833371,5121.2373,4085.3782,19.188595,42225.418,0.000742291,0.13268048,-0.21966273
B2,1853.987,1.0,0.2196804377999999,5436.172,36.213512,0.021701934,4050.113,4025.354,18.219074,41291.863,0.0009948831,0.15728584,-0.18667689
B2,1858.278,1.0,0.21785395859999976,5255.0825,69.737785,0.021396972,1729.3435,3714.1553,16.55423,39819.145,0.0005320439,0.18376654,-0.14282769
B2,1862.569,1.0,0.2218873284000001,4945.875,102.79097,0.020740367,-903.8373,3371.4324,14.825979,37747.29,0.00017018395,0.20877644,-0.095617294
B2,1866.86,1.0,0.2105210663999999,4639.0635,134.82986,0.019987842,-2979.1409,3204.6516,13.200754,35520.117,7.459137e-05,0.21493852,-0.03339249
B2,1871.1509999999998,1.0,0.21843159300000303,4308.1914,75.70628,0.018063514,-3983.3196,3222.1855,12.802897,32687.693,-0.0010389815,0.208612,0.036042303
B2,1875.442,1.0,0.2150548885999996,4010.4397,-76.38994,0.01717502,-3827.1143,3230.3025,14.634752,30200.45,-0.0012188567,0.1828793,0.079840064
B2,1879.733,1.0,0.2206534797999989,3825.5974,-139.85863,0.017217807,-2845.25,3055.061,16.769606,28598.05,-0.0006928762,0.14046222,0.097898066
B2,1884.024,1.0,0.20751363859999997,3700.6357,-113.26126,0.018186167,-1350.1392,2696.6858,15.658784,27614.564,0.0005859053,0.102859706,0.09121612
B2,1888.315,2.0,0.21642075179999878,3533.3042,-85.168,0.018001497,323.49274,2299.9219,12.338881,26589.566,0.000662402,0.047673523,0.07876724
B2,1892.606,2.0,0.23787626919999996,3254.7039,-57.360004,0.0165212,1662.3981,2049.552,10.831779,24924.273,-0.0005400051,-0.0051686466,0.067427844
B2,1896.897,2.0,0.20434793180000008,2927.2463,-31.83871,0.015854897,2287.2207,2032.1,12.276205,22698.959,-0.0007740083,-0.059360772,0.06841412
B2,1901.1879999999999,2.0,0.228853209399996,2646.6936,-7.346697,0.015943207,2354.1658,2127.2502,16.954916,20698.469,-0.00015150858,-0.09531456,0.1145457
B2,1905.4789999999998,3.0,0.24462870099999312,2363.9512,17.28173,0.017546017,2108.7,2161.8396,23.445145,18770.773,0.0017806207,0.050358832,0.20355114
B2,1909.77,3.0,0.2178140286,2116.6436,21.886118,0.01020646,1796.2886,2075.502,26.10417,17174.023,-0.005587007,0.2623087,0.25781122
B2,1914.061,1.0,0.20771422279999946,2140.6392,15.152651,0.019271243,1617.7681,1899.8602,25.348389,17748.928,0.003183754,0.3790919,0.10293308
B2,1918.3519999999999,1.0,0.21989145939999946,2348.235,44.922096,0.017306808,1260.7264,1685.7269,25.580256,19344.32,0.0010428224,0.24220312,0.14460763
B2,1922.643,1.0,0.20740358199999998,2443.2722,71.65697,0.018036725,613.5889,1466.235,28.131994,20465.02,0.0022188316,0.18092838,0.02980563
B2,1926.934,1.0,0.21386944940000002,2393.755,99.51938,0.0151386615,-167.43927,1300.265,30.081554,20526.662,0.0006779999,0.09356025,-0.09801507
B2,1931.225,1.0,0.21638463500000044,2173.156,122.90497,0.009924382,-814.57697,1262.4033,27.5321,18711.514,-0.002685462,-0.07127532,-0.09566474
B2,1935.516,1.0,0.21927089080000015,1986.5986,93.23576,0.00619968,-1171.6184,1385.9287,23.60439,17218.309,-0.005103532,-0.2670117,-0.014278859
B2,1939.8069999999998,1.0,0.2217698803999983,2024.0883,57.81278,0.006468364,-1417.0844,1612.7025,21.714571,17788.541,-0.0047745807,-0.42360166,0.18814057
B2,1944.098,1.0,0.22289268620000022,2197.5024,90.30484,0.018653594,-1841.071,1836.994,21.363493,19487.172,0.0062363604,-0.580441,0.57637954
B2,1948.3890000000001,1.0,0.2116250524000013,2427.8562,-15.8798275,0.015706025,-2287.3728,1981.9662,20.698603,21354.346,0.0014340814,-0.47438684,0.34061682
B2,1952.6799999999998,1.0,0.2269731168000021,2576.0386,-126.61778,0.017264258,-2309.688,2006.3558,20.141241,21977.041,0.0013781298,-0.4136493,0.26364353
B2,1956.971,0.0,0.22088952919999977,2591.866,-99.94866,0.01777485,-1774.126,1893.1987,20.769394,21788.396,0.0016783854,-0.4012535,0.18907446
B2,1961.262,0.0,0.21251544739999975,2367.567,-117.49077,0.017388754,-792.26184,1659.0598,23.400515,20002.479,0.0029756986,-0.43343857,0.094177425
B2,1965.5529999999999,1.0,0.22025488360000023,1977.062,-90.62932,0.013743846,-11.23366,1372.2363,26.955065,16603.777,0.0019152958,-0.49156186,-0.062038988
B2,1969.844,1.0,0.2143113777999978,1720.843,-46.898376,-0.0043772617,122.65691,1175.6503,29.541384,14402.733,-0.014147313,-0.3325349,-0.186456
B2,1974.135,1.0,0.21603189819999985,1841.3014,-31.160198,0.005441668,-279.01474,1251.9904,28.918652,15296.324,-0.003838984,0.008624107,-0.4346154
B2,1978.426,1.0,0.22029215220000067,2565.2124,-112.75413,0.015110987,-435.22037,1670.3428,25.485163,21561.049,0.00438491,-0.03525111,-0.3832209
B2,1982.717,1.0,0.20485577700000032,3579.5652,-89.41127,0.018388903,412.753,2317.5168,23.76841,30350.34,0.004872468,-0.08641529,-0.3278259
B2,1987.0079999999998,1.0,0.22155669760000032,4519.217,-61.004837,0.019044396,2287.2207,3024.2554,25.199532,38507.195,0.002634025,-0.12389439,-0.21391955
B2,1991.299,2.0,0.2146755162,5217.3154,-31.585815,0.019185612,4184.0034,3617.63,27.065306,44906.08,0.0009982118,-0.16014734,-0.15049481
B2,1995.59,2.0,0.21243147000000004,5673.314,-1.9486508,0.01917878,4987.347,3966.469,27.368702,50156.938,0.00048849266,-0.19568878,-0.110988736
B2,1999.8809999999999,2.0,0.2175871921999982,5787.8774,27.677961,0.018457644,4139.373,4019.4775,26.602861,52071.7,-9.494854e-05,-0.22544289,-0.07714361
B2,2004.172,0.0,0.21682643420000028,5578.158,56.19059,0.017815355,2086.3848,3807.2344,25.68752,50072.688,-0.00041430217,-0.25898924,-0.041975558
B2,2008.463,2.0,0.2215106791999997,5146.0913,83.71104,0.017489007,-78.178925,3429.964,25.016314,46523.617,2.095502e-05,-0.30476457,0.0075381994
B2,2012.754,2.0,0.21980479139999987,4519.509,110.72736,0.016999613,-1573.2899,3027.1118,25.187231,40615.027,0.0011318481,-0.3760976,0.075008124
B2,2017.045,2.0,0.2620246227999969,3779.502,1.9876795,0.018591102,-2108.852,2711.9114,27.721735,33400.69,0.0048526884,-0.47684938,0.192179
B2,2021.336,2.0,0.22686602420000013,3092.2961,30.70647,-0.00065317773,-2019.592,2502.6611,33.036705,26478.854,-0.012231348,-0.5069938,0.38304386
B2,2025.627,2.0,0.22727235759999997,2664.168,52.197468,0.008989528,-1707.1805,2328.6155,37.36941,22088.377,-0.0009642909,-0.5251846,0.4062304
B2,2029.9180000000001,2.0,0.23874770840000337,2545.963,66.08413,0.012345936,-1484.0297,2185.7852,38.760235,20768.28,0.0031747697,-0.2974486,0.3086696
B2,2034.2089999999998,2.0,0.22299336860000027,2500.3787,-4.8443604,0.0068542883,-1417.0844,2140.6216,37.199,20288.865,-0.0024698435,-0.0896489,0.234655
B2,2038.5,2.0,0.19127240139999968,2421.7756,-39.256126,0.013701286,-1394.7693,2191.9326,35.469147,19667.35,0.0033928286,0.0050074756,-0.015793473
B2,2042.791,0.0,0.17874498759999996,2661.3901,49.409073,0.0050973827,-1684.8655,2324.629,36.27228,22088.936,-0.0062531442,0.17314205,-0.15435046
B2,2047.0819999999999,0.0,0.1742190022000009,2945.541,-10.2167015,0.019732194,-2220.4277,2486.4087,38.285446,24952.73,0.0075178235,0.2970484,-0.25932345
B2,2051.373,0.0,0.18724121799999993,3394.376,-69.7352,0.013499209,-2778.305,2582.9043,39.13582,29042.336,0.00031613326,0.307076,-0.29971057
B2,2055.6639999999998,0.0,0.1824610449999996,3799.1875,-93.88216,0.010049086,-2755.9897,2566.3481,36.409897,32771.492,-0.0040727705,0.34065506,-0.38231096
B2,2059.955,0.0,0.18680222640000008,4312.057,-123.35872,0.01756877,-1863.3862,2517.2676,31.37777,37245.5,0.0026152083,0.1848365,-0.25821713
B2,2064.246,0.0,0.18114881959999984,4650.1807,-96.21919,0.01720671,-145.12418,2547.7031,26.776604,40149.07,0.0015676824,0.09416285,-0.16745591
B2,2068.537,0.0,0.17526419460000084,4727.3545,-69.638954,0.016380416,1773.9736,2710.0623,23.82732,40413.14,0.00013051154,0.046862245,-0.096732914
B2,2072.828,0.0,0.1808602736,4663.547,-44.33514,0.01675001,3157.5093,2992.8174,22.105618,39274.3,4.6109475e-05,0.0427472,-0.03516543
B2,2077.1189999999997,0.0,0.18019642860000099,4533.5312,-18.460394,0.017269446,3782.332,3292.0225,21.781853,37957.355,0.00044864474,0.084423184,0.020374835
B2,2081.41,0.0,0.25664154139999873,4205.523,8.216753,0.016624298,3514.5503,3446.2607,22.563004,35000.242,0.00018626012,0.15853357,0.06530288
B2,2085.701,2.0,0.21525201459999868,3774.8125,33.89731,0.016035035,2845.0981,3348.151,22.721766,30778.48,0.00046107796,0.2744437,0.09620127
B2,2089.992,2.0,0.21464115940000394,3341.0542,58.667595,0.018435802,2197.9602,2998.357,21.027643,27103.125,0.0036993395,0.44456303,0.09932378
B2,2094.283,2.0,0.24022102380000385,2963.5847,64.64648,0.00096291,1617.768,2502.0347,19.034924,24189.64,-0.0134289,0.63215774,0.1422612
B2,2098.574,2.0,0.21544571620000139,2977.374,43.633945,0.020470932,1037.5757,2043.9923,18.246017,23750.72,0.005727198,0.5491239,0.3413666
B2,2102.865,1.0,0.21691012219999842,3063.685,75.25662,0.018289506,55.7116,1807.5049,17.988245,23694.387,0.0026178292,0.3649448,0.45202297
B2,2107.156,1.0,0.2348523489999978,3074.6853,103.50952,0.018159159,-1126.9882,1813.6936,17.852512,23379.059,0.0011507121,0.20132837,0.4232197
B2,2111.447,1.0,0.21236348480000264,2984.3777,131.56105,0.016604852,-2220.4277,1939.1522,19.796024,22454.57,-0.0019802975,0.056347966,0.43159935
B2,2115.738,0.0,0.21370048839999872,2778.1982,157.21158,0.019111622,-2644.4143,2044.0344,22.69119,20699.602,-0.0008813042,-0.035754204,0.46842712
B2,2120.029,1.0,0.22632919559999945,2547.9766,-83.26556,0.02505324,-2108.852,2030.2572,29.626461,18841.8,0.0039039014,0.1948258,0.54855984
B2,2124.3199999999997,1.0,0.2105937477999975,2389.766,-67.064316,0.025170984,-926.1524,1898.3411,34.339066,17301.918,0.0031010613,0.03782323,0.47690275
B2,2128.611,1.0,0.20868390999999964,2272.279,-28.181187,0.021952132,122.656906,1698.1028,35.173767,16102.909,-0.00023685656,-0.031925827,0.40577295
B2,2132.902,1.0,0.21052888740000023,2162.025,5.7295885,0.019615136,635.904,1502.6675,35.967445,15015.941,-0.0016736749,-0.08678055,0.3350305
B2,2137.193,1.0,0.21451971120000227,1957.2501,-8.969734,0.02323185,546.64355,1393.9269,42.05838,13272.672,0.0033003124,-0.15934095,0.23665768
B2,2141.484,0.0,0.20359025539999967,1693.8054,-18.082102,0.010337702,412.75305,1373.719,46.493855,11327.454,-0.008687435,-0.20615366,0.16237158
B2,2145.775,1.0,0.18869897059999938,1537.5325,20.387167,0.019878529,412.75305,1347.0344,47.15068,10295.729,0.0009132066,-0.19942415,0.07310864
B2,2150.066,1.0,0.201244695999996,1519.075,51.094727,0.020307321,435.06818,1315.6244,46.4658,10274.29,0.0010635932,-0.102999866,0.020619541
B2,2154.357,1.0,0.21265277359999987,1601.6827,82.46466,0.025906837,11.081421,1336.8777,46.334488,10956.228,0.0064462665,0.023292005,-0.01094833
B2,2158.648,1.0,0.1972205552,1683.3385,77.48451,0.01716547,-881.52216,1400.9675,44.246746,11604.627,-0.0025238108,0.23503515,0.0035115778
B2,2162.939,1.0,0.2125262649999995,2008.0603,-8.49896,0.012425791,-1774.1257,1479.969,36.477104,13833.482,-0.007563734,0.24206123,-0.21703917
B2,2167.23,2.0,0.2034178653999995,2339.2827,-101.8041,0.024329387,-1908.0165,1557.3617,28.572489,16056.401,0.0037377619,0.22464219,-0.31901973
B2,2171.5209999999997,2.0,0.2109073751999998,2556.191,-109.22103,0.02396593,-993.09766,1622.2595,25.780237,17554.562,0.0024134377,0.14379376,-0.3507149
B2,2175.812,2.0,0.21143615300000043,2718.7456,-72.19942,0.025293093,502.01346,1687.7756,27.49556,18856.727,0.002870653,0.06962782,-0.27106616
B2,2180.103,2.0,0.20754670519999932,2726.905,-33.12766,0.022541128,1796.2886,1767.8687,29.153122,19082.215,3.16058e-05,0.008996725,-0.18773252
B2,2184.3940000000002,2.0,0.24336268220001225,2568.6985,1.6929711,0.020702122,2064.0698,1847.7522,30.26812,18173.098,-0.00064480014,-0.058453172,-0.114926636
B2,2188.685,2.0,0.2157400438000004,2386.0186,33.672783,0.019480374,1595.4528,1874.6752,34.189667,17169.35,0.00018633755,-0.10029966,-0.053586066
B2,2192.976,1.0,0.20503011820000014,2185.5173,63.765285,0.015774697,881.37,1786.4257,38.612053,15944.0205,-0.0013062796,-0.07705313,-0.034400254
B2,2197.267,0.0,0.21422753060000058,2052.1143,43.133404,0.0109069785,390.438,1597.756,37.05672,15179.022,-0.004357223,-0.01499179,-0.08031073
B2,2201.558,1.0,0.21182635199999997,2080.2964,59.982067,0.011583146,-78.17892,1469.0537,33.21692,15628.14,-0.002630398,0.074626446,-0.19980869
B2,2205.849,1.0,0.19800698259999833,2294.9492,77.875244,0.01630663,-769.9467,1586.0616,32.317223,17534.145,0.0022210088,0.030279607,-0.16546056
B2,2210.14,1.0,0.21130989019999896,2565.814,103.06509,0.013559891,-1751.8108,1884.4362,33.181313,19903.605,-0.0011485544,0.035629213,-0.2159375
B2,2214.431,1.0,0.2104430991999993,2870.799,79.011856,0.017224275,-2666.7292,2166.6306,33.259235,22571.953,0.0016547886,0.01714912,-0.24320844
B2,2218.7219999999998,2.0,0.2114627020000008,3107.9834,-119.38077,0.017722992,-2889.8806,2314.6274,30.70026,24913.588,0.0016679673,-0.037798017,-0.25791574
B2,2223.013,2.0,0.20394551279999792,3243.4375,-137.003,0.016601445,-2309.688,2270.9944,26.250729,26597.398,0.0007920469,-0.15831923,-0.2321167
B2,2227.304,0.0,0.11047010819999968,3228.5366,-111.35776,0.015075475,-1216.2485,2053.9314,21.760983,27029.105,5.12978e-05,-0.29252073,-0.24446696
B2,2231.5950000000003,0.0,0.11030800279999761,3154.8215,-88.06977,0.012069201,-122.80913,1788.5442,17.81986,26772.188,-0.0020356511,-0.30332804,-0.3079794
B2,2235.886,0.0,0.11724946300000004,3046.9214,-69.42574,0.009670345,702.84924,1704.5377,15.17783,26037.613,-0.0037704192,-0.26586136,-0.41847324
B2,2240.177,0.0,0.1462942762000008,3155.802,-54.487385,0.01576791,1439.2472,1975.0441,15.739925,26959.717,0.002475636,-0.3244177,-0.76615
B2,2244.468,0.0,0.1120228062000021,3529.6636,-52.62975,0.013586657,2376.481,2491.2224,17.254143,30104.63,2.12866e-05,-0.18736607,-0.44080985
B2,2248.759,0.0,0.11983581280000014,3930.1074,-31.641623,0.014709543,3291.3997,3022.827,19.474993,33518.82,0.00072715385,-0.09786424,-0.30545753
B2,2253.05,0.0,0.1278859689999989,4246.163,-8.918909,0.014136769,3938.537,3406.0127,21.590725,36417.72,-0.000100150486,0.010062575,-0.21736887
B2,2257.341,0.0,0.13307434140000307,4391.3276,12.919005,0.014521224,3893.9075,3545.3992,22.665228,37776.637,0.00032156007,0.07067534,-0.1471619
B2,2261.632,0.0,0.11163979740000099,4471.776,35.350815,0.014037511,3224.4546,3415.0325,22.272905,38495.227,1.37290845e-05,0.09433508,-0.0769549
B2,2265.923,0.0,0.12448141940000072,4389.9277,57.0354,0.013358411,2064.0698,3065.4548,20.289463,37930.75,-0.0005055503,0.1063267,-0.015420258
B2,2270.214,0.0,0.12274697540000042,4336.414,77.67094,0.013394022,836.7398,2644.0571,17.580675,37528.695,-0.0003982729,0.10394117,0.049532503
B2,2274.505,0.0,0.12175124819999929,4294.244,98.36149,0.013566634,-457.5355,2382.576,15.444927,37290.727,-0.00029560117,0.09744868,0.11893973
B2,2278.796,0.0,0.12253950699999905,4253.65,119.31869,0.014656543,-1818.7561,2439.39,15.163658,36627.785,0.0006319315,0.090514064,0.1694077
B2,2283.087,0.0,0.11380072919999995,4119.2407,96.95952,0.014594512,-2934.5105,2689.9412,17.354599,34405.96,0.00042934233,0.083542734,0.22711557
B2,2287.3779999999997,0.0,0.11944519260000147,3878.1514,74.50454,0.014467951,-3447.7576,2902.8083,20.600182,30989.39,0.00027025357,0.07777929,0.30407068
B2,2291.669,0.0,0.11290359099999965,3534.7017,6.8540554,0.013745744,-3224.6064,2940.7544,21.854935,27417.818,-0.00038503404,0.08014342,0.34943983
B2,2295.96,0.0,0.1180265435999999,3075.356,-106.91207,0.013439824,-2354.318,2767.9534,20.01341,23589.02,-0.00057884323,0.08164346,0.33872825
B2,2300.251,0.0,0.11224076940000083,2667.1868,-86.150764,0.014332475,-1394.7694,2416.9854,17.432552,20376.217,0.00032310956,0.07182598,0.3160579
B2,2304.542,0.0,0.11325311359999965,2281.408,-109.01054,0.013979087,-636.0562,1967.8353,17.5325,17447.844,-0.00053742196,0.026847273,0.2953787
B2,2308.833,0.0,0.12119205260000102,1949.3892,-87.41621,0.01365597,-145.12422,1527.6024,23.258003,14926.108,-0.002274341,-0.012373239,0.23092246
B2,2313.124,0.0,0.1254051849999996,1725.7186,-66.32101,0.016980154,278.86255,1221.1127,31.609068,13131.883,-0.0010298541,0.021953821,0.14592806
B2,2317.415,0.0,0.1161069756000002,1590.294,-40.090744,0.026987586,725.16437,1112.7125,35.69184,11893.196,0.0068167355,0.055615216,0.10916415
B2,2321.706,0.0,0.11669924419999998,1432.0657,24.098602,0.02640322,903.6851,1188.5557,34.038254,10465.838,0.004525894,0.1553661,0.0985274
B2,2325.997,0.0,0.11828497639999992,1507.4712,64.88524,0.018845782,412.75305,1433.9781,30.853203,11761.04,-0.003852012,0.31890002,0.051217735
B2,2330.288,0.0,0.11741795019999988,2093.8943,116.49745,0.024307683,-703.0014,1777.4696,30.41248,17031.29,0.0017587692,0.22201118,-0.086462945
B2,2334.5789999999997,0.0,0.11887240979999994,2791.0579,19.046982,0.02117264,-2153.4822,2103.8188,29.697021,23440.533,-0.00058232114,0.14381051,-0.14212623
B2,2338.87,0.0,0.11915471920000033,3447.8792,-38.246376,0.020711461,-2979.1406,2321.7007,26.53976,29565.293,-0.00012585805,0.004912138,-0.14383596
B2,2343.161,0.0,0.1284235457999999,4079.0754,-96.25214,0.019162517,-2733.6748,2418.685,22.368681,35554.77,-0.00077416736,-0.09340179,-0.13105154
B2,2347.452,0.0,0.1190062687999981,4408.278,-111.65065,0.018267237,-1283.1938,2470.0264,18.584906,39199.3,-0.0006831098,-0.16724783,-0.10429531
B2,2351.743,0.0,0.12340167179999974,4673.2393,-83.432144,0.018134594,747.47943,2573.2104,16.82987,42596.72,0.00049011665,-0.2084558,-0.07479006
B2,2356.034,0.0,0.1197450623999985,4493.9585,-55.41855,0.014728259,2599.632,2716.6335,14.708662,42153.22,-0.0007800691,-0.2353645,-0.050489664
B2,2360.325,0.0,0.11527391440000094,4308.4404,-32.666927,0.018499816,3603.8108,2797.8262,13.7209015,41790.203,0.006140651,-0.2471601,-0.029178917
B2,2364.616,0.0,0.11827451640000003,3927.188,-4.0891514,0.0,3693.0713,2724.1514,13.810575,38278.285,-0.008581735,-0.20915207,-0.014410853
B4,1394.85,NA,NA,3815.263,-49.16023,0.02607292,2351.6865,1933.2192,20.664549,36207.566,0.016952477,0.10104945,0.06978289
B4,1399.1409999999998,NA,NA,3153.105,11.116184,0.008614502,2569.8784,2350.023,22.370485,28675.23,-0.0036923727,0.30188793,0.10076327
B4,1403.432,NA,NA,3301.759,4.423521,0.018089795,2411.1934,2568.3257,24.33535,28954.678,0.0035110253,0.50083226,0.18271531
B4,1407.723,NA,NA,3721.9102,72.367905,0.015559574,1816.1243,2587.5823,23.431776,31372.295,-0.00029553054,0.36257523,0.24953093
B4,1412.014,NA,NA,3738.4834,56.40372,0.01490263,864.0138,2537.6167,20.351448,30418.396,-0.0016459929,0.3663293,0.26739973
B4,1416.3049999999998,NA,NA,4114.2207,79.42471,0.019863803,-544.31635,2590.7283,18.82382,32585.148,0.002710699,0.2632451,0.31827185
B4,1420.596,NA,NA,4112.028,110.10952,0.017913317,-2111.3318,2796.3308,19.456064,31667.434,0.00061572646,0.24843305,0.32677796
B4,1424.887,NA,NA,4285.274,97.78128,0.020938503,-3360.977,3047.332,22.675037,32247.646,0.004076027,0.31308755,0.30792218
B4,1429.1779999999999,NA,NA,4340.3945,-29.873758,0.010539943,-3837.0322,3199.4626,23.035545,31945.951,-0.0058573345,0.32482094,0.28799286
B4,1433.4689999999998,NA,NA,4360.8027,-73.59207,0.012143423,-3202.2917,3178.2666,18.393139,31354.646,-0.0041339835,0.2893086,0.26650178
B4,1437.76,NA,NA,4594.1855,-114.833405,0.020543575,-1516.2626,3054.3635,14.791146,32161.805,0.0037485552,0.18464653,0.18329498
B4,1442.051,NA,NA,4583.1597,-83.0985,0.019467888,764.8356,3049.1265,13.534179,32665.139,0.0016314626,0.097344846,0.12104556
B4,1446.3419999999999,NA,NA,4792.8003,-53.025288,0.020249613,2887.2488,3303.3948,13.489783,34684.445,0.0012691648,0.020121442,0.088843316
B4,1450.6329999999998,NA,NA,4943.0977,-21.744501,0.019293832,4474.0996,3665.3506,13.466129,35769.875,-0.00043235102,-0.02716107,0.07565525
B4,1454.924,NA,NA,5148.8247,8.059836,0.020416139,4950.155,3883.8293,12.424471,36736.14,0.00045306116,-0.07415324,0.08069123
B4,1459.215,NA,NA,5332.9785,39.597874,0.019903945,3998.0442,3829.7148,11.156208,37794.625,-0.00012772979,-0.1157776,0.0807111
B4,1463.5059999999999,NA,NA,5333.7627,70.344696,0.020271271,1776.4531,3567.097,10.253578,37932.89,0.00017949537,-0.15821733,0.06958834
B4,1467.797,NA,NA,5312.857,101.658936,0.020377435,-941.0292,3318.1655,9.605451,37962.21,0.00024830984,-0.2103313,0.05525319
B4,1472.088,NA,NA,5022.085,133.13719,0.019670386,-3162.62,3278.583,9.356557,35982.6,-0.0004315148,-0.24694882,0.018921217
B4,1476.379,NA,NA,4692.744,83.52322,0.020398766,-4213.909,3395.0608,10.194507,33643.227,0.00053544634,-0.28567418,-0.024707159
B4,1480.6699999999998,NA,NA,4275.1074,-84.96559,0.020145932,-4055.2239,3441.8772,13.175033,30790.336,0.0005576644,-0.32995,-0.06331679
B4,1484.961,NA,NA,3775.5195,-133.84496,0.018635295,-2924.593,3240.562,16.862959,27269.992,-0.00084736105,-0.39959142,-0.105579406
B4,1489.252,NA,NA,3241.0623,-105.05789,0.014771349,-1278.235,2766.793,17.44381,23377.207,-0.0043050093,-0.54806685,-0.15120885
B4,1493.543,NA,NA,2618.0068,-82.239716,0.027371837,189.60216,2142.1338,16.513723,18824.95,0.009133273,-0.5609876,-0.031032111
B4,1497.8339999999998,NA,NA,2056.3894,-39.95679,0.015918583,923.52075,1575.5627,18.447355,14717.368,-0.0012559076,-0.59297246,-0.004511118
B4,1502.125,NA,0.21344245219999824,1472.3955,4.6335983,0.0042702295,784.67114,1230.813,25.199575,10399.712,-0.011660796,-0.29622412,-0.09319361
B4,1506.416,1.0,0.20743684799999984,1322.0199,-8.769924,0.024033107,209.4378,1152.2756,32.09803,9305.274,0.009045739,-0.21235844,-0.25831375
B4,1510.7069999999999,1.0,0.21768351660000052,1579.628,-51.644543,0.0088289,-88.096756,1290.99,27.957258,11139.625,-0.006121669,-0.25834182,-0.40958032
B4,1514.9979999999998,1.0,0.2058286813999998,2021.3463,-58.006023,0.0138905905,308.61594,1567.0199,25.645369,14348.47,-0.0022350787,-0.31415734,-0.4740463
B4,1519.289,1.0,0.21272207500000084,2581.3896,-56.54838,0.022705955,1439.2473,1934.4534,27.463366,18485.799,0.0046726847,-0.40645617,-0.3635913
B4,1523.58,1.0,0.20674546159999996,3125.032,-21.473133,0.022442088,2609.5498,2274.6448,25.291573,22565.213,0.0026213804,-0.21089083,-0.25848642
B4,1527.8709999999999,1.0,0.2059007297999997,3628.663,13.194507,0.02203668,3085.605,2496.0952,18.32455,26460.8,0.0007880256,-0.11472882,-0.18479297
B4,1532.1619999999998,1.0,0.21260561739999814,4113.967,47.235886,0.022816334,2351.6865,2640.079,13.886113,30200.57,0.0008163082,-0.026175128,-0.1288886
B4,1536.453,1.0,0.21244005320000017,4516.576,82.48165,0.022009967,348.28726,2832.104,12.638672,33230.457,0.00012058144,0.038303003,-0.07806529
B4,1540.744,1.0,0.22254048220000003,4745.9224,116.48177,0.021146117,-2012.1532,3147.1357,12.55008,34970.797,-0.00017720944,0.08179249,-0.03407897
B4,1545.0349999999999,1.0,0.20347125979999967,4969.487,109.14743,0.020662375,-3936.21,3517.4346,12.978456,36843.3,0.00017054152,0.106621265,0.008949439
B4,1549.326,1.0,0.20465109880000026,5038.2554,61.06585,0.018590696,-4689.9644,3778.7175,13.703486,37344.996,-0.0008087066,0.12141548,0.04613495
B4,1553.617,1.0,0.20155483540000035,5035.4224,-150.216,0.017778484,-4174.238,3785.5513,14.06909,37329.395,-0.00034358795,0.13378678,0.078008495
B4,1557.908,2.0,0.20251723740000002,5032.3374,-122.752495,0.015937563,-2706.4006,3506.0996,12.842172,37366.637,-0.00080890727,0.14013168,0.09421142
B4,1562.1989999999998,1.0,0.21602966500000084,4891.737,-98.13278,0.014416413,-742.6728,3080.1104,10.061452,36511.09,-0.0009661664,0.1476779,0.08976385
B4,1566.49,1.0,0.20033455680000178,4810.7646,-75.862885,0.013323892,1102.0415,2827.7664,7.5954876,36289.086,-0.0008820069,0.1435283,0.07257552
B4,1570.781,1.0,0.20488821239999988,4725.099,-55.280678,0.011869518,2609.5496,3024.8486,6.7978797,35964.31,-0.0015432142,0.1454201,0.041457918
B4,1575.072,1.0,0.20440872720000036,4826.923,-36.94512,0.012426902,3799.688,3589.5305,7.732689,37078.223,-0.00074523967,0.13094674,0.012809753
B4,1579.3629999999998,1.0,0.2143935359999991,5075.158,-17.74854,0.012930367,4731.963,4202.5596,9.435299,39433.59,-0.00059090834,0.085389,-0.010955651
B4,1583.654,1.0,0.20323943940000083,5545.703,2.2257764,0.015249472,5366.703,4588.762,9.828903,43706.453,0.00092266954,0.052748255,-0.037743144
B4,1587.945,0.0,0.1978689666,6101.386,25.782553,0.016230216,5287.3613,4621.802,8.176318,48574.055,0.00090278406,0.037386205,-0.06236606
B4,1592.2359999999999,0.0,0.2073744616000007,6511.093,50.85434,0.01723749,3998.0442,4342.765,6.425653,52058.27,0.0010217944,0.035060935,-0.08536821
B4,1596.527,0.0,0.19006665140000104,6773.5967,77.482124,0.017633703,1498.7542,3959.1301,5.660063,54588.06,0.0008814075,0.036870107,-0.09973436
B4,1600.818,0.0,0.22386281559999954,6679.623,104.72196,0.017168231,-1536.0981,3763.53,5.9544015,53799.965,0.00029977722,0.038448334,-0.10763081
B4,1605.109,0.0,0.22444482839999996,6361.3984,131.24275,0.016755532,-4015.5525,3896.0776,6.9826183,50439.33,6.177685e-05,0.04190673,-0.098458424
B4,1609.3999999999999,1.0,0.21293492959999924,5805.5723,157.12604,0.01522116,-5245.362,4180.6035,8.53184,46155.53,-0.0011607697,0.04344246,-0.066696435
B4,1613.6909999999998,1.0,0.2233312766000016,5203.0503,-59.36092,0.016088063,-5146.184,4322.3716,11.464452,41498.535,9.745503e-05,0.03728101,0.0087731145
B4,1617.982,1.0,0.20912675380000006,4634.0015,-154.50873,0.016345218,-4114.731,4136.205,14.621913,36089.484,0.0006770369,0.034753826,0.121439114
B4,1622.273,1.0,0.21320345060000023,3959.0051,-129.2593,0.014603724,-2488.209,3607.4158,14.950472,29980.027,-0.000999487,0.057321414,0.25562602
B4,1626.5639999999999,1.0,0.1941960808000005,3315.2705,-106.70004,0.013480168,-861.6866,2864.9495,14.109458,24282.451,-0.00229588,0.18571022,0.28175104
B4,1630.855,1.0,0.2235211248,2768.456,-85.87643,0.018652204,467.30106,2112.123,15.55338,20030.424,0.002733482,0.11603917,0.22804302
B4,1635.146,1.0,0.2241810245999997,2183.0403,-57.063232,0.017668959,1141.7128,1541.2416,20.963722,15793.54,0.0023360488,0.043801732,0.16594836
B4,1639.437,1.0,0.20846352640000038,1584.2407,-29.768938,0.01520768,1121.8771,1239.0698,32.004166,11399.461,0.0010968886,-0.041262917,0.16388792
B4,1643.7279999999998,1.0,0.20293414920000025,1217.153,-6.276718,0.011518679,407.79416,1135.0605,46.15217,9116.586,-0.0017716475,-0.0399767,-0.014614291
B4,1648.019,0.0,0.2115375916000002,1175.9111,11.516876,-0.0038375403,-504.64508,1090.1473,51.367752,9213.888,-0.01741653,0.020607127,-0.21523613
B4,1652.31,1.0,0.2215072803999996,1452.9946,-54.4112,0.028148076,-841.8509,1081.3689,48.043404,11212.04,0.012931935,-0.019460201,-0.20800959
B4,1656.6009999999999,1.0,0.21642797559999996,1844.122,-110.929184,0.022216348,-425.30258,1153.7538,43.605778,14026.861,0.0045366124,0.02318777,-0.20806259
B4,1660.8919999999998,1.0,0.2155732038000004,2228.6643,-76.61025,0.021179818,546.6436,1306.5187,41.846424,17242.75,0.0013531639,-0.01927103,-0.21292742
B4,1665.183,1.0,0.21286992040000074,2362.379,-43.892517,0.021308087,1320.2333,1492.2039,40.732685,18634.398,0.00067528686,-0.06234079,-0.28198805
B4,1669.474,0.0,0.21159419660000017,2370.151,-10.976635,0.020210316,1558.2611,1660.0562,39.500874,18913.611,0.0003512153,-0.12163973,-0.35024
B4,1673.7649999999999,1.0,0.22323248420000036,2263.9204,20.243448,0.016481275,1359.9048,1775.3605,38.23979,17938.799,-0.0021337473,-0.19846076,-0.31116292
B4,1678.056,1.0,0.21178675179999984,2105.9756,5.7030663,0.015644012,1201.2194,1832.2194,38.29165,16668.146,-0.0022135377,-0.32282823,-0.24238293
B4,1682.347,1.0,0.19958023360000016,2060.2173,-10.130688,0.016396035,1379.7405,1839.4785,38.164566,16593.715,-0.0011986071,-0.4192221,-0.25746664
B4,1686.638,0.0,0.2114431514,2344.6978,15.197248,0.020038553,1677.2749,1804.722,33.92195,18369.102,0.0022881238,-0.19704707,-0.19491437
B4,1690.9289999999999,0.0,0.2063296241999999,2727.876,46.151997,0.018692628,1597.9323,1757.3833,27.888268,20966.85,0.00065040647,0.030177116,-0.084485106
B4,1695.2199999999998,1.0,0.20501080139999772,3046.537,75.02762,0.018343354,864.0138,1776.1294,23.956078,23621.256,0.00020508918,0.18697535,-0.017526176
B4,1699.511,1.0,0.21782676080000068,3314.5774,103.36371,0.017401887,-524.4807,1950.9694,20.432276,25850.787,-0.0004976052,0.31429878,-0.01372144
B4,1703.802,1.0,0.21267369880000012,3439.9502,130.24544,0.017015671,-2051.8247,2266.1086,18.109722,27137.36,-0.00040601243,0.3376099,-0.0068376064
B4,1708.0929999999998,2.0,0.2039311576000003,3518.0474,116.53057,0.016992476,-3122.949,2585.6567,18.445524,28038.379,0.00012325584,0.33821467,-0.030735651
B4,1712.384,2.0,0.21527051740000086,3508.1128,-57.220127,0.016078258,-3420.4836,2776.9019,20.066933,28612.361,-0.00024796254,0.33184612,-0.03522539
B4,1716.675,1.0,0.20642764660000015,3478.4583,-152.3831,0.01543372,-3003.9353,2765.808,19.864939,29735.521,-0.00040027068,0.30099955,-0.041136052
B4,1720.966,1.0,0.21396851740000036,3411.5125,-128.54169,0.014329299,-1992.3177,2550.0662,17.652374,30512.822,-0.0010883501,0.25596482,-0.046341736
B4,1725.257,1.0,0.20610293579999733,3369.8125,-106.40635,0.015396874,-822.0153,2211.5442,15.819275,31139.615,0.0003267689,0.1990766,-0.081455335
B4,1729.548,1.0,0.20648457239999984,3320.54,-82.62188,0.015149366,387.95853,1906.6548,15.342357,30215.447,0.0005490667,0.1322796,-0.1350526
B4,1733.839,0.0,0.20617178199999991,3105.7043,-59.21974,0.013992663,1300.3978,1783.7675,16.560602,28241.955,0.0002348882,0.06314119,-0.19544207
B4,1738.1299999999999,0.0,0.22196718440000013,2892.0208,-37.604443,0.013985695,1855.7955,1849.3253,20.402447,26664.992,0.0015233348,-0.042162817,-0.23859055
B4,1742.4209999999998,1.0,0.2081711767999996,2568.5784,-15.999897,0.0068262634,2113.6592,1967.2173,23.956797,23965.438,-0.0042646844,-0.1141589,-0.24162146
B4,1746.712,1.0,0.20645362660000052,2217.4382,-5.454958,0.009090578,2034.3164,2023.9961,25.562254,20855.818,-0.0012164987,-0.06862659,-0.2504543
B4,1751.003,1.0,0.20078047720000003,2060.8572,8.587806,0.005730668,1816.1244,2006.9227,25.84073,19649.701,-0.0047203023,0.06738639,-0.089314885
B4,1755.2939999999999,2.0,0.22205941660000006,1878.0178,-2.5596871,0.016962312,1518.5897,1946.6342,25.553291,18192.713,0.005634747,0.13101202,0.07638799
B4,1759.585,3.0,0.20991369420000036,1828.519,3.6430135,0.013641043,1379.7405,1893.6372,26.015816,17766.027,0.001204773,0.07053855,0.285385
B4,1763.876,2.0,0.20975986939999935,1834.8181,4.715152,0.015063271,1379.7402,1907.5521,26.781336,18043.072,0.0017604051,-0.19685332,0.6270522
B4,1768.167,2.0,0.20575880219999995,2305.7217,7.98429,0.010569349,1637.6035,2013.0416,28.078968,22835.135,-0.0031162754,0.061111663,0.37068135
B4,1772.458,2.0,0.20333662100000116,2837.546,24.311398,0.015094148,1994.645,2121.3503,30.078037,28297.398,0.0015997426,0.06608608,0.14506735
B4,1776.749,3.0,0.21964495979999918,3325.2603,47.628227,0.014598244,2093.8232,2134.0615,30.131523,33390.746,0.001674413,-0.001259009,-0.06576697
B4,1781.04,1.0,0.21721439640000018,3641.409,70.17902,0.012513435,1677.2749,2047.6378,27.438221,36641.523,0.00023289074,-0.057149146,-0.26114023
B4,1785.331,1.0,0.21475131160000005,3802.7278,89.50927,0.006825418,606.15045,1965.0786,24.172285,38464.55,-0.004868747,-0.122472316,-0.41825488
B4,1789.6219999999998,1.0,0.20321146180000005,3884.3225,100.05291,0.012040904,-782.34406,2001.9852,22.214733,39517.766,0.0007404865,-0.1467828,-0.4014367
B4,1793.913,1.0,0.20994917959999962,3946.1936,118.6532,0.012177839,-2091.496,2195.2756,21.880583,40116.375,0.0010985673,-0.12362978,-0.3371637
B4,1798.204,1.0,0.20972373180000012,3809.6233,137.46506,0.011832684,-2845.2502,2526.5222,21.483551,38652.043,0.0010336012,-0.101208895,-0.22212785
B4,1802.495,1.0,0.21406924499999982,3654.4636,115.743706,0.011537957,-3103.1135,2873.4763,20.045137,36198.516,0.0012629281,-0.066346884,-0.060976107
B4,1806.786,1.0,0.20460068120000166,3427.7769,13.567088,0.0062367492,-3122.9492,3111.335,18.669443,32465.16,-0.0034034406,-0.029420163,0.07463983
B4,1811.077,1.0,0.21761198179999958,3254.7373,23.201365,0.006534941,-3083.2778,3192.8228,18.198345,29667.25,-0.0027784451,0.029819647,0.20512857
B4,1815.368,0.0,0.2060690319999999,3438.3533,-86.70372,0.011004154,-3142.7847,3135.711,18.386484,30835.688,0.0014300067,-0.11895733,0.17600076
B4,1819.6589999999999,1.0,0.1984689652000002,3606.8076,-109.70494,0.011794066,-2984.0996,2957.9006,19.324907,32591.514,0.001517383,0.027562115,0.10216936
B4,1823.9499999999998,1.0,0.20003483480000042,3691.7942,-131.48593,0.012229163,-2448.5374,2658.6255,20.628717,33929.29,0.001098575,0.050660636,0.061535597
B4,1828.241,1.0,0.21446307599999861,3668.2686,-112.59482,0.011507847,-1476.5913,2279.4114,21.537601,33159.547,-0.00038214342,0.041016843,0.007889933
B4,1832.532,3.0,0.21573338439999998,3531.8994,-94.817955,0.011796267,-266.6175,1922.5347,22.225134,30385.143,-0.00083997275,0.0316231,-0.04554142
B4,1836.8229999999999,3.0,0.22128827260000047,3356.3403,-76.59555,0.01368833,804.50684,1707.91,24.182518,27625.195,-6.574737e-05,0.03069761,-0.09902416
B4,1841.114,2.0,0.21243586660000052,3123.971,-55.450367,0.015594206,1597.9324,1701.2587,27.998104,25098.01,0.0006372723,0.051045496,-0.15345724
B4,1845.405,2.0,0.21395171100000118,2774.2988,-31.361063,0.018979095,1954.974,1813.168,32.78295,21770.723,0.0030051148,0.101345144,-0.21966505
B4,1849.696,2.0,0.21585154940000006,2358.9604,-2.0429163,0.022025695,1895.4668,1881.676,38.304253,18142.262,0.0046729874,0.15447728,-0.2560192
B4,1853.987,1.0,0.20930148379999874,1933.7517,31.981497,0.0046105287,1379.7402,1820.9102,42.74728,14639.6875,-0.014465291,0.19814198,-0.10283102
B4,1858.278,1.0,0.21684163459999983,1691.9082,-0.89634067,0.029420558,526.808,1663.228,38.968304,12707.052,0.008770537,0.14549273,0.13846758
B4,1862.569,1.0,0.2093846589999992,1705.2335,4.551359,0.03397089,-207.11063,1551.5999,29.495125,12672.664,0.012203526,-0.12777871,0.03848521
B4,1866.86,1.0,0.20362083980000015,2034.6714,-42.97176,0.013917755,-306.2888,1670.9612,24.074776,15172.027,-0.008250334,-0.23735936,-0.08588028
B4,1871.1509999999998,1.0,0.20697722919999964,2832.3198,-81.47217,0.021426067,506.9723,2096.1733,22.696764,21449.924,-0.00030978335,-0.198718,-0.1253504
B4,1875.442,1.0,0.21111681220000036,3777.7192,-48.374043,0.02054764,2212.837,2707.8557,23.106346,29226.076,5.2497464e-05,-0.080016054,-0.15270527
B4,1879.733,1.0,0.20396102499999974,4434.0493,-16.632872,0.018854363,3819.524,3251.9556,23.289734,34670.49,-0.00019346933,0.017050717,-0.1688874
B4,1884.024,1.0,0.21470721840000023,4803.706,12.492591,0.018456405,4454.2637,3541.573,23.196384,38328.203,0.0005689238,0.09519336,-0.18761832
B4,1888.315,0.0,0.20913816479999944,4893.993,41.00331,0.015710331,3779.8525,3512.9739,23.236614,40261.67,-0.00096749846,0.14475295,-0.20761114
B4,1892.606,1.0,0.2029412621999992,4616.1826,65.271996,0.011746231,2073.9875,3207.167,21.861366,37377.156,-0.0035992994,0.18397805,-0.24427067
B4,1896.897,1.0,0.19263620560000014,4265.081,83.4171,0.015220152,229.27344,2742.147,18.697456,34032.76,0.0011175851,0.14443548,-0.22873671
B4,1901.1879999999999,1.0,0.21160055599999952,3826.648,106.92859,0.014349199,-1099.7142,2280.9814,16.961123,30422.92,0.0012650184,0.059480377,-0.31307134
B4,1905.4789999999998,1.0,0.2147303237999976,3319.5671,89.09466,0.0089443745,-1655.1119,2013.8279,19.170097,26830.072,-0.0035529626,-0.051290113,-0.18113083
B4,1909.77,1.0,0.21373632779999976,2851.7998,62.911575,0.010572757,-1714.619,1993.5564,23.379175,24296.055,-0.0017991954,-0.20196311,-0.22373372
B4,1914.061,1.0,0.20890944720000001,2488.4949,39.24394,0.014230076,-1674.9478,2046.7598,26.639267,22655.201,0.0015526927,-0.35512212,-0.21723485
B4,1918.3519999999999,1.0,0.20737693180000014,2167.9182,41.225986,0.0148028545,-1714.6189,2048.4392,27.29559,20284.914,0.001341374,-0.53345275,-0.2727994
B4,1922.643,1.0,0.2067139816000007,2232.5405,44.09285,0.013095476,-1833.6328,2010.0779,27.861662,20832.3,-0.0014616513,-0.34180483,-0.3475431
B4,1926.934,2.0,0.21760076159999941,2257.6797,-15.677785,0.017635567,-1853.4683,1990.024,29.00167,20847.18,0.0020699056,-0.2582002,-0.46314764
B4,1931.225,2.0,0.21158185679999988,2342.6514,-8.435068,0.017159488,-1754.2902,1973.9283,30.49002,21252.049,0.0009287919,-0.18580699,-0.45672533
B4,1935.516,2.0,0.2051829002000006,2448.685,-61.927776,0.017491834,-1536.0983,1904.2006,32.074768,21887.87,0.001111394,-0.11353978,-0.29068676
B4,1939.8069999999998,1.0,0.20902196779999924,2381.2092,-74.90709,0.016463231,-1159.2212,1758.421,32.284367,20895.445,0.0007605514,0.02137449,-0.17294325
B4,1944.098,1.0,0.22433364320000013,2271.5264,-49.47535,0.015120801,-722.83716,1566.4716,34.84868,19666.543,0.0008604552,0.030669106,-0.08451099
B4,1948.3890000000001,1.0,0.1975237515999977,2047.3108,-26.11734,0.009758515,-246.78185,1378.8956,39.730515,17622.88,-0.0029813016,0.13629378,-0.021052811
B4,1952.6799999999998,1.0,0.20509321319999926,1810.6191,-51.04278,0.0057292357,90.42395,1228.78,45.46613,15205.324,-0.0063068615,0.23961554,0.086871944
B4,1956.971,1.0,0.20639997919999964,1627.2108,-42.192486,0.013524809,229.27344,1122.267,52.976395,13233.9,0.00078254496,0.16625476,0.1336799
B4,1961.262,1.0,0.21120473900000003,1589.6469,-61.2999,0.014815658,169.76653,1078.3544,56.6569,12586.137,5.7077126e-05,0.053391483,0.21628843
B4,1965.5529999999999,1.0,0.21884171359999985,1583.062,-58.413254,0.02297572,189.60214,1113.4275,55.783283,12265.661,0.005616743,0.02687645,0.31251216
B4,1969.844,1.0,0.2101878431999994,1685.5333,-22.921291,0.021967415,308.61594,1197.1538,52.44702,12801.759,0.0023702374,0.008469369,0.28442705
B4,1974.135,1.0,0.20828483100000023,1858.5784,-68.98691,0.021558072,784.6713,1318.8127,50.67946,13833.41,0.00067793456,0.010403156,0.30367073
B4,1978.426,1.0,0.21284721559999986,2015.278,-35.68486,0.020759568,1320.2334,1449.7635,49.61458,14727.069,-0.00053829,0.04997863,0.24084261
B4,1982.717,1.0,0.20855420400000102,2187.1296,-3.6163085,0.02122965,1657.4392,1540.7474,46.67658,15799.726,-6.152547e-05,0.09002929,0.24154884
B4,1987.0079999999998,1.0,0.18976914659999963,2324.3877,29.178406,0.021123374,1478.9185,1595.6666,44.05534,16694.684,-0.00025184732,0.11583037,0.19076937
B4,1991.299,1.0,0.21904769219999973,2375.389,61.808945,0.02091993,625.98615,1673.9814,43.301994,17038.822,-0.0007730466,0.13366479,0.08726965
B4,1995.59,1.0,0.2091885506,2438.8137,94.12523,0.022811621,-544.31635,1790.1962,44.74631,17531.967,0.00073168566,0.16276725,-0.012263828
B4,1999.8809999999999,1.0,0.21131418059999962,2531.344,89.3637,0.025225006,-1476.5913,1884.8577,42.974846,18215.805,0.0027349356,0.112782635,-0.11717905
B4,2004.172,1.0,0.2167969077999984,2590.2131,-31.669716,0.019579483,-1595.6051,1925.687,38.37657,18689.926,-0.0032298053,0.045309093,-0.15868796
B4,2008.463,1.0,0.2043380731999993,2816.2295,-101.42411,0.024754962,-861.6865,1980.9271,35.632442,20410.252,0.0019141906,-0.024316736,-0.13145897
B4,2012.754,1.0,0.20040543579999986,3182.3303,-63.183636,0.023965139,566.47925,2131.8567,34.284416,23234.33,0.0015460406,-0.07642261,-0.09758624
B4,2017.045,1.0,0.21354778500000085,3467.7373,-26.163248,0.021345943,1974.8097,2365.2646,32.900288,25458.174,-0.00019129625,-0.112891145,-0.08514219
B4,2021.336,1.0,0.20838194239999977,3683.4817,6.811111,0.018817699,2728.5635,2598.1033,30.61261,27139.357,-0.0014897599,-0.16118842,-0.09122944
B4,2025.627,1.0,0.21146166619999998,3857.4124,35.879936,0.017738624,2748.3994,2733.426,27.641056,28524.973,-0.0010404263,-0.19498229,-0.11049461
B4,2029.9180000000001,1.0,0.19961010240000399,3904.5713,63.28186,0.016444061,2014.4807,2704.8289,25.87655,28958.455,-0.000626923,-0.19815752,-0.14249955
B4,2034.2089999999998,1.0,0.21035557100000013,3924.0447,48.683987,0.015732646,864.0139,2559.6807,24.485256,29225.049,0.00026085647,-0.19537987,-0.18420856
B4,2038.5,1.0,0.22252499599999556,3956.7678,72.98715,0.012064384,-564.15204,2503.9636,22.26749,29738.295,-0.0022045348,-0.19778612,-0.22745718
B4,2042.791,1.0,0.20730196340000015,4000.8845,91.62373,0.0098051615,-2071.6604,2710.7417,21.050829,30701.701,-0.0038715536,-0.21773426,-0.29897356
B4,2047.0819999999999,1.0,0.20860484939999965,4192.7275,146.77036,0.014883667,-3460.155,3107.6865,21.272955,33182.242,0.001127977,-0.16100965,-0.26838943
B4,2051.373,1.0,0.20946581300000058,4393.83,169.76204,0.016108848,-4313.0874,3473.8774,21.600695,35776.426,0.0017688269,-0.13695346,-0.22438356
B4,2055.6639999999998,1.0,0.2189889753999997,4484.702,-125.35365,0.015795982,-4273.416,3610.6282,20.177542,37547.42,0.00072603323,-0.11764291,-0.2174608
B4,2059.955,2.0,0.21543402420000002,4492.0317,-140.95265,0.016035987,-3360.9768,3447.5696,16.822815,38394.19,0.00047853714,-0.078400694,-0.25168917
B4,2064.246,2.0,0.20299607439999953,4409.9243,-116.18091,0.01556273,-1774.1259,3044.1472,14.22504,38229.14,-1.6303771e-05,-0.042943902,-0.15895778
B4,2068.537,1.0,0.22147160719999306,4161.2944,-92.14022,0.01529843,-48.42546,2547.4473,14.455239,36279.816,0.00023084956,-0.02687502,-0.13236506
B4,2072.828,1.0,0.2631569173999995,3859.3896,-68.50783,0.015090249,1280.5621,2156.5198,16.531206,33624.17,0.0012849695,-0.04118652,-0.14683117
B4,2077.1189999999997,1.0,0.2176956604000023,3418.1501,-45.197006,0.012884248,1954.9738,2050.3452,18.203657,29581.854,0.001080168,-0.059419103,-0.19196752
B4,2081.41,3.0,0.21799245559999914,2933.504,-25.293938,0.006791826,2034.3164,2195.732,18.142532,25087.195,-0.0029816711,-0.08469839,-0.27089247
B4,2085.701,2.0,0.2085399586000009,2567.0005,-14.8021965,0.00031200863,2054.1519,2414.9563,18.414122,21570.72,-0.008332337,-0.0935039,-0.41037202
B4,2089.992,3.0,0.19537440060000213,2624.7825,-34.32022,0.008418623,2292.1797,2646.8748,19.486963,21789.504,-0.00057037745,-0.022297462,-0.53050447
B4,2094.283,2.0,0.21134156980000054,3230.6462,-21.315468,0.014758941,2887.2488,2904.061,19.4632,26820.291,0.0040085986,-0.01563724,-0.3842218
B4,2098.574,3.0,0.2061674397999967,3887.168,1.4835572,0.016329858,3521.989,3107.4211,17.495491,32304.451,0.00308534,0.0055482388,-0.22718318
B4,2102.865,0.0,0.22414748760000053,4431.8594,26.709269,0.016962785,3521.989,3141.963,14.174559,36862.64,0.0014448598,0.018063227,-0.16854405
B4,2107.156,3.0,0.2176690065999995,4886.6855,52.912697,0.017904801,2569.8784,3035.6467,12.326969,40667.285,0.0009602927,0.032380264,-0.13121684
B4,2111.447,2.0,0.21335218060000408,5189.425,80.57133,0.01788095,625.98615,2971.626,11.895055,43119.36,0.00027512485,0.0595807,-0.108678974
B4,2115.738,3.0,0.22440154740000048,5312.9844,108.1931,0.018304871,-1714.6189,3116.9446,12.180493,43954.703,0.0004080064,0.09445029,-0.09957261
B4,2120.029,1.0,0.21863771519999936,5317.6094,136.46973,0.01820875,-3698.1824,3440.212,13.419089,43770.82,0.00021942503,0.14934833,-0.08146519
B4,2124.3199999999997,1.0,0.21202966079999824,5115.661,84.59787,0.01771111,-4610.6216,3752.048,15.766926,41780.305,-0.00020431174,0.21505798,-0.060662694
B4,2128.611,0.0,0.21262107599999996,4877.2495,-8.042698,0.01811796,-4392.4297,3858.3794,17.596188,39997.605,0.00038852694,0.2734515,-0.032918666
B4,2132.902,1.0,0.21333168259999935,4518.495,-140.05481,0.016903212,-3202.2917,3663.1384,16.962896,36395.402,-0.0005634698,0.29155034,-0.004717297
B4,2137.193,1.0,0.20100361379999765,4088.0413,-113.9434,0.017089482,-1615.4408,3210.7437,15.336124,31745.861,-9.740864e-05,0.28309816,0.014308903
B4,2141.484,1.0,0.2007451559999999,3728.8567,-87.54424,0.01696065,-48.425495,2669.2034,15.505142,28805.05,-9.112331e-05,0.25726974,0.033160448
B4,2145.775,2.0,0.21390039779999903,3257.7805,-61.34411,0.015918037,1240.8909,2221.5828,18.994934,25244.086,-0.0013663535,0.20225385,0.015964244
B4,2150.066,2.0,0.21044736159999863,2867.9053,-36.754562,0.017435763,1875.6315,1930.5239,27.231852,22365.955,-0.00056243525,0.12662761,-0.03952964
B4,2154.357,1.0,0.22647677059999993,2516.0745,-9.820492,0.019934576,1855.7954,1760.5492,37.90537,19661.945,0.00084132154,0.037143283,-0.09492554
B4,2158.648,1.0,0.21671813959999545,2223.481,20.973646,0.022727916,1221.0553,1683.7332,46.62296,17522.93,0.0023580482,-0.02481103,-0.054331858
B4,2162.939,1.0,0.19698202959999947,2068.538,16.082827,0.021743584,407.79416,1635.2032,46.46086,16485.857,0.00042904794,-0.10288557,0.046450164
B4,2167.23,1.0,0.20810773280000117,1970.2812,49.671448,0.023089416,-107.93236,1575.5586,42.76416,15793.167,0.0016727197,-0.15841879,0.14782888
B4,2171.5209999999997,1.0,0.21843823440000074,1870.1119,-34.660942,0.02396081,-167.43929,1522.3981,41.49701,15029.951,0.0033215443,-0.20937705,0.19214582
B4,2175.812,1.0,0.2031691393999999,1803.2196,-57.647243,0.013256985,249.10905,1484.3231,41.759506,14672.393,-0.0057873274,-0.18698771,0.22867979
B4,2180.103,1.0,0.2038524548000012,1849.6233,-57.16838,0.01815659,784.6712,1481.329,42.21637,15071.441,0.0012081792,-0.13238303,0.2314092
B4,2184.3940000000002,1.0,0.2104266166000003,1882.028,-29.120811,0.015134413,1221.0552,1517.5708,43.726986,15174.879,0.00017000797,-0.100395575,0.1795543
B4,2188.685,1.0,0.22374792139999983,1837.6415,-5.741778,0.006613204,1419.4116,1574.5321,46.418278,14710.559,-0.0069889817,-0.01800402,0.110685825
B4,2192.976,1.0,0.2094623078000007,1969.3286,4.4740357,0.014226298,1538.4253,1649.5583,48.674416,15510.607,0.0010991517,-0.013109631,0.12457938
B4,2197.267,1.0,0.21419863919999857,2293.4106,26.450249,0.014285447,1617.7681,1706.0178,47.86104,17923.441,0.0008729575,-0.029994091,0.16020852
B4,2201.558,1.0,0.20930194740000038,2548.2336,48.517838,0.014088814,1459.0829,1717.4521,44.096016,19948.795,-0.0001859781,-0.038136747,0.1814189
B4,2205.849,0.0,0.21714216800000238,2867.7156,70.28168,0.016433474,1022.6989,1715.3857,41.39066,22916.977,0.0009773119,-0.038494058,0.18076523
B4,2210.14,1.0,0.22294421220000013,3131.3423,95.66746,0.017188467,110.25961,1767.8047,39.813705,25898.979,0.00063911255,-0.053897038,0.18041195
B4,2214.431,1.0,0.2058122322000031,3284.9075,82.21951,0.018109418,-1020.37177,1930.7263,38.958794,28032.145,0.00059131096,-0.07574373,0.18718857
B4,2218.7219999999998,1.0,0.20247060259999772,3312.1882,70.194214,0.018904766,-2031.9891,2162.3357,39.4393,28488.92,0.0006752846,-0.09593768,0.20960423
B4,2223.013,1.0,0.210078584,3249.026,99.397545,0.01998444,-2567.5513,2347.8818,41.06624,28261.914,0.0017750522,-0.14444757,0.21977997
B4,2227.304,1.0,0.21586711860000046,3044.2122,-69.73128,0.020046197,-2488.2087,2393.945,43.092407,26673.37,0.0027379189,-0.17170423,0.22166687
B4,2231.5950000000003,2.0,0.21067360120000533,2690.0837,-118.76472,0.013116292,-1853.4683,2272.3044,43.041542,23305.809,-0.002713662,-0.14822786,0.26336542
B4,2235.886,2.0,0.21388630800000047,2234.4312,-78.503204,0.009962931,-941.02905,2016.9451,40.89799,18577.434,-0.004356695,-0.16613899,0.3013219
B4,2240.177,0.0,0.21066699699999455,1858.9171,-23.112864,0.0122963535,-405.46698,1696.473,40.031784,14802.857,-0.00093387306,-0.12852961,0.13863015
B4,2244.468,2.0,0.20372123259999994,1641.8181,-44.11795,0.013693137,-306.28873,1393.9677,42.616085,12840.331,0.00080229115,-0.086008996,0.0041672653
B4,2248.759,2.0,0.21193574819999925,1608.481,-62.96534,0.014292497,-544.3163,1203.1849,45.20337,12608.093,0.0009773509,-0.12512115,-0.05871187
B4,2253.05,1.0,0.19464158180000002,1675.7313,-40.886864,0.011243191,-802.1797,1165.7759,44.637695,13416.031,-0.0027847476,-0.18155678,-0.16589972
B4,2257.341,0.0,0.20353731379999998,1890.5983,-23.518827,0.01882164,-762.5084,1214.8489,42.425163,15527.158,0.0041800695,-0.2038669,-0.08536744
B4,2261.632,1.0,0.2012913815999988,2210.6626,-114.44392,0.014484207,-345.96,1302.2168,45.422832,18399.705,-0.0005995562,-0.16317528,-0.0074902903
B4,2265.923,1.0,0.2070226038000007,2388.035,-92.06929,0.014903871,209.43777,1437.3628,47.659004,20037.31,-0.00028310478,-0.09812713,0.008242792
B4,2270.214,1.0,0.19855471660000026,2615.9587,-69.046394,0.016176399,725.1644,1633.8159,44.343323,22065.643,0.001558262,-0.025225243,-0.056693025
B4,2274.505,1.0,0.2010771209999994,2683.9834,-44.057728,0.015167694,1141.7126,1853.7671,39.77138,22689.04,0.001653307,0.06759829,-0.11713849
B4,2278.796,1.0,0.21233991679999725,2781.772,-20.627289,0.008605857,1597.9324,2057.3784,38.680435,23781.475,-0.003951653,0.20180175,-0.123161584
B4,2283.087,0.0,0.2013584375999995,2824.977,12.666697,0.0064287717,2073.9875,2214.875,39.87979,24020.0,-0.005808817,0.32432365,-0.09478521
B4,2287.3779999999997,1.0,0.20492197099999465,2989.941,2.5976057,0.01659318,2411.1934,2307.4734,40.685017,24637.338,0.003910591,0.28919423,-0.16224432
B4,2291.669,1.0,0.1837314952,3139.6377,28.23009,0.015302733,2312.0154,2320.1128,39.216114,25486.62,0.0015832637,0.23903057,-0.1655472
B4,2295.96,1.0,0.1973213425999996,3147.7847,51.869133,0.016390942,1697.1106,2248.6384,36.150547,25354.18,0.001554645,0.15281868,-0.17320858
B4,2300.251,1.0,0.19602130639999235,3215.5396,77.18921,0.016079195,804.50696,2124.6787,33.841537,25708.303,0.00065062364,0.07919499,-0.1618199
B4,2304.542,0.0,0.19459818640000004,3071.7244,102.027695,0.014662044,-207.11061,1999.9584,33.017532,24548.32,-0.0006636075,0.031831052,-0.15792267
B4,2308.833,1.0,0.19991112620000148,2984.123,44.677048,0.015388855,-1000.536,1924.9763,33.35121,23935.05,0.0003492298,-0.016534911,-0.16244575
B4,2313.124,1.0,0.19997342940000182,2777.8723,68.44913,0.012803417,-1555.9337,1888.1732,35.273575,22393.93,-0.0022220023,-0.05359562,-0.1697589
B4,2317.415,1.0,0.19857865640000041,2618.0403,8.22734,0.015066896,-1853.4683,1847.7849,38.1743,21070.84,-0.0001278189,-0.1165216,-0.20683545
B4,2321.706,1.0,0.2042319486000006,2378.335,-8.497925,0.017814491,-1793.9615,1794.8502,40.149384,18579.309,0.0024420288,-0.21471418,-0.19823466
B4,2325.997,1.0,0.19904744560000093,2232.1318,-80.97881,0.017559573,-1436.9202,1740.7556,40.776657,17686.713,0.0021039406,-0.39390892,-0.2669004
B4,2330.288,1.0,0.19573475480000116,2285.9224,-53.85349,0.010683052,-822.0153,1693.6525,42.40483,18781.914,-0.004759927,-0.46044424,0.03983744
B4,2334.5789999999997,1.0,0.2083267013999976,2421.9202,-17.350735,0.017324045,-226.94621,1690.5145,45.704906,20738.246,0.001906317,-0.3678919,0.0074994033
B4,2338.87,1.0,0.19753953679999994,2672.1614,9.410755,0.014382071,229.27344,1768.1685,48.659897,23661.527,-0.001110017,-0.26380226,0.07099734
B4,2343.161,1.0,0.21343708720000026,2740.8477,-8.372397,0.017808348,467.30106,1889.3833,50.438175,25253.215,0.002256955,-0.21729705,0.08423254
B4,2347.452,0.0,0.23294643780002028,2810.355,-20.862776,0.015216323,447.46545,1984.7723,50.713528,27413.092,-9.906883e-05,-0.14012064,0.11244348
B4,2351.743,0.0,0.19557163680000025,2684.0981,-37.35721,0.016838064,268.9447,2023.3842,50.38128,27115.688,0.0024677487,-0.18656267,0.14928815
B4,2356.034,1.0,0.19324761360000167,2493.1406,-11.346442,0.007959511,-147.60365,1975.0452,49.42593,27511.895,-0.004464691,-0.03671837,0.11576446
B4,2360.325,1.0,0.19958529459999896,2329.4673,0.9490953,0.015208634,-802.17957,1830.5656,48.442665,26540.645,0.0055490118,0.013249768,0.16192293
B4,2364.616,1.0,0.18912625300000035,3168.465,-115.55722,0.0,-1516.2623,1600.1945,47.84785,39492.168,-0.006545938,-0.045166783,-0.065094896
B8,1394.85,NA,NA,1740.145,-63.229362,0.033568937,-1238.5637,1044.1302,11.511989,15345.59,0.019286424,-0.116428055,0.04676946
B8,1399.1409999999998,NA,NA,2223.2383,-91.37341,0.025271684,-207.11057,1469.0931,10.530529,18913.865,0.005746668,0.026399188,-0.025801394
B8,1403.432,NA,NA,2606.4795,-52.334724,0.023973538,1439.2472,1893.2296,11.415616,21523.885,0.0009672533,0.04621969,-0.074170195
B8,1407.723,NA,NA,3110.2786,-15.301366,0.024411112,2847.5771,2193.7979,10.162462,24895.293,0.00012974284,0.07024898,-0.07662029
B8,1412.014,NA,NA,3516.9138,22.407944,0.023337565,3204.619,2341.1272,7.2308598,27313.867,-0.00060403586,0.0725206,-0.07527868
B8,1416.3049999999998,NA,NA,3813.6865,58.458878,0.022571964,2014.4807,2439.0095,5.9863157,28753.723,-0.00073063903,0.05160231,-0.083929114
B8,1420.596,NA,NA,4121.476,93.32715,0.022974296,-187.27493,2616.556,4.83869,30148.781,6.142553e-05,0.058168095,-0.08371557
B8,1424.887,NA,NA,4377.633,128.81693,0.022724798,-2666.7295,2886.476,4.2745485,31094.764,0.00020881867,0.051480982,-0.080992036
B8,1429.1779999999999,NA,NA,4463.826,83.92128,0.02177018,-4194.073,3142.3418,4.2645783,30763.67,-0.00029254504,0.058766738,-0.0656671
B8,1433.4689999999998,NA,NA,4445.1772,-162.44904,0.021396397,-4154.4023,3250.53,4.713396,29708.982,-0.00014025706,0.069333285,-0.031022443
B8,1437.76,NA,NA,4378.313,-129.39671,0.02056499,-2765.9075,3162.652,4.7053046,28319.08,-0.00042696804,0.07403681,0.032678444
B8,1442.051,NA,NA,4291.84,-97.62875,0.019643206,-683.16583,2990.445,4.3145723,27634.12,-0.0009414178,0.10151532,0.10195473
B8,1446.3419999999999,NA,NA,4328.7554,-67.28471,0.019950101,1518.5897,2947.657,4.393537,27635.916,-0.0005378089,0.1348193,0.14570491
B8,1450.6329999999998,NA,NA,4449.1807,-36.4666,0.020413714,3502.1536,3115.6736,4.8009295,28159.236,-0.00035587256,0.1590027,0.17400132
B8,1454.924,NA,NA,4563.6426,-4.9323106,0.021692181,4533.6064,3321.8135,5.0592365,28695.344,0.00031469722,0.16218191,0.17072336
B8,1459.215,NA,NA,4668.847,28.576904,0.023186883,4097.2227,3369.5671,5.1763043,29198.715,0.0009776483,0.14982873,0.15491387
B8,1463.5059999999999,NA,NA,4600.3574,64.39507,0.023378588,1994.645,3223.728,5.9739466,28622.654,0.00018194082,0.13772345,0.13161251
B8,1467.797,NA,NA,4343.9175,100.509384,0.024179671,-782.344,2967.9783,7.3756146,26921.16,-0.00023921393,0.11967829,0.09522504
B8,1472.088,NA,NA,4007.4697,137.86116,0.02599092,-2944.4285,2719.5244,8.750117,24756.8,0.00013996327,0.098334156,0.05400729
B8,1476.379,NA,NA,3556.9175,18.010904,0.028318843,-3460.155,2559.5156,10.814933,21905.174,0.00088987383,0.06580024,0.004414797
B8,1480.6699999999998,NA,NA,3027.4988,-138.24327,0.032708135,-2131.1672,2454.1833,15.952388,18584.422,0.0036115886,0.009292443,-0.057009272
B8,1484.961,NA,NA,2563.424,-87.71707,0.0279241,30.917074,2282.0042,22.143185,15672.691,-0.0026264286,-0.09294147,-0.118457764
B8,1489.252,NA,NA,2379.2617,-24.58103,0.035758883,1617.768,2027.1951,19.478315,14455.937,0.0043014637,-0.13530977,-0.1197913
B8,1493.543,NA,NA,2474.531,30.657867,0.0325827,1637.6035,1894.108,17.142841,14905.583,0.0009529435,-0.058894023,0.0006500085
B8,1497.8339999999998,NA,NA,2746.5117,80.990326,0.030650582,189.60217,2048.2725,20.651554,16383.42,-0.0004315601,0.08843104,0.02448996
B8,1502.125,NA,NA,3183.5466,128.33812,0.029257374,-1932.8108,2328.1792,24.880188,18798.19,-0.00076705427,0.17503268,-0.012306452
B8,1506.416,NA,NA,3672.5781,53.533737,0.027413199,-3420.4836,2538.0703,19.941399,21485.676,-0.0013014991,0.18969335,-0.018087916
B8,1510.7069999999999,NA,NA,4085.6892,-144.11945,0.02642142,-3122.949,2664.3828,14.716736,23732.197,-0.0011226946,0.16631834,-0.02671851
B8,1514.9979999999998,NA,NA,4351.5063,-103.304695,0.026103975,-941.02905,2766.3572,13.95894,25119.209,-0.00068612513,0.13140795,-0.04122901
B8,1519.289,NA,NA,4388.2803,-62.980312,0.02581238,1915.3025,2845.512,14.359553,25213.906,-0.0006434872,0.11328027,-0.055084866
B8,1523.58,NA,NA,4222.1187,-23.106386,0.026292197,3740.181,2870.0586,12.768045,24266.902,-0.000267683,0.11120611,-0.077714525
B8,1527.8709999999999,NA,NA,3888.831,17.508749,0.026992606,3561.6604,2820.0796,12.216063,22550.252,-0.0001221774,0.10143188,-0.10768877
B8,1532.1619999999998,NA,NA,3399.6912,59.205853,0.027899913,1677.2749,2658.1616,14.536608,20034.494,-0.00020667998,0.09979815,-0.1356461
B8,1536.453,NA,NA,2866.9138,102.30453,0.030027816,-484.80945,2340.9807,16.700748,17150.002,0.00058402977,0.09278263,-0.1455724
B8,1540.744,NA,NA,2329.8086,68.690285,0.032238737,-1694.7833,1914.2721,16.015482,14118.471,0.0013524701,0.06282936,-0.11667294
B8,1545.0349999999999,NA,NA,1813.1515,-81.5086,0.03388205,-1397.2485,1530.1901,17.66146,11102.015,0.0020839074,0.009116676,-0.079082884
B8,1549.326,NA,NA,1430.0164,-109.16897,0.034284413,-326.1244,1291.9034,27.059118,8787.083,0.0025516942,-0.0843322,-0.023644738
B8,1553.617,NA,NA,1207.2506,-56.207775,0.033074234,586.31494,1135.604,42.564987,7368.6113,0.0022212537,-0.07494709,0.06077695
B8,1557.908,NA,NA,1100.9355,34.883987,0.020344764,685.49304,983.10223,47.27933,6671.3433,-0.0090321535,-0.04812847,0.07870849
B8,1562.1989999999998,NA,NA,1067.3541,46.31176,0.030989638,130.09525,864.4913,48.987896,6440.9375,0.0032872753,-0.04768549,0.049947236
B8,1566.49,NA,NA,1053.914,14.1833105,0.027387641,-484.80945,795.53723,57.21114,6341.2417,0.0012911073,-0.07293919,0.09107741
B8,1570.781,NA,NA,1040.9558,-23.509356,0.02005497,-623.65894,754.43,58.21834,6266.4917,-0.0045144693,-0.12484368,0.17101415
B8,1575.072,NA,NA,1095.3965,-72.52924,0.026608236,-345.96,795.1433,49.827415,6636.148,0.003431149,-0.14381999,0.21809022
B8,1579.3629999999998,NA,NA,1205.1119,-71.4259,0.01579573,288.78036,945.4519,44.364235,7355.145,-0.006090288,-0.063652225,0.22143787
B8,1583.654,NA,NA,1377.936,-27.025288,0.021804921,983.0276,1131.5975,41.67128,8496.19,0.00084310985,0.008971002,0.23073632
B8,1587.945,NA,NA,1729.8169,6.6580863,0.021028817,1578.0968,1280.4319,30.723463,10821.513,0.0004111086,0.020906977,0.17692426
B8,1592.2359999999999,NA,NA,2182.7764,39.142563,0.019980043,1716.9462,1448.9958,19.117132,13837.623,-0.0006975901,0.13836466,0.14812016
B8,1596.527,NA,NA,2674.4412,70.00693,0.020416396,963.19196,1775.9612,14.402178,17206.33,-0.0006685222,0.24509512,0.07888487
B8,1600.818,NA,NA,3311.2717,101.54536,0.022485293,-703.0015,2280.6858,15.395138,21638.994,0.00083710003,0.22812499,0.011407826
B8,1605.109,NA,NA,3977.4834,136.27972,0.02292486,-2904.7568,2814.8247,18.443941,26633.125,0.0007261988,0.22934492,-0.042939108
B8,1609.3999999999999,NA,NA,4599.1416,51.69315,0.023416376,-4412.265,3215.2354,16.37676,31680.969,0.0007226769,0.2177311,-0.08702736
B8,1613.6909999999998,NA,NA,5148.766,-112.13418,0.023216141,-4174.238,3442.0725,12.636707,36173.324,0.0002402643,0.19774437,-0.115948044
B8,1617.982,NA,NA,5552.7715,-116.270805,0.02283338,-1972.4824,3588.2942,11.921401,39287.24,-0.00016283391,0.16290027,-0.1399463
B8,1622.273,NA,NA,5868.998,-80.99871,0.023036001,1221.0552,3775.7305,13.3013935,41547.39,0.0002443769,0.11561693,-0.15562227
B8,1626.5639999999999,NA,NA,6054.74,-45.41362,0.022652432,4097.2227,4041.707,14.576811,42972.348,0.0002730077,0.06813611,-0.16971684
B8,1630.855,NA,NA,6017.4053,-10.421047,0.021551134,5366.703,4288.4854,14.991747,42689.426,-0.00014048646,0.018022113,-0.18929736
B8,1635.146,NA,NA,5774.235,22.870283,0.02063159,4712.127,4337.6,15.397714,40754.27,0.00017631447,-0.03716384,-0.19780646
B8,1639.437,NA,NA,5351.1245,54.74114,0.019253608,2807.906,4062.7646,15.923423,37463.61,0.0007084172,-0.10167003,-0.18697715
B8,1643.7279999999998,NA,NA,4794.0967,84.483345,0.016121257,764.8357,3515.5442,15.364988,33197.035,-0.00025696977,-0.18668914,-0.16543964
B8,1648.019,NA,NA,4237.934,109.3868,0.007340034,-742.6728,2977.8604,13.261479,29019.617,-0.007330748,-0.32262862,-0.15075427
B8,1652.31,NA,NA,4001.264,120.725395,0.0122219,-1952.6462,2836.4905,12.26746,27115.691,-0.0018578799,-0.40249926,-0.07535288
B8,1656.6009999999999,NA,NA,4099.2847,139.6053,0.0154822385,-3122.949,3110.8816,14.169013,27554.58,0.0005958875,-0.269091,0.029797051
B8,1660.8919999999998,NA,NA,4370.2725,43.521645,0.018940952,-4055.2244,3430.8218,17.524008,29233.414,0.0020859884,-0.14565618,0.09396958
B8,1665.183,NA,NA,4662.5034,-47.219124,0.021284478,-4253.58,3553.94,17.01846,31036.76,0.0019418233,-0.025009526,0.1368075
B8,1669.474,NA,NA,4821.2676,-134.3397,0.02309575,-3142.7847,3454.1968,14.7507105,31939.354,0.0014307515,0.07096142,0.1256719
B8,1673.7649999999999,NA,NA,4782.7705,-98.66233,0.024544757,-722.8371,3231.5212,14.722261,31580.295,0.00094592624,0.15085319,0.0763056
B8,1678.056,NA,NA,4541.8535,-60.746567,0.026041333,1974.8094,3016.7358,15.392144,29877.361,0.00079781824,0.20488042,0.0429648
B8,1682.347,NA,NA,4221.531,-20.518959,0.027782844,3521.9893,2899.2407,16.078653,27639.236,0.0011544428,0.22380474,0.02333241
B8,1686.638,NA,NA,3923.9626,22.39886,0.02889594,3164.9478,2883.0103,18.42667,25604.537,0.001180758,0.19682527,0.03400938
B8,1690.9289999999999,NA,NA,3712.6597,67.036156,0.029297262,1141.7126,2882.564,24.28313,24199.053,0.0008445291,0.12668064,0.08231565
B8,1695.2199999999998,NA,NA,3613.9243,72.293396,0.029140195,-1278.2349,2798.822,27.27592,23322.932,0.00026267587,0.067833394,0.14219056
B8,1699.511,NA,NA,3567.956,37.308,0.028737571,-2706.4006,2624.4722,24.512127,22691.588,-0.00032372004,0.008129544,0.21575011
B8,1703.802,NA,NA,3524.159,-38.29935,0.029082755,-2349.3594,2443.6555,23.581736,22237.953,7.4083204e-05,-0.07106336,0.2942856
B8,1708.0929999999998,NA,NA,3425.1938,-113.373474,0.029976567,-564.152,2326.1396,27.243729,21539.146,0.00127045,-0.13090852,0.36573514
B8,1712.384,NA,NA,3253.749,-67.066864,0.028070202,1518.5897,2263.3425,30.87479,20436.164,-0.000107057305,-0.17061774,0.41539967
B8,1716.675,NA,NA,2982.0703,-23.705149,0.026001377,2649.221,2207.236,27.006994,18696.041,-0.001412287,-0.20729592,0.41364712
B8,1720.966,NA,NA,2620.8076,16.46074,0.026354898,2450.8645,2117.9443,21.54616,16409.3,-2.9350023e-05,-0.2542272,0.34665477
B8,1725.257,NA,NA,2296.7893,57.17273,0.025786798,1419.4115,1964.498,23.950302,14379.474,0.00048593045,-0.29983672,0.26673618
B8,1729.548,NA,NA,2060.5776,97.00715,0.022562707,229.27344,1735.2073,25.519238,12924.554,-0.0019876927,-0.32513675,0.15132445
B8,1733.839,NA,NA,1914.2545,51.861115,0.020934084,-564.1521,1495.6989,23.267267,12045.501,-0.0031273728,-0.37644652,0.022154093
B8,1738.1299999999999,NA,NA,1889.252,84.19925,0.026564283,-901.3578,1364.6691,22.604967,11983.574,0.0030640247,-0.36960635,-0.006449143
B8,1742.4209999999998,NA,NA,1900.7544,45.234688,0.026637679,-1159.2211,1378.6455,19.615961,12358.314,0.0037630317,-0.34005976,0.0040055118
B8,1746.712,NA,NA,2016.8733,-113.616486,0.016167229,-1317.9062,1536.2623,14.453237,13538.422,-0.0062176827,-0.2838984,0.037978306
B8,1751.003,NA,NA,2350.4055,-68.642,0.020238256,-921.1935,1895.6543,11.320753,16094.752,-0.0019484245,-0.22713484,0.13726544
B8,1755.2939999999999,NA,NA,3002.9136,-77.37875,0.024033621,645.82184,2455.2131,12.106639,20869.79,0.0016460876,-0.19225192,0.2424971
B8,1759.585,NA,NA,3991.5112,-40.25258,0.024766266,3045.9336,3031.644,13.806202,27803.93,0.0017464538,-0.08007137,0.27890942
B8,1763.876,NA,NA,5027.179,-1.9946384,0.024547309,4870.812,3448.0442,11.787045,35044.645,0.0007663722,-0.013455497,0.20572625
B8,1768.167,NA,NA,5942.603,35.925064,0.024372391,4573.2783,3694.524,9.17994,41453.215,0.00025677038,0.027774759,0.2019075
B8,1772.458,NA,NA,6515.0,73.574554,0.023983922,1637.6036,3857.2144,8.990147,45521.082,0.00020889827,0.059191123,0.21735385
B8,1776.749,NA,NA,6591.0327,110.623955,0.023255412,-2389.0303,3983.9783,11.283703,46101.164,0.0003548553,0.091907606,0.24756636
B8,1781.04,NA,NA,6130.7544,146.54799,0.022285903,-5047.006,4066.7393,13.590483,42900.926,0.0007386879,0.12470269,0.29900786
B8,1785.331,NA,NA,5234.8135,20.97436,0.016970323,-5086.6777,4074.9365,16.31341,36955.266,-0.0027393848,0.16980712,0.37130296
B8,1789.6219999999998,NA,NA,4204.414,-92.81056,0.018744526,-3261.7986,3976.1106,21.616375,30226.916,0.00096502795,0.20224005,0.4141505
B8,1793.913,NA,NA,3565.8975,-63.85477,0.01190271,-1595.605,3755.8489,27.443596,26162.33,-0.004510884,0.01570201,0.27814186
B8,1798.204,NA,NA,3546.5476,-45.467937,0.012333125,-1655.1119,3435.1108,28.981524,26466.576,-0.003737347,-0.20594221,0.28241855
B8,1802.495,NA,NA,4462.752,-46.41622,0.018964766,-2567.5515,3167.6316,28.757744,33574.39,0.002212108,-0.20146672,0.13918982
B8,1806.786,NA,NA,5386.9995,-57.120213,0.020485412,-2706.4006,3147.1777,30.717373,40653.992,0.0024946264,-0.082611054,0.091434926
B8,1811.077,NA,NA,6009.1333,-105.47517,0.020921493,-1040.2075,3374.9363,33.02481,45349.375,0.001785096,-0.03259415,0.091632046
B8,1815.368,NA,NA,6084.005,-73.15647,0.020239158,1796.2887,3667.0693,33.660652,45705.715,0.000843083,-0.0058014127,0.12243239
B8,1819.6589999999999,NA,NA,5704.3105,-41.891838,0.019525273,4017.8801,3853.293,33.383385,42684.742,0.0013038653,0.010085265,0.17769265
B8,1823.9499999999998,NA,NA,4997.2827,-11.729974,0.017071994,4593.1133,3841.7913,32.970406,37315.918,0.0011306447,0.015043338,0.25030032
B8,1828.241,NA,NA,4066.6824,14.642156,0.008741703,3601.3315,3613.8499,33.604263,30331.24,-0.004753498,0.020425532,0.3127542
B8,1832.532,NA,NA,3378.7283,28.14599,0.005483458,2331.851,3204.7056,33.1248,24897.723,-0.006428453,0.020962927,0.38376608
B8,1836.8229999999999,NA,NA,3257.401,36.61661,0.01026235,1379.7404,2714.4595,26.10307,23458.688,-0.0016165148,0.020893998,0.3655516
B8,1841.114,NA,NA,3434.9397,52.469486,0.016128697,447.46545,2365.2666,20.019657,24088.14,0.0025349907,0.029891968,0.33977985
B8,1845.405,NA,NA,3676.5168,77.38445,0.018873088,-881.52216,2337.7607,22.59719,25211.96,0.0024413809,0.059169505,0.33682218
B8,1849.696,NA,NA,3740.6323,106.53884,0.020477524,-2508.0444,2510.7627,29.598965,25291.354,0.001155629,0.054903932,0.39867362
B8,1853.987,NA,NA,3716.165,-21.828299,0.027691435,-3321.3057,2672.9482,24.77268,25047.97,0.0060404604,0.08079168,0.40319964
B8,1858.278,NA,NA,3678.5295,-99.051674,0.01890759,-2508.0442,2758.5212,19.97578,24875.969,-0.0044238977,0.081665196,0.40726742
B8,1862.569,NA,NA,3768.731,-89.843994,0.027574737,-127.76801,2811.2634,18.56487,25602.19,0.0030560817,0.06637062,0.23591007
B8,1866.86,NA,NA,3903.486,-47.24764,0.02666935,2530.2073,2844.6143,17.609312,26686.33,0.0013584094,0.044636037,0.107020274
B8,1871.1509999999998,NA,NA,4019.5205,-6.0498953,0.026115015,3918.702,2855.6614,15.2155285,27643.969,0.00035294858,0.0128320055,0.019442081
B8,1875.442,NA,NA,4088.5264,34.29154,0.025850931,3283.9614,2864.794,13.519283,28039.355,-0.00011732316,-0.016048167,-0.04522636
B8,1879.733,NA,NA,4105.1455,74.22501,0.025697341,1022.6989,2859.5173,14.38406,27523.254,-0.00021497432,-0.053998787,-0.09735685
B8,1884.024,NA,NA,4085.6553,113.92125,0.025631903,-1575.7695,2807.6663,16.614922,26730.264,-0.0001267752,-0.105620064,-0.13848792
B8,1888.315,2.0,0.2779317095999994,4052.8828,33.516384,0.025540618,-3122.9492,2744.3496,17.884174,26107.768,-0.0002078941,-0.15298994,-0.16659681
B8,1892.606,2.0,0.2933433935999986,4011.1511,-47.029488,0.025678275,-3043.6064,2748.2363,20.621367,25479.88,-0.00019691458,-0.180108,-0.16102664
B8,1896.897,2.0,0.27975051399999945,3949.7175,-87.36272,0.026239626,-1456.7556,2798.636,26.0375,24834.064,0.00016235733,-0.18815197,-0.10849738
B8,1901.1879999999999,2.0,0.3066921888000008,3809.539,-46.828785,0.026754431,725.1643,2789.479,29.346884,23880.088,0.00053628325,-0.19165458,-0.038698144
B8,1905.4789999999998,2.0,0.2657818572000002,3576.371,-45.499615,0.027051812,2331.8506,2671.4873,26.519327,22470.682,0.0008508067,-0.18974683,0.043825943
B8,1909.77,3.0,0.2835418864000001,3265.4639,-3.7110605,0.025649127,2411.1936,2485.1724,26.407503,20555.027,-0.00030419815,-0.17480598,0.13575156
B8,1914.061,2.0,0.26414348040000035,2925.6465,35.91069,0.024699405,1042.5345,2284.398,33.614803,18413.379,-0.0007213491,-0.14186208,0.28469062
B8,1918.3519999999999,2.0,0.2760849895999993,2727.7444,74.06534,0.025659852,-841.85095,2064.3599,43.01695,17285.625,0.0008951995,-0.11790999,0.11291848
B8,1922.643,2.0,0.2570376784,2562.0986,113.70365,0.022571618,-1992.3177,1847.1654,43.248676,16354.5625,-0.0017170911,-0.10520983,-0.032610044
B8,1926.934,2.0,0.2798693744,2430.468,-51.428623,0.022051334,-1694.7832,1783.0653,42.482494,15580.823,-0.0021032589,-0.109436065,-0.14360783
B8,1931.225,2.0,0.26732805439999985,2569.2253,-17.364601,0.025788885,-385.6313,1934.9126,46.804356,16626.367,0.0015119616,-0.03655603,-0.16447586
B8,1935.516,2.0,0.24063528720000255,2890.2068,22.47304,0.026001673,903.6851,2157.0576,51.663437,18852.107,0.0015708894,0.01052512,-0.1467404
B8,1939.8069999999998,2.0,0.2551195148000018,3254.5886,62.63939,0.024644518,1260.7267,2350.1743,50.602192,21266.133,0.00023781016,0.028487073,-0.14038457
B8,1944.098,2.0,0.27159736,3608.454,20.709248,0.023463393,526.8079,2511.2507,47.349934,23576.938,-0.0005867081,0.056407586,-0.14124353
B8,1948.3890000000001,2.0,0.26410895440000365,3861.98,16.954561,0.022786967,-841.8509,2622.7322,45.5476,25245.725,-0.0006167235,0.078574024,-0.15018365
B8,1952.6799999999998,1.0,0.26114541919999845,3984.5947,-27.845049,0.022273244,-1952.6465,2664.2205,45.959736,26030.578,-0.00048750525,0.09309009,-0.16306035
B8,1956.971,1.0,0.21481778400000026,3975.033,-33.438225,0.021705491,-2230.3455,2662.3103,45.850323,25908.545,-0.0006725374,0.09717676,-0.1781945
B8,1961.262,2.0,0.2872069776,3851.2388,-39.908455,0.021750862,-1595.605,2657.3096,45.052094,25079.352,-0.00058395474,0.09366189,-0.19471571
B8,1965.5529999999999,2.0,0.25389897199999995,3680.9092,-86.308586,0.022518497,-326.12436,2633.1304,45.052418,24065.512,-9.5508636e-05,0.0901689,-0.20179957
B8,1969.844,0.0,0.2407372200000025,3472.6838,-51.522915,0.023625545,1102.0415,2536.5037,45.101955,22848.965,0.00048694212,0.07518048,-0.19194116
B8,1974.135,1.0,0.25886123879999984,3227.8193,-15.02712,0.024326505,1954.9738,2370.695,44.205215,21332.85,0.0005347271,0.050484817,-0.1571781
B8,1978.426,0.0,0.22341842880000032,3005.622,22.55149,0.024883427,1736.7817,2211.0432,42.39163,19981.998,0.00045909805,0.020792775,-0.09921201
B8,1982.717,0.0,0.23104584159999528,2828.8486,60.990402,0.02528835,586.3149,2124.6338,40.445183,18983.088,0.0003737939,-0.022290654,-0.035996754
B8,1987.0079999999998,0.0,0.2189931352000028,2705.376,100.05484,0.025910093,-841.8509,2082.521,38.972736,18312.273,0.00097264204,-0.06021926,0.01570132
B8,1991.299,0.0,0.2511323352000001,2600.9966,20.079716,0.02516794,-1536.0981,2003.4462,40.261856,17805.031,0.0008493287,-0.07968068,0.04766851
B8,1995.59,0.0,0.22841013760000056,2463.5989,-61.041855,0.025514975,-1198.8925,1855.1554,42.164085,17090.586,0.0021751337,-0.10358254,0.063155256
B8,1999.8809999999999,0.0,0.2280065280000094,2318.896,-61.62734,0.0142626865,-207.11057,1662.7198,43.81111,16274.1455,-0.00810173,-0.11013007,0.064741984
B8,2004.172,0.0,0.16052610400000122,2121.4302,-19.594913,0.02370988,744.99994,1473.9264,44.050247,15047.136,0.002009266,-0.0616263,0.04796688
B8,2008.463,0.0,0.16538627079999987,1914.6733,17.03116,0.022135533,883.8494,1361.2026,45.492046,13709.887,0.00067371596,-0.022538476,-0.02951018
B8,2012.754,0.0,0.17863392959999935,1814.5243,51.225246,0.022173665,249.10905,1361.3112,48.45018,13139.428,0.000702968,-0.087732315,-0.10741316
B8,2017.045,2.0,0.17696012840000166,1815.3864,45.47825,0.02133741,-603.82324,1425.7856,52.46946,13307.133,1.9963676e-05,-0.09382871,-0.12784542
B8,2021.336,2.0,0.1900259168000005,1872.3326,-1.5605799,0.021248035,-1060.043,1461.568,51.9088,13879.295,0.00072228175,-0.115136966,-0.14553799
B8,2025.627,0.0,0.16727290960000013,1902.5323,-48.73746,0.018830106,-901.35785,1427.234,50.055984,14146.002,-0.00023074451,-0.14619255,-0.15427926
B8,2029.9180000000001,1.0,0.17372208479999615,1885.8099,-99.649475,0.01664295,-385.6313,1334.5491,48.39467,14076.059,-0.000509985,-0.15714926,-0.21064673
B8,2034.2089999999998,0.0,0.17963840279999932,1789.6481,-73.940094,0.0129585415,130.09528,1200.8348,45.59386,13511.769,-0.0021547226,-0.13972028,-0.12729341
B8,2038.5,2.0,0.18048762719999728,1625.3601,-53.922264,0.011230924,368.12283,1059.4812,44.405132,12344.338,-0.0022776253,-0.09021648,-0.11554328
B8,2042.791,0.0,0.172072158,1525.0966,-36.573185,0.009229032,506.9723,979.8415,46.77472,11613.603,-0.003389339,-0.03279935,-0.13618885
B8,2047.0819999999999,0.0,0.16719557440000155,1484.7603,-62.316547,0.014247362,665.6574,995.3104,51.59617,11411.632,0.0019287856,0.07409649,-0.124608785
B8,2051.373,1.0,0.17005523000000233,1569.1982,-40.307785,0.015148689,943.3563,1055.5425,57.126472,12260.628,0.0028756906,0.23050006,-0.09379978
B8,2055.6639999999998,0.0,0.15189094719999946,1536.9945,-16.906698,0.010232595,1082.2057,1104.8898,57.59749,12160.355,-0.0017437467,0.1985768,-0.043279357
B8,2059.955,0.0,0.16880183720000133,1424.3512,-1.0997933,0.011553591,943.3563,1142.8538,45.91183,11523.075,0.00021337428,0.1979283,-0.04224899
B8,2064.246,2.0,0.21899943520000179,1266.5435,-23.252266,0.0101963645,645.8218,1231.2356,30.931545,10647.774,-0.00071213377,0.12376118,-0.010481225
B8,2068.537,3.0,0.1807277991999958,1174.9355,-27.50133,0.005018098,645.8218,1452.7162,22.568455,10520.953,-0.0062609115,0.049977913,0.029795012
B8,2072.828,2.0,0.20743273119999953,1717.238,-39.749577,0.015843332,1320.2333,1833.5092,19.94,15668.21,0.003248288,-0.04195179,0.027281893
B8,2077.1189999999997,2.0,0.18817531960000206,2602.6355,-15.275426,0.01781813,2431.029,2245.0854,19.438765,24082.965,0.003434158,-0.043324843,-0.008016639
B8,2081.41,0.0,0.15035127840000037,3474.6265,12.24931,0.017868478,3343.4683,2522.26,17.809122,33212.234,0.0018866747,0.005419678,-0.064811416
B8,2085.701,0.0,0.16185945280000114,4118.299,39.85182,0.017789455,3204.619,2592.5159,14.430995,40551.81,0.0009664305,0.049064185,-0.12732786
B8,2089.992,0.0,0.15969443760000485,4502.254,67.33225,0.01711365,1835.9601,2489.9062,11.988627,43713.11,0.00045737706,0.08109646,-0.1576658
B8,2094.283,2.0,0.18612339360000035,4474.1074,93.76873,0.01492542,-266.61746,2319.5547,11.914976,42717.516,-0.00073634094,0.10103565,-0.16407116
B8,2098.574,2.0,0.18397291519999848,4140.62,116.824936,0.013867162,-1952.6465,2215.6506,13.068183,39000.066,-0.00022605651,0.12913087,-0.136921
B8,2102.865,0.0,0.18302237199999605,3675.3699,138.24637,0.013355019,-2765.908,2256.9368,14.878262,34100.508,0.0012194562,0.16454779,-0.081065446
B8,2107.156,0.0,0.1411516568000003,3012.6533,78.87667,0.0057905354,-2627.0579,2351.839,18.170036,27521.377,-0.0043332893,0.25615656,0.0107082
B8,2111.447,0.0,0.1334908948000013,2357.3762,-32.178345,0.0069303974,-2071.6604,2356.9048,22.277302,21493.285,-0.0015215786,0.46945265,0.108613595
B8,2115.738,0.0,0.1403744288000013,2204.7385,38.52745,0.005610832,-1635.2762,2267.3796,22.584755,19842.732,-0.0016399738,0.31655604,0.090501174
B8,2120.029,0.0,0.1377397203999995,2259.6765,7.1948447,0.0077262074,-1436.9202,2224.292,19.26412,20462.977,0.0009988346,0.03630169,0.05282185
B8,2124.3199999999997,0.0,0.1320537712000013,2369.404,59.12998,0.0068761227,-1575.7695,2341.3113,15.805052,22005.248,-0.00030853227,-0.20041166,-0.003354152
B8,2128.611,0.0,0.14743470240000064,2560.1794,89.75193,0.002964953,-2131.167,2676.1655,14.102599,24575.305,-0.0055632927,-0.48887432,-0.01737984
B8,2132.902,0.0,0.12576823199999973,3331.3467,154.33209,0.015418408,-3103.1135,3200.8499,14.746977,32561.701,0.0049350094,-0.4777296,0.04897356
B8,2137.193,0.0,0.12020500079999936,4416.7676,-21.850178,0.015607582,-4174.2383,3690.6272,15.563587,43153.14,0.002948859,-0.34177607,0.06414691
B8,2141.484,0.0,0.1231120496,5479.9014,-117.740204,0.016213937,-4749.471,3925.891,13.626607,53378.297,0.0016670134,-0.20314302,0.09735118
B8,2145.775,0.0,0.12595907640000045,6414.576,-132.69357,0.016547155,-4114.731,3878.279,10.395381,62088.86,0.0008240777,-0.090417705,0.11034809
B8,2150.066,0.0,0.12450171839999943,7059.886,-107.13219,0.016310027,-2012.1537,3729.2769,8.132666,67639.664,0.00029471496,-0.0051931273,0.089112125
B8,2154.357,0.0,0.13278797159999975,7370.1226,-81.9371,0.01587221,1002.86304,3770.9229,6.613942,69143.484,0.00014307963,0.05674643,0.076651625
B8,2158.648,0.0,0.1266068576000019,7346.1665,-57.41835,0.015105862,3918.702,4155.5967,6.02024,66373.016,-5.6296245e-05,0.09218083,0.07685354
B8,2162.939,0.0,0.12510775880000044,7026.3633,-34.083416,0.014055761,5783.252,4722.6855,6.8085003,61184.035,-0.00032098524,0.10364628,0.088951536
B8,2167.23,0.0,0.12622211039999967,6509.234,-12.370645,0.012797754,6239.471,5179.113,8.619792,54955.668,-0.0007322788,0.09642395,0.11319394
B8,2171.5209999999997,0.0,0.12742666799999808,5968.1426,7.3988137,0.011883619,5684.073,5311.7876,10.108417,47884.684,-0.0009593981,0.07045221,0.15175435
B8,2175.812,0.0,0.12885834080000014,5511.7134,25.756153,0.011335503,4652.62,5044.087,10.3944435,42435.9,-0.0011924971,0.029771222,0.20070012
B8,2180.103,0.0,0.12400181720000031,5224.2505,43.266785,0.012393594,3521.989,4441.132,10.106744,39471.633,-0.00034598194,-0.022179391,0.26978305
B8,2184.3940000000002,0.0,0.12921403200000192,5092.8965,62.41192,0.013628069,2232.6729,3693.004,10.236881,38089.348,0.00011512306,-0.075937115,0.24018362
B8,2188.685,0.0,0.12605833679999995,4938.679,83.464005,0.015029952,606.1505,3062.605,11.693222,36765.5,0.00029951162,-0.116747275,0.16790731
B8,2192.976,0.0,0.12657801759999895,4778.5723,106.68168,0.017428953,-1159.2212,2748.9253,15.490045,35474.0,0.0012014062,-0.14804585,0.12921871
B8,2197.267,2.0,0.1857585480000015,4491.495,133.60522,0.018711656,-2765.9075,2725.9324,21.720388,33303.715,0.00080020254,-0.18027465,0.09234664
B8,2201.558,1.0,0.18841023520000075,3987.579,42.510242,0.019844068,-3479.9907,2783.0205,27.22541,29567.385,6.4701826e-06,-0.22636607,0.07993671
B8,2205.849,1.0,0.2060019143999942,3445.834,-6.8354287,0.022595668,-3083.2778,2738.358,28.354744,25513.633,0.0005460446,-0.2215902,0.09732466
B8,2210.14,1.0,0.21444777760000133,2896.4873,-131.93054,0.025463266,-1714.6189,2529.4514,27.14977,21404.314,0.0012145167,-0.21198899,0.3586887
B8,2214.431,1.0,0.19514699200000304,2403.458,-92.59591,0.030198846,-28.589857,2213.321,27.77125,17837.008,0.0043741176,-0.21856819,0.14159867
B8,2218.7219999999998,0.0,0.15366448000000116,2147.518,-45.94594,0.029879749,1300.3978,1910.5631,30.464973,16329.024,0.0036673865,-0.2201751,0.15532368
B8,2223.013,0.0,0.1938277103999998,2171.9622,0.21110174,0.024464656,1875.6311,1701.0009,33.34326,16799.684,-0.00077870605,-0.1968459,0.14071965
B8,2227.304,0.0,0.20214094000000293,2292.4485,38.003128,0.020301893,1637.6036,1605.7175,31.73118,17528.434,-0.0029456438,-0.16826786,0.13142736
B8,2231.5950000000003,0.0,0.14361655639999876,2454.5984,69.36468,0.01878236,844.17816,1592.5225,25.108093,18602.541,-0.0020999738,-0.16153479,0.14115058
B8,2235.886,0.0,0.1649439136000002,2623.919,98.378914,0.01786178,-266.61752,1633.4233,20.152374,19850.943,-0.0009884016,-0.24276741,0.17102157
B8,2240.177,3.0,0.17975220079999998,2714.411,125.971085,0.015939273,-1436.92,1746.9069,19.115292,20391.945,-0.0015435664,-0.19730537,0.20394397
B8,2244.468,0.0,0.15416720639999978,2701.0354,110.59343,0.01586666,-2270.0166,1891.8672,20.75895,20255.508,-0.00058452203,-0.22683209,0.20432904
B8,2248.759,0.0,0.15308704879999882,2587.8013,15.103609,0.016640497,-2468.373,1973.1102,24.682304,19458.725,0.001536566,-0.15832083,0.16741759
B8,2253.05,0.0,0.1815662816000045,2327.5547,-119.19081,0.015205087,-1972.4822,1928.5239,29.402323,17571.5,0.0021462096,-0.101274885,0.10673867
B8,2257.341,0.0,0.16905885879999977,1835.5436,-135.7026,0.0076003755,-1040.2073,1766.9059,32.485264,13974.661,-0.003265902,-0.05630872,0.020534912
B8,2261.632,0.0,0.14828133839999869,1365.4296,-83.96185,0.0031203423,-405.46692,1569.8887,34.128613,10585.199,-0.006543478,0.08894113,-0.055918746
B8,2265.923,0.0,0.16622952520000295,1231.1904,-19.141672,0.0026922708,-345.96002,1455.6222,38.20318,10022.457,-0.0074981344,0.29117313,-0.049086384
B8,2270.214,0.0,0.160370648,1739.4258,5.0172405,0.020749126,-901.3579,1501.4667,46.26277,15071.5,0.008343982,0.14908165,-0.11656019
B8,2274.505,1.0,0.1780071759999982,2390.5198,-82.930336,0.020193456,-1555.9338,1654.2838,50.11499,21361.03,0.004772817,-0.03474347,-0.042173043
B8,2278.796,0.0,0.1757951824000007,3047.3203,-31.736298,0.020388143,-1714.619,1821.1769,47.33078,27718.531,0.0024470938,-0.09603468,-0.054145917
B8,2283.087,0.0,0.16888872799999974,3588.4348,-80.24151,0.019323444,-1079.8785,1976.9202,44.104534,32817.67,0.00024976116,0.0050993497,-0.097311206
B8,2287.3779999999997,0.0,0.15736182240000807,3897.721,-90.39142,0.01891174,169.76654,2146.8943,40.45663,35437.21,0.0001015972,0.039912727,-0.13280256
B8,2291.669,0.0,0.17543190799999914,3921.7695,-61.177322,0.017363193,1518.5898,2337.213,36.87441,35199.918,-0.00034418525,0.069071054,-0.16409452
B8,2295.96,0.0,0.15631944159999764,3698.0708,-34.355362,0.016469052,2510.3716,2503.77,33.432713,32653.398,0.00040434167,0.09016575,-0.19606858
B8,2300.251,0.0,0.1675552663999993,3328.9558,-8.914629,0.014315829,2867.4128,2579.1047,31.721588,28943.688,0.00044504108,0.10017885,-0.22948806
B8,2304.542,1.0,0.18720291840000214,2751.9753,13.199888,0.008178402,2530.2073,2514.1436,32.623917,23398.422,-0.0032011382,0.10110792,-0.26934484
B8,2308.833,0.0,0.15892521600000548,2236.4963,25.833553,0.006927696,1994.645,2307.4414,32.85587,18030.994,-0.0023123226,0.0951324,-0.20656365
B8,2313.124,0.0,0.16007277519999988,1921.4744,36.53518,0.0040101283,1538.4253,2008.0045,29.986519,14790.366,-0.00425562,0.077002764,-0.1131524
B8,2317.415,0.0,0.16995700560000002,1808.3772,42.72987,0.0068493653,1300.3978,1701.061,26.193008,13478.941,-0.0021414342,0.022435691,-0.011230628
B8,2321.706,0.0,0.16602704480000027,2081.422,53.310493,0.012987993,1181.3839,1491.9634,25.838518,14959.724,0.0016507487,-0.043893203,0.0603359
B8,2325.997,0.0,0.16257811359999727,2487.3071,73.373825,0.018031128,685.49304,1470.6069,29.613699,18331.611,0.0034184025,-0.09416975,0.05488891
B8,2330.288,0.0,0.15957559520000061,2882.4783,101.22759,0.021251995,-345.96002,1633.159,35.230156,21915.506,0.0032866856,-0.11520301,0.046710916
B8,2334.5789999999997,0.0,0.15449825600000472,3142.2854,94.056816,0.022633413,-1595.605,1873.6411,39.771328,24672.32,0.0018768565,-0.127332,0.012348784
B8,2338.87,0.0,0.16418195040000197,3241.836,-30.979984,0.023753323,-2448.5376,2081.9192,42.566574,26271.195,0.00096074864,-0.110088855,-0.027804295
B8,2343.161,3.0,0.17228929919999797,3208.773,-74.286804,0.024926595,-2309.688,2198.3271,45.1425,26774.748,0.00055512146,-0.05250637,-0.06712972
B8,2347.452,0.0,0.1449346544000039,3024.7483,-75.78119,0.02596603,-1179.0569,2189.54,45.89633,25988.654,0.00036945892,-0.021333614,-0.12213209
B8,2351.743,0.0,0.16721279759999977,2661.9456,-75.6699,0.027755342,229.2734,2045.3546,43.85106,23447.445,0.0021208944,0.016623497,-0.14117149
B8,2356.034,0.0,0.1694297935999993,2182.0366,-32.794567,0.031220725,1002.86316,1794.4271,42.413536,19476.918,0.007774498,0.086213745,-0.15665722
B8,2360.325,0.0,0.18396054760000113,1692.4149,15.433958,0.02101078,685.49304,1489.0939,44.868057,15200.066,0.0020957966,-0.0052749314,-0.11225274
B8,2364.616,0.0,0.17272932080000045,1250.8647,47.890575,0.0,-464.97385,1166.4244,49.07858,11110.554,-0.012955125,-0.27183822,0.13568884
B9,1394.85,NA,NA,1408.6935,0.16903687,-2.566187e-05,-207.11057,833.21936,24.291958,15698.764,-0.0069648717,-0.03658578,-0.009438117
B9,1399.1409999999998,NA,NA,1586.0385,100.129395,0.02672868,-1218.7279,1125.2544,30.079494,17214.225,0.014933105,0.078842215,0.11038756
B9,1403.432,NA,NA,2111.5354,-58.58121,0.02099599,-1655.112,1333.9003,25.815931,21870.025,0.004662251,0.09475406,0.17633483
B9,1407.723,NA,NA,2250.633,-66.147446,0.021626217,-1595.6051,1442.4664,19.54794,21701.988,0.002166669,0.15762697,0.10099668
B9,1412.014,NA,NA,2619.1108,-112.74013,0.02137015,-901.3579,1531.8951,17.238024,23787.115,0.0006123209,0.12301347,0.08499127
B9,1416.3049999999998,NA,NA,2728.3176,-79.72837,0.01868889,229.2734,1738.8538,18.12857,23109.89,-0.0020334926,0.12354832,-0.019677851
B9,1420.596,NA,NA,3065.4797,-50.85853,0.020907147,1657.4393,2079.1533,19.14793,24647.662,0.00035117584,0.12514465,-0.119078636
B9,1424.887,NA,NA,3307.377,-18.562004,0.019385904,2946.7556,2411.902,18.506544,25369.531,-0.0014279699,0.10345168,-0.21634664
B9,1429.1779999999999,NA,NA,3576.8699,11.384567,0.022979531,3442.6462,2608.7522,15.496235,26408.582,0.001666505,0.058707476,-0.2740243
B9,1433.4689999999998,NA,NA,3933.9739,46.882427,0.022625469,2748.3992,2689.872,11.95124,28135.137,0.00072763715,0.020743,-0.31615934
B9,1437.76,NA,NA,4192.748,81.83334,0.022443008,764.83563,2800.7878,10.420626,29038.453,4.4360473e-05,-0.0017054611,-0.34910417
B9,1442.051,NA,NA,4499.0205,116.5024,0.022881724,-1853.4685,3031.981,9.9855995,30052.277,9.0871654e-05,-0.027101384,-0.29036945
B9,1446.3419999999999,NA,NA,4725.031,151.84918,0.022739545,-4055.2239,3301.2595,9.257817,31097.924,-0.00037523767,-0.05487527,-0.22510573
B9,1450.6329999999998,NA,NA,4959.0723,-93.023705,0.024257472,-4848.6494,3471.398,8.190497,32638.889,0.0008168954,-0.076606244,-0.14706098
B9,1454.924,NA,NA,5069.4907,-135.55171,0.023869026,-3539.4973,3497.7502,7.124152,33263.406,0.000101097925,-0.087343425,-0.08075968
B9,1459.215,NA,NA,5019.766,-98.6798,0.024338288,-703.00146,3437.5166,6.3861217,32758.76,0.00032248528,-0.08664046,-0.04125436
B9,1463.5059999999999,NA,NA,4948.632,-61.08299,0.024483806,2411.1934,3370.4697,6.2163734,31965.424,0.0003101673,-0.09431394,-0.0005754895
B9,1467.797,NA,NA,4695.7007,-23.261385,0.023734204,4315.414,3331.0151,6.799568,29983.562,-0.00053579593,-0.09477573,0.020249844
B9,1472.088,NA,NA,4442.69,13.402264,0.024645565,4315.4146,3285.205,7.8005643,28125.686,0.00027810188,-0.082780994,0.044425488
B9,1476.379,NA,NA,4171.379,51.473743,0.024478484,2609.5498,3146.222,9.970068,26258.732,-1.068368e-05,-0.071146645,0.07201857
B9,1480.6699999999998,NA,NA,3811.5964,89.28713,0.02478624,110.25961,2862.1462,12.766151,23926.96,0.000119216405,-0.053804055,0.09745237
B9,1484.961,NA,NA,3485.3958,127.57593,0.02497664,-1952.6467,2506.7686,13.930272,21800.09,7.130193e-06,-0.04087684,0.12449755
B9,1489.252,NA,NA,3095.3108,46.15883,0.024664829,-2706.401,2242.1157,15.75275,19294.68,-0.0004892104,-0.026519695,0.12784553
B9,1493.543,NA,NA,2805.61,-35.73993,0.026880035,-2151.003,2136.813,21.097403,17492.318,0.00200189,0.0021411313,0.16429152
B9,1497.8339999999998,NA,NA,2536.5352,-74.21672,0.027162813,-742.67267,2065.8618,30.621145,15813.639,0.0028006777,0.0602621,0.13313024
B9,1502.125,NA,NA,2222.5015,-32.256695,0.017772257,764.83563,1906.5703,34.67957,13813.491,-0.00634857,0.14928116,0.0041248268
B9,1506.416,NA,NA,2080.3853,-24.802826,0.020592727,1340.0691,1701.5232,30.993063,12906.849,-0.0037854007,0.23026116,-0.1607433
B9,1510.7069999999999,NA,NA,2096.3525,27.007996,0.03129594,784.67126,1591.5356,31.42299,12855.299,0.0062854323,0.30697095,-0.1900537
B9,1514.9979999999998,NA,NA,2265.0676,35.35271,0.028344555,-583.9876,1635.9767,37.253765,13736.661,0.002617447,0.30506742,-0.13932742
B9,1519.289,NA,NA,2493.2778,79.13825,0.025189891,-1912.9752,1736.8247,39.7052,15107.976,-0.00095768657,0.245511,-0.052051067
B9,1523.58,NA,NA,2595.5334,-1.9494103,0.024452575,-2289.8525,1784.3481,35.602356,15779.363,-0.0014710062,0.20107085,-0.0017326673
B9,1527.8709999999999,NA,NA,2555.553,-124.176056,0.02538245,-1456.7556,1742.6317,32.605186,15455.806,0.00014289707,0.16033562,0.013595317
B9,1532.1619999999998,NA,NA,2311.85,-84.966255,0.024429739,30.917074,1607.5524,31.846388,13931.656,-0.00014975149,0.1234373,0.04496376
B9,1536.453,NA,NA,1884.0653,-47.228176,0.023781406,963.19196,1399.7943,30.913412,11410.6,-0.0004923622,0.08203435,0.08256891
B9,1540.744,NA,NA,1497.352,-10.4916115,0.024216847,963.19196,1183.9053,31.076765,9114.564,-0.00015808236,0.02257869,0.15192646
B9,1545.0349999999999,NA,NA,1211.7638,26.917604,0.0204542,348.28723,1039.5118,34.651672,7466.467,-0.004313345,-0.0017260975,0.16611555
B9,1549.326,NA,NA,1142.9735,38.514435,0.032262813,-207.11057,990.8884,40.189228,7186.781,0.0069153924,0.022338603,0.12617019
B9,1553.617,NA,NA,1216.5872,8.352734,0.02389566,-464.9738,963.2102,41.559322,7786.732,-0.002011398,0.008855846,0.08196081
B9,1557.908,NA,NA,1353.6274,-54.734203,0.027019354,-345.96,927.4847,41.247646,8729.993,0.0011300594,0.043102343,0.07488852
B9,1562.1989999999998,NA,NA,1386.5931,-52.995796,0.02568197,-48.425488,911.7959,42.426502,9053.815,0.0008944089,0.07415242,-0.01555774
B9,1566.49,NA,NA,1409.4579,-33.32331,0.026608694,110.25965,937.3708,47.778748,9325.065,0.0037307213,0.04423894,-0.12551533
B9,1570.781,NA,NA,1461.3656,-32.219254,0.011843342,189.60217,1016.7997,43.525024,9756.564,-0.009132584,-0.049605925,-0.28373188
B9,1575.072,NA,NA,1526.4983,-13.924144,0.01656123,407.79416,1154.0819,36.579163,10309.256,-0.003027293,-0.10623699,-0.5036827
B9,1579.3629999999998,NA,NA,1797.9991,-68.34102,0.022227326,983.02765,1357.8584,34.28978,12068.652,0.0033102566,-0.10055002,-0.40398344
B9,1583.654,NA,NA,2088.4866,-34.00513,0.019438691,1518.5898,1607.5443,33.467644,13933.069,0.00044075286,-0.040550683,-0.244075
B9,1587.945,NA,NA,2338.737,-3.9770176,0.018549137,1875.6311,1818.2515,31.84861,15573.029,-0.0008784401,-0.056417387,-0.13481683
B9,1592.2359999999999,NA,NA,2581.9749,24.676949,0.020379972,1816.1245,1915.3817,29.369751,17335.049,0.00070207135,-0.113986254,-0.03782426
B9,1596.527,NA,NA,2725.44,56.15911,0.019848058,1359.9048,1884.4939,25.401932,18510.748,0.00029666215,-0.18137278,0.06838144
B9,1600.818,NA,NA,2787.4617,86.8196,0.018784946,764.8356,1815.468,20.380417,19129.117,-0.0005822584,-0.26774508,0.19338979
B9,1605.109,NA,NA,2859.7947,35.83784,0.02092418,-68.26111,1900.2188,15.8820915,19751.28,0.0015065477,-0.34339902,0.36599362
B9,1609.3999999999999,NA,NA,3072.2703,88.160675,0.01443563,-1298.0706,2251.4468,16.046965,21164.018,-0.005366779,-0.2706108,0.48519102
B9,1613.6909999999998,NA,NA,3516.4077,130.46027,0.023968805,-2765.9077,2730.0737,19.367378,24287.32,0.0033656624,-0.27100718,0.57758266
B9,1617.982,NA,NA,4187.0146,7.486318,0.02274921,-3995.717,3124.277,18.473166,29475.79,0.0010531348,-0.13761507,0.44394085
B9,1622.273,NA,NA,4898.3184,-77.37161,0.023660697,-4075.0596,3380.5242,13.262489,34917.32,0.00088691723,-0.057663545,0.33477116
B9,1626.5639999999999,NA,NA,5651.1553,-120.82152,0.024392625,-2329.5237,3648.0693,10.988359,40797.184,0.0008415994,-0.00077385374,0.24676673
B9,1630.855,NA,NA,6302.2544,-83.14076,0.024188913,1102.0415,4073.8577,12.0464325,46257.727,0.00037980414,0.044341855,0.17181475
B9,1635.146,NA,NA,6819.3066,-45.7747,0.023885505,4731.9634,4586.744,13.809612,50532.68,0.00025920285,0.077934876,0.12007231
B9,1639.437,NA,NA,7142.798,-8.877323,0.023173485,6675.855,4979.8594,14.111794,53285.406,4.3736378e-05,0.09049577,0.07553683
B9,1643.7279999999998,NA,NA,7178.381,26.920149,0.022113107,5862.594,5081.269,13.485368,53847.504,-0.00014370531,0.10179339,0.033777025
B9,1648.019,NA,NA,6944.6406,61.07959,0.020903133,2966.591,4825.6978,13.464226,52333.395,-3.375174e-05,0.11402782,-0.002975146
B9,1652.31,NA,NA,6430.2944,93.36992,0.019101659,-365.7957,4295.2104,13.000984,48254.145,5.328954e-05,0.12601249,-0.04782751
B9,1656.6009999999999,NA,NA,5677.368,122.87739,0.0162691,-2666.7295,3743.2534,11.23793,42649.984,-0.00027842296,0.14957339,-0.094608836
B9,1660.8919999999998,NA,NA,4797.802,68.00925,0.011711601,-3420.4834,3472.2698,10.017602,36481.906,-0.002020463,0.16683997,-0.15339497
B9,1665.183,NA,NA,4055.73,86.10086,0.00790542,-3341.141,3531.956,10.667431,31062.246,-0.0033907325,0.118705854,-0.2335185
B9,1669.474,NA,NA,3736.3098,58.31284,0.005000042,-3400.6482,3683.5842,12.668395,28749.262,-0.0049543735,0.09220505,-0.31660658
B9,1673.7649999999999,NA,NA,3937.2383,-53.96329,0.009511965,-3856.8677,3720.0933,13.217866,30511.305,-0.00051111775,0.099553876,-0.38490996
B9,1678.056,NA,NA,4441.507,-159.26959,0.013572441,-4134.5664,3601.4683,11.826533,35045.664,0.0023400555,0.07475993,-0.41863737
B9,1682.347,NA,NA,4845.289,-138.30342,0.015358453,-3499.8262,3358.6318,10.655021,39102.66,0.0024779653,0.060377095,-0.5026622
B9,1686.638,NA,NA,4998.083,-114.5783,0.015671723,-1813.7971,3027.0874,9.832072,41337.11,0.0014601545,0.050587337,-0.4051301
B9,1690.9289999999999,NA,NA,4852.831,-90.369255,0.015191202,288.78036,2694.4863,10.473306,41014.504,0.0004235095,0.04191094,-0.3093995
B9,1695.2199999999998,NA,NA,4526.5156,-66.90249,0.014948302,2034.3162,2474.065,13.649824,38940.42,0.00032020741,0.032727346,-0.22862437
B9,1699.511,NA,NA,3989.8467,-43.81095,0.013622553,2827.7417,2419.8535,17.760473,34929.055,-0.00032731105,0.000794967,-0.14715044
B9,1703.802,NA,NA,3356.5732,-22.767374,0.012337889,2609.5498,2456.434,21.660099,29788.242,-0.00050872925,-0.044809263,-0.0520499
B9,1708.0929999999998,NA,NA,2768.6716,-3.7083004,0.013625579,1935.1382,2434.8271,24.064964,24958.186,0.0019285812,-0.060752682,0.063265
B9,1712.384,NA,NA,2239.809,17.33995,0.004416989,1320.2335,2298.4,22.512794,20514.35,-0.006422548,0.047347203,0.21840341
B9,1716.675,NA,NA,1986.699,-35.836864,0.010829857,1201.2196,2134.4246,19.010332,17978.795,0.00039039113,0.08134341,0.32859543
B9,1720.966,NA,NA,2078.963,-39.10733,0.0128085725,1558.2611,2126.486,15.750439,18085.053,0.0023072073,0.030964613,0.23898874
B9,1725.257,NA,NA,2448.6777,-19.321161,0.010551322,2113.659,2365.563,13.388945,20426.055,-0.00036797352,0.016472446,0.14011556
B9,1729.548,NA,NA,2972.2092,-3.0219033,0.011233576,2788.0703,2712.9668,12.968322,24219.299,-0.0003384244,-0.015116718,0.085827194
B9,1733.839,NA,0.21633818159999962,3582.0608,14.331275,0.011880885,3363.304,2985.822,12.718576,28828.145,-0.00044952353,-0.073945366,0.08642467
B9,1738.1299999999999,0.0,0.2191040145999999,4393.4824,32.68439,0.01372884,3700.51,3080.2632,9.494036,35062.297,0.0003963379,-0.12928528,0.0993779
B9,1742.4209999999998,0.0,0.22352237579999992,5342.084,53.892155,0.015089639,3204.6187,3102.7454,5.640105,42296.305,0.00035027927,-0.17366406,0.11945931
B9,1746.712,1.0,0.22120721660000128,6361.674,77.20203,0.017657379,1379.7404,3433.5903,3.6206293,50122.746,0.0013102985,-0.1779564,0.126944
B9,1751.003,2.0,0.21958513900000035,7387.684,104.47843,0.019344496,-1912.9755,4267.572,3.0700176,57950.92,0.001445543,-0.15303919,0.12446414
B9,1755.2939999999999,0.0,0.2307425123999994,8128.2725,134.36102,0.020136612,-5721.4175,5284.3687,3.3988695,63577.58,0.000911979,-0.12824164,0.122255325
B9,1759.585,0.0,0.20589697400000015,8544.519,165.46727,0.020981362,-8260.379,6050.2607,3.939459,66773.16,0.00075257395,-0.10738606,0.11609682
B9,1763.876,0.0,0.21031894059999953,8586.887,-162.12155,0.021442091,-8141.365,6308.9106,4.1322165,66942.91,0.0005639082,-0.09337621,0.11613221
B9,1768.167,1.0,0.21801118079999995,8214.131,-128.99867,0.021723624,-5146.1846,6013.4897,4.094466,63440.855,0.00055618386,-0.079416856,0.12113089
B9,1772.458,0.0,0.21320898520000148,7458.2275,-95.44089,0.021585768,-683.1658,5290.3677,3.9922037,56489.062,0.00055584894,-0.06847313,0.12706487
B9,1776.749,1.0,0.20587722080000054,6386.9785,-62.09606,0.020820154,3006.2625,4413.8613,3.784148,47374.848,0.0005322504,-0.06792349,0.13936223
B9,1781.04,0.0,0.20907034740000008,5188.7866,-29.93392,0.019480627,4493.9355,3723.1948,4.033519,37740.152,0.0005928266,-0.07165466,0.16583088
B9,1785.331,1.0,0.2179524936,3963.8716,0.1589737,0.015909292,3879.0308,3356.1064,5.639575,28355.45,-0.0011099516,-0.10030574,0.20373599
B9,1789.6219999999998,1.0,0.21401050580000044,2889.67,24.735014,0.011780996,2411.1936,3078.5562,10.332446,20391.014,-0.0033737149,-0.15679261,0.22578093
B9,1793.913,0.0,0.22303502080000207,2229.1335,42.933823,0.012281777,1340.0688,2630.2883,15.116555,15511.397,-0.0017569358,-0.26495,0.1585851
B9,1798.204,1.0,0.22158794320000083,1907.0039,61.906216,0.010929575,903.68506,2047.4874,12.72561,13071.049,-0.0033705686,-0.18102974,0.07016269
B9,1802.495,0.0,0.2245382002,1978.7682,78.78978,0.016035441,506.97238,1615.811,13.851105,13528.153,-6.292222e-06,-0.1369928,-0.013570335
B9,1806.786,1.0,0.21326652499999954,2304.0176,103.5607,0.022209235,-484.80945,1606.2941,23.171572,15809.208,0.0034276785,-0.040839832,-0.02615624
B9,1811.077,1.0,0.22445113579999956,2715.1162,137.86862,0.025204936,-1952.6467,1867.7368,29.553959,18447.043,0.0034613626,0.046505664,0.025808547
B9,1815.368,0.0,0.21794628260000015,3077.5938,56.804214,0.02585863,-2884.9214,2126.4817,25.748566,20676.227,0.0016089478,0.12289582,0.039852485
B9,1819.6589999999999,1.0,0.21372914680000005,3459.939,-143.25041,0.027251769,-2448.5374,2336.188,24.897257,23083.643,0.0013313732,0.18835057,0.06115508
B9,1823.9499999999998,1.0,0.21812313340000017,3826.674,-101.15298,0.027601557,-524.4808,2525.8599,27.022694,25504.152,0.00081398926,0.21458618,0.09486434
B9,1828.241,0.0,0.22897140420000214,4042.942,-58.51519,0.027319087,1954.974,2682.9058,27.334167,26863.514,0.00012752242,0.24499327,0.12343441
B9,1832.532,0.0,0.21686323200000032,4111.403,-16.313765,0.027255472,3442.6465,2766.736,25.846878,27276.457,-0.000104079896,0.2792203,0.15591958
B9,1836.8229999999999,0.0,0.22284517279999966,3991.816,25.789398,0.027254002,3125.2764,2759.8447,26.851402,26527.865,-0.0002278657,0.31517705,0.17620169
B9,1841.114,2.0,0.2374010640000032,3654.183,67.89029,0.028413422,1240.8909,2645.5562,29.373074,23977.084,0.00051963027,0.3343431,0.18954341
B9,1845.405,2.0,0.25426065180000085,3140.9294,111.7822,0.02584235,-881.5222,2409.7654,28.860714,20146.66,-0.002901733,0.33200556,0.2108745
B9,1849.696,2.0,0.2597515661999997,2614.7256,11.702436,0.031917438,-1873.3041,2103.033,27.136665,16649.531,0.0022079078,0.26183745,0.20523408
B9,1853.987,2.0,0.21610168900000568,2160.1177,-58.99278,0.03424555,-1377.4131,1821.9202,28.409285,13924.277,0.004000093,0.13177262,0.15894453
B9,1858.278,3.0,0.2555083267999998,1765.0366,-46.091618,0.0320024,-88.09677,1603.1018,32.916275,11595.408,0.001998127,-0.007750882,0.12674348
B9,1862.569,2.0,0.21992792140000053,1497.4249,-36.65559,0.025722384,705.3287,1399.646,36.927464,9991.143,-0.0030136472,-0.14571889,0.1790405
B9,1866.86,2.0,0.22187341499999996,1390.6558,43.079327,0.025623102,586.31494,1186.4948,37.666912,9343.146,-0.00066955015,-0.27105933,0.19284123
B9,1871.1509999999998,3.0,0.2278284586000001,1422.828,42.660862,0.025227133,-167.43929,1020.89703,38.05632,9515.24,0.0022725973,-0.24390452,0.20438308
B9,1875.442,3.0,0.21234471579999864,1332.9467,81.63072,0.01532547,-583.9877,949.4044,43.731907,8828.553,-0.004299928,-0.2393899,0.20171952
B9,1879.733,2.0,0.21034918559999963,1226.5166,65.3049,0.011817344,-464.97385,964.54425,49.044983,8038.3496,-0.005512972,-0.24143884,0.19551519
B9,1884.024,0.0,0.18632175439999998,1166.1699,83.55985,0.009244246,-147.60365,1089.3165,47.975536,7612.172,-0.007354947,-0.11792098,0.10918999
B9,1888.315,0.0,0.1938045400000004,1469.454,37.84,0.023194388,-385.63132,1306.0176,48.63143,9783.59,0.005783775,-0.15250789,0.06899193
B9,1892.606,0.0,0.18913545900000014,1934.1072,73.66977,0.02247755,-1278.2349,1519.8876,47.497116,13228.914,0.003350014,-0.13535248,0.07859068
B9,1896.897,0.0,0.18876081440000003,2420.1807,-11.607817,0.022843786,-2012.1537,1668.6316,43.90092,17069.994,0.0021719674,-0.10571143,0.11588078
B9,1901.1879999999999,0.0,0.19226660859999997,2847.151,-136.31964,0.020896856,-1833.6328,1783.252,39.651886,20721.098,-0.0003780811,-0.09542397,0.22089607
B9,1905.4789999999998,0.0,0.1872940409999999,3112.8005,-104.03903,0.020548096,-524.4808,1913.9297,34.980827,23135.43,-0.00043496292,-0.09416779,0.28054222
B9,1909.77,0.0,0.1917218207999995,3270.5815,-72.29715,0.019731678,1201.2195,2045.7118,32.208202,24641.07,-0.00071690726,-0.071174115,0.29195753
B9,1914.061,0.0,0.18438707699999995,3230.4934,-41.81645,0.019053977,2391.358,2144.5872,32.83971,24525.783,-0.001046954,-0.044650633,0.2916916
B9,1918.3519999999999,3.0,0.22281662079999914,3113.4114,-12.382623,0.020720845,2490.5361,2205.2485,35.378407,23761.693,0.0010360699,0.031143956,0.26083046
B9,1922.643,2.0,0.22803604679999684,2879.1394,19.626106,0.020184126,1776.453,2189.9946,37.317883,21928.373,0.0015696024,0.13153031,0.22427922
B9,1926.934,2.0,0.21764251020000028,2501.6125,50.805744,0.019152988,903.68506,2033.3013,37.768356,18746.209,0.0026347113,0.24545386,0.18821451
B9,1931.225,2.0,0.23103375159999961,2080.9075,80.39251,0.01043931,467.30112,1735.0206,37.23481,15411.319,-0.003458092,0.35325432,0.14663887
B9,1935.516,2.0,0.23196609879999633,1629.9111,56.51874,0.0048642205,447.46542,1401.7258,33.074383,12091.305,-0.0070556644,0.48393857,0.06663784
B9,1939.8069999999998,2.0,0.21812220640000426,1626.7578,84.0328,0.0053050932,427.62976,1255.1841,24.993614,12182.027,-0.00625617,0.31504822,-0.016575549
B9,1944.098,2.0,0.21329394420000017,2059.2417,92.22789,0.017694721,-107.932396,1462.1538,18.29045,15535.145,0.00465068,0.14309925,-0.045935497
B9,1948.3890000000001,2.0,0.21881705279999955,2649.36,119.56198,0.020340059,-1317.9061,1892.7319,17.51618,20062.664,0.00461191,0.04029229,-0.035721038
B9,1952.6799999999998,0.0,0.1274127691999998,3154.0325,150.98248,0.020378422,-2706.4006,2336.0981,19.006474,23963.53,0.0019432612,-0.020725885,0.0056987605
B9,1956.971,0.0,0.12328883660000162,3635.9922,-57.537735,0.021500416,-3559.333,2629.2737,16.265726,27709.2,0.0012921867,-0.053691387,0.011592176
B9,1961.262,0.0,0.12824157639999992,4096.15,-144.32475,0.021471933,-3261.7983,2738.8926,11.158702,31266.518,0.0005994827,-0.0544468,-0.0045554903
B9,1965.5529999999999,3.0,0.12896747279999987,4412.515,-111.15577,0.020846516,-1555.9338,2781.0894,8.925312,33783.17,-2.6152262e-05,-0.039668985,-0.036510203
B9,1969.844,3.0,0.12336176119999334,4688.722,-78.9529,0.020662948,864.0138,2934.0496,9.003245,36081.89,4.8946607e-05,-0.018371582,-0.058928173
B9,1974.135,0.0,0.08140733440000032,4888.2793,-47.033607,0.01982777,3204.619,3253.6802,9.902744,37757.61,-0.0003845343,0.0103360815,-0.077826604
B9,1978.426,0.0,0.0814424247999997,4991.1133,-16.404465,0.01940993,4573.278,3603.4448,11.331867,38631.38,-0.0003521572,0.040021103,-0.095185705
B9,1982.717,0.0,0.08549295900000216,5070.4897,13.579219,0.019178288,4692.291,3785.5479,12.985847,38677.484,-0.00016504031,0.067429386,-0.1097073
B9,1987.0079999999998,0.0,0.07869294279999949,5050.573,43.205067,0.018657377,3561.6604,3689.5686,13.482584,37823.215,-0.0003278798,0.08809468,-0.12268249
B9,1991.299,0.0,0.0839906343999993,4932.9824,72.026245,0.01846617,1558.2611,3372.3494,12.294025,36803.49,-0.00022716861,0.107161894,-0.12196056
B9,1995.59,0.0,0.08327239020000016,4743.9624,100.55203,0.01838547,-703.00146,3036.2334,11.132356,35483.938,-5.172823e-05,0.13627894,-0.12266485
B9,1999.8809999999999,0.0,0.07278678019999987,4450.0586,128.95319,0.01817351,-2587.387,2863.1482,11.818653,33319.42,1.888176e-05,0.17463343,-0.12217811
B9,2004.172,0.0,0.07938402139999987,4033.0876,117.02689,0.01791016,-3539.4976,2842.9502,15.340175,30237.977,0.00035072883,0.2272185,-0.09828149
B9,2008.463,0.0,0.08204159699999969,3512.1895,-55.306213,0.017176082,-3360.9768,2818.5308,21.474596,26375.777,0.0007706914,0.29399395,-0.04560314
B9,2012.754,0.0,0.08293719479999997,2879.8894,-108.773285,0.016311066,-2329.5237,2644.0854,26.832201,21699.41,0.0014048686,0.3647527,0.0136168795
B9,2017.045,0.0,0.10994593560001317,2254.0508,-83.5766,0.0068308096,-1198.8923,2295.453,29.002207,17115.547,-0.0065114405,0.40624616,0.052685183
B9,2021.336,1.0,0.13500892039999704,1973.6621,-53.024643,0.011572,-504.64508,1872.8755,29.391636,14864.198,-0.00056527776,0.2522677,0.068624154
B9,2025.627,1.0,0.11872079099999945,1883.0933,-35.148674,0.013711617,-425.30258,1519.5789,28.5338,13989.217,0.0018395229,0.09953785,0.06117291
B9,2029.9180000000001,0.0,0.11761854079999581,1988.8488,-93.967514,0.0072128717,-643.49457,1381.6401,25.86215,14713.469,-0.0055478485,-0.003995445,0.04767892
B9,2034.2089999999998,0.0,0.11918842800000022,2383.1318,-102.82536,0.017788209,-464.9739,1530.9602,25.68827,17479.678,0.003226296,-0.040539026,0.018766059
B9,2038.5,0.0,0.1156011720000003,2924.1794,-75.34685,0.019424379,506.97232,1909.483,28.968374,21293.207,0.0027306248,-0.049917858,-0.012493796
B9,2042.791,0.0,0.1188390750000002,3407.4685,-45.340847,0.020119205,2014.4807,2367.0962,30.828186,24743.863,0.0014156343,-0.060371187,-0.042021114
B9,2047.0819999999999,0.0,0.14219803919999985,3877.207,-14.261507,0.021681897,3323.6326,2740.3916,28.241375,28090.281,0.0013420195,-0.07381264,-0.0550548
B9,2051.373,0.0,0.12247929939999985,4288.2617,19.231821,0.021841234,3601.3313,2958.5225,22.847359,30981.701,0.00051408604,-0.090190835,-0.052027702
B9,2055.6639999999998,0.0,0.12338858800000053,4595.8965,52.971287,0.022259565,2470.7002,3075.1826,18.741516,33081.094,0.00048644783,-0.104076385,-0.04878362
B9,2059.955,0.0,0.12146937720000342,4914.19,87.35697,0.022645982,229.27344,3200.4695,16.82602,35110.324,0.0007332008,-0.1079559,-0.04660172
B9,2064.246,0.0,0.12310500980000014,5067.9277,122.33957,0.02149175,-2389.0308,3395.7107,16.28309,35863.105,-0.00028417178,-0.109196424,-0.049389046
B9,2068.537,0.0,0.11120523780000185,5116.967,75.53918,0.02134812,-4233.7446,3612.844,16.206266,35700.492,-9.8022705e-05,-0.102899045,-0.05332189
B9,2072.828,0.0,0.11404893800000132,5114.3257,-51.4831,0.020720422,-4689.9644,3716.46,15.250042,34993.387,-0.000306188,-0.08640252,-0.058126345
B9,2077.1189999999997,0.0,0.15714715700000906,4964.667,-139.47502,0.020151833,-3579.1685,3603.4739,13.195133,33616.83,-0.00046689255,-0.074193,-0.06987248
B9,2081.41,0.0,0.11602627839999934,4773.7075,-108.34527,0.02014441,-1436.9202,3303.6555,10.5518265,32181.514,-0.00019673583,-0.07905658,-0.08128659
B9,2085.701,0.0,0.10979062520000012,4482.4844,-77.227,0.019689227,983.02765,2985.5752,8.5884285,29968.291,-0.00060660776,-0.09274827,-0.09019926
B9,2089.992,0.0,0.1377727776000007,4137.837,-46.811867,0.02018333,2807.906,2826.2656,9.020108,27454.459,-0.00039458188,-0.1147107,-0.090938196
B9,2094.283,0.0,0.11487052339999698,3812.25,-15.633464,0.021139866,3601.3318,2817.528,11.654682,25123.79,-9.788426e-05,-0.14200725,-0.081006795
B9,2098.574,0.0,0.12450221560000047,3480.6084,17.022556,0.022692077,3224.4543,2797.728,15.401088,22860.309,0.00043123576,-0.16264576,-0.04851262
B9,2102.865,0.0,0.11012761419999768,3151.414,52.07637,0.024288708,1935.1381,2632.071,17.70266,20728.129,0.0010165378,-0.18112572,0.015507407
B9,2107.156,0.0,0.13150880280000268,2813.5737,89.59659,0.02556672,368.12292,2307.8176,17.351841,18568.602,0.0018602442,-0.19816695,0.088243246
B9,2111.447,0.0,0.1187011342,2502.0574,129.09105,0.027820647,-881.5222,1926.5647,18.214497,16600.791,0.004328554,-0.18414791,0.18545172
B9,2115.738,0.0,0.11886585739999957,2233.1155,-27.932737,0.017040826,-1476.5913,1624.283,22.991028,14901.719,-0.0059762755,-0.14361702,0.30890054
B9,2120.029,0.0,0.11919329759999982,2003.1736,-21.608755,0.019714365,-1337.7418,1463.6473,31.729065,13417.365,-0.0030780032,-0.21653192,0.45035213
B9,2124.3199999999997,0.0,0.12006611559999682,1839.8995,-71.15479,0.025180122,-722.83716,1399.4572,39.76623,12373.724,0.0023411145,-0.13434945,0.41155112
B9,2128.611,0.0,0.11641694760000013,1769.8367,-72.25755,0.0257622,130.09525,1381.7058,43.190006,11980.196,0.002899536,0.0062215063,0.3112867
B9,2132.902,0.0,0.1190261884000007,1777.071,-32.461136,0.026663907,883.8494,1405.7838,45.937344,12093.672,0.003993602,0.12387795,0.28716907
B9,2137.193,0.0,0.12197177479999768,1867.3563,8.7282,0.013934801,1320.2334,1451.192,48.449726,12761.433,-0.008024016,0.27761477,0.14178225
B9,2141.484,0.0,0.1198725684000007,2043.2157,10.254128,0.02256224,1240.891,1503.3413,51.11656,13961.421,0.0018446938,0.3105973,0.10428773
B9,2145.775,0.0,0.12393211580000038,2215.2334,45.107376,0.020293117,625.98615,1547.2412,52.30681,15063.781,0.0009435116,0.28234965,0.1220723
B9,2150.066,0.0,0.12525190339999973,2319.0386,76.455376,0.017971352,-246.78185,1556.4976,51.240128,15683.761,-0.00024844083,0.28564644,0.14132303
B9,2154.357,3.0,0.10446100780000048,2356.6304,24.216793,0.013673597,-1060.043,1543.5483,47.780483,15884.16,-0.0037768255,0.28855574,0.18078643
B9,2158.648,0.0,0.12620512859999994,2307.63,45.339222,0.016245915,-1357.5775,1543.1115,45.015205,15549.512,-0.0006964816,0.21143763,0.1749743
B9,2162.939,0.0,0.11967175260000258,2247.4072,30.435263,0.018059019,-1218.728,1562.2893,45.542038,15170.809,0.0012266333,0.124134965,0.16124879
B9,2167.23,0.0,0.11630710279999978,2182.797,-61.667892,0.01725205,-782.344,1578.1786,46.991096,14723.679,3.9912127e-05,0.061800983,0.13966638
B9,2171.5209999999997,0.0,0.121267370799998,2083.5225,-75.01761,0.017513053,-365.7957,1578.8445,45.891968,14194.184,-0.00031560287,0.034135208,0.11655792
B9,2175.812,0.0,0.13923085639999258,2100.6147,-87.96414,0.019198842,30.91706,1576.7726,42.124126,14593.599,0.0007845639,0.036053207,0.09026209
B9,2180.103,0.0,0.12187191379999993,2118.13,-58.306538,0.018847425,566.47925,1591.6581,40.694035,14871.161,-7.53426e-05,0.072332725,0.031398136
B9,2184.3940000000002,0.0,0.11947651380000028,2159.7004,-29.191793,0.021111084,1181.3842,1628.3702,43.333614,15313.779,0.001622472,0.12796971,-0.042163134
B9,2188.685,0.0,0.11213878820000042,2241.7651,3.419765,0.017953845,1736.7819,1677.1411,46.601624,16094.799,-0.0021530108,0.19470447,-0.13169271
B9,2192.976,3.0,0.12166198460000004,2386.2925,11.154146,0.022453688,1816.1244,1714.7926,46.872864,17250.0,0.0016557367,0.19224352,-0.12483215
B9,2197.267,3.0,0.14455750979999357,2515.3567,45.839706,0.021792386,1221.0552,1720.3634,45.338657,18159.121,0.00021626963,0.139739,-0.08042412
B9,2201.558,0.0,0.12399851999999965,2488.6357,79.50371,0.022506936,229.2734,1676.3335,45.35722,17848.762,0.00047060847,0.085436426,-0.063950166
B9,2205.849,0.0,0.10941575239999997,2413.942,34.271523,0.02471939,-683.16583,1604.8932,47.81639,17185.459,0.0030407852,0.013673942,-0.061089832
B9,2210.14,0.0,0.13242773439999264,2283.5093,32.45704,0.023032315,-1139.3854,1550.6147,50.386852,16439.89,0.002663209,-0.062042315,-0.07550677
B9,2214.431,0.0,0.11452755099999945,2144.1172,28.03644,0.012105793,-901.3578,1547.3899,52.72012,15631.566,-0.006447601,-0.10551744,-0.10408415
B9,2218.7219999999998,0.0,0.11902372519999849,2048.4036,6.7369876,0.014990562,-246.78188,1593.6196,53.851696,14780.059,-0.0019889185,-0.10842681,-0.17050989
B9,2223.013,0.0,0.10616064880000076,2182.0566,-50.106194,0.0133803785,586.3149,1666.3455,52.60765,15842.547,-0.002793618,-0.09686075,-0.05485577
B9,2227.304,0.0,0.12509351660000004,2438.817,-9.436719,0.019253682,1181.384,1762.0172,49.89555,17993.523,0.0028790617,-0.07936353,0.0116648935
B9,2231.5950000000003,0.0,0.11348640720000122,2760.5127,20.305605,0.017246118,1359.9048,1854.168,46.29487,20669.096,-1.1035603e-05,-0.15802076,0.10020171
B9,2235.886,0.0,0.10567213199999911,3054.544,46.946716,0.018928653,1022.6989,1950.7338,43.71962,23428.053,0.00081590895,-0.20990807,0.21922071
B9,2240.177,0.0,0.12223916740000042,3434.6504,76.18694,0.02001503,209.4378,2098.8306,39.10671,27055.805,0.0015281314,-0.15035278,0.33410898
B9,2244.468,0.0,0.12186712240000051,3741.4514,67.10537,0.018350856,-1040.2074,2385.0667,32.180305,29781.791,1.5343605e-05,-0.14905371,0.32229683
B9,2248.759,0.0,0.12240632659999931,4063.5122,55.453026,0.018017944,-2309.6882,2810.4678,28.014305,32421.086,0.00017561158,-0.13509566,0.3483475
B9,2253.05,0.0,0.11998276579999968,4264.9536,83.28644,0.015036917,-3400.6477,3236.149,27.654955,34090.125,-0.0021435064,-0.107302696,0.42363372
B9,2257.341,0.0,0.12457629359999982,4434.182,46.514866,0.017097387,-3975.8818,3531.5474,28.986202,35705.207,0.0006262986,-0.104688644,0.502563
B9,2261.632,0.0,0.12658529900000037,4736.629,-47.073776,0.015617399,-3936.21,3625.3755,29.15748,38360.387,-0.00020921095,0.02086613,0.2933625
B9,2265.923,0.0,0.1324240167999976,4837.4297,-102.94864,0.01479679,-3162.62,3483.8247,26.705229,39071.844,-0.00042216154,0.07486269,0.18996382
B9,2270.214,0.0,0.11584200820000415,4890.735,-120.09115,0.014455161,-1853.4683,3160.6433,22.732552,39742.17,-9.44071e-05,0.100063324,0.11647333
B9,2274.505,0.0,0.1218978447999999,4748.75,-97.76139,0.013270896,-306.28876,2813.6418,18.973396,38752.14,-0.000495896,0.112635694,0.07509753
B9,2278.796,0.0,0.11833090739999969,4615.93,-77.26104,0.012993689,1121.8772,2637.7275,16.47131,37225.48,9.805164e-06,0.1040922,0.0797903
B9,2283.087,0.0,0.10452105419999895,4381.2065,-57.18892,0.010643457,2292.1797,2741.0989,15.566271,35249.195,-0.0017551099,0.08326748,0.0830071
B9,2287.3779999999997,0.0,0.12455061999999925,4230.028,-40.74733,0.011688755,3026.0981,3053.886,16.379936,35138.86,-0.0005172816,0.049771626,0.09400365
B9,2291.669,0.0,0.11602523480000063,4264.1577,-22.691013,0.01163318,3660.8386,3406.7612,18.250244,36779.324,-0.0009088623,0.011464119,0.092133574
B9,2295.96,0.0,0.11596221779999892,4373.581,-4.7205386,0.014015012,4037.7158,3633.0479,19.272726,38131.625,0.0006157289,-0.014740096,0.10043216
B9,2300.251,0.0,0.10659497119999974,4639.0645,16.929289,0.015672963,4037.7158,3634.1677,18.59159,39719.992,0.0010588822,-0.01578082,0.10056443
B9,2304.542,0.0,0.11142819360000444,4662.3784,41.140255,0.016497813,3145.112,3414.338,17.203362,39446.676,0.0005632268,-0.008598751,0.0858269
B9,2308.833,0.0,0.1116974402,4615.673,66.62541,0.018521324,1538.4254,3061.917,16.86718,38977.6,0.0015198141,-0.005894608,0.06704707
B9,2313.124,0.0,0.12772788939999422,4269.61,95.23643,0.018338747,-405.46695,2697.1045,18.135666,35650.805,0.00084038154,-0.004290157,0.024228016
B9,2317.415,0.0,0.11980760299999961,3708.1396,123.56539,0.02010359,-1813.797,2406.3613,21.60648,30011.754,0.0027370558,-0.023596631,-0.006865925
B9,2321.706,0.0,0.12479598159999968,3053.3381,74.620605,0.013481404,-2170.8386,2207.0728,28.10633,23583.379,-0.0032784913,-0.058369186,-0.054081466
B9,2325.997,0.0,0.12331404440000156,2384.5942,-44.553867,0.015880473,-1595.605,2066.787,37.687584,18533.04,-0.00011338916,-0.13175,-0.09024652
B9,2330.288,0.0,0.13216793879999975,2167.7483,-20.022345,0.014129932,-722.8371,1933.2949,45.408833,16742.0,-0.0012955049,-0.039422195,-0.11046118
B9,2334.5789999999997,0.0,0.12054922460000046,2229.9448,21.805006,0.015064703,-266.61746,1801.7913,48.032837,17641.041,-0.00021902847,0.077759586,-0.06264406
B9,2338.87,0.0,0.1333829801999997,2372.5854,45.07636,0.015837545,-385.63135,1687.0724,49.277306,19200.332,0.00019030803,0.094018884,-0.063948765
B9,2343.161,0.0,0.13570033219999797,2555.5894,-10.458437,0.016278014,-643.49457,1635.0562,52.892014,21357.941,-0.00010712992,0.09707382,-0.04718248
B9,2347.452,0.0,0.1566338959999941,2550.744,14.68719,0.01732318,-762.50836,1698.1586,53.82632,22070.912,-0.00017377904,0.050092086,-0.053229198
B9,2351.743,0.0,0.11030154239999894,2711.329,1.4473453,0.020005532,-425.30258,1835.3756,50.19246,24813.096,0.0016070646,-0.031946685,-0.029775672
B9,2356.034,0.0,0.10887142779999971,2555.2778,-7.648914,0.019947939,-147.60365,1945.2623,47.011013,24755.533,0.002060221,-0.068404466,-0.009272045
B9,2360.325,0.0,0.11734410200000019,2700.5835,23.165863,0.026900388,-266.61752,1942.1884,44.990883,28517.133,0.011455607,-0.107967824,0.039310243
B9,2364.616,0.0,0.12600500240000082,2746.6897,-35.279495,0.0,-822.0153,1804.4637,42.014362,31740.455,-0.011409428,-0.051895116,0.08776723
C1,1394.85,NA,NA,2789.5105,79.76039,-0.019638136,576.3971,932.8892,34.784435,37210.223,-0.018301703,-0.0020421345,-0.36255518
C1,1399.1409999999998,NA,NA,2381.239,49.42419,0.006881336,1528.5077,1160.8885,20.819473,28594.744,0.005193119,-0.048232157,-0.50974053
C1,1403.432,NA,NA,3560.0242,60.0542,0.014143829,1617.768,1406.0101,14.147777,40214.75,0.007779013,-0.06103651,-0.32772818
C1,1407.723,NA,NA,4071.278,81.90302,0.017329259,427.6298,1790.525,12.69687,43206.926,0.005783322,0.056441944,-0.1898818
C1,1412.014,NA,NA,4499.349,108.67257,0.018817304,-1446.8379,2297.4958,13.90559,45104.938,0.002906708,0.11745898,-0.09765315
C1,1416.3049999999998,NA,NA,4457.314,137.74078,0.018869385,-3232.0452,2777.0234,16.267164,41938.92,0.00044997933,0.14376509,-0.028128782
C1,1420.596,NA,NA,4323.573,166.88947,0.021169065,-4154.402,3086.2815,17.406757,38350.938,0.0018680339,0.12537916,0.0039117336
C1,1424.887,NA,NA,3958.162,-160.40942,0.02127445,-3648.5935,3143.1692,20.762423,33486.043,0.0016906108,0.05947566,0.0031192303
C1,1429.1779999999999,NA,NA,3439.5137,-127.545494,0.01730533,-2012.1537,2932.3945,23.489798,27817.01,-0.0026656983,-0.02594618,-0.029189983
C1,1433.4689999999998,NA,NA,2909.4607,-100.81292,0.017011696,-197.19275,2523.8633,24.678185,22459.896,-0.0037814844,-0.1345073,-0.0922519
C1,1437.76,NA,NA,2581.1687,-14.533931,0.025660725,754.9178,2082.387,27.049326,19480.123,0.003745462,-0.054029148,-0.17370105
C1,1442.051,NA,NA,2479.154,-34.89426,0.02750627,933.43866,1801.9742,34.109222,17977.557,0.0045046327,0.26680925,-0.25964507
C1,1446.3419999999999,NA,NA,2426.032,7.5963173,0.023653341,606.1506,1748.1674,42.856556,17022.752,0.0002250097,0.2768215,-0.22625823
C1,1450.6329999999998,NA,NA,2494.686,-75.86495,0.022097444,278.86252,1840.4176,40.247963,17230.04,-0.00078030076,0.30983225,-0.15673316
C1,1454.924,NA,NA,2588.1921,-41.729702,0.022874942,427.6298,2020.708,33.83085,17662.287,0.001134243,0.16525805,0.010828177
C1,1459.215,NA,NA,2746.6516,-6.3934097,0.012714949,1201.2196,2224.9514,32.32739,18727.094,-0.007870586,0.04023687,0.17307484
C1,1463.5059999999999,NA,NA,2936.783,-16.751867,0.025191205,2361.6045,2364.7207,31.573618,20052.084,0.0053989906,-0.008933425,0.30761585
C1,1467.797,NA,NA,3310.887,22.162504,0.018512592,2956.673,2407.0479,23.410019,22488.111,-0.0008783673,-0.21074736,0.2515236
C1,1472.088,NA,NA,3677.323,50.760014,0.017200936,2450.8645,2401.5686,14.839957,25044.549,-0.0021454773,-0.3173,0.21610475
C1,1476.379,NA,NA,4036.5027,77.33133,0.019295251,933.4385,2532.657,11.008454,27557.664,-0.0003662035,-0.37439832,0.18380721
C1,1480.6699999999998,NA,NA,4497.8325,107.137856,0.02075453,-1327.8241,2918.347,9.901068,30708.162,0.00054483436,-0.4161718,0.1545273
C1,1484.961,NA,NA,4924.9766,139.19862,0.021822447,-3708.1003,3417.3186,9.922066,33658.156,0.00085540797,-0.44915485,0.14803179
C1,1489.252,NA,NA,5360.0913,112.90908,0.023237163,-5255.28,3794.3477,10.036909,36852.168,0.001522066,-0.3659145,0.1410919
C1,1493.543,NA,NA,5631.1504,-151.19508,0.022544013,-4868.485,3912.6204,9.595773,38882.34,0.0005080127,-0.30630302,0.13271952
C1,1497.8339999999998,NA,NA,5666.1196,-116.369995,0.02198737,-2458.4553,3804.5662,9.035734,39135.49,0.00010713827,-0.24277313,0.12212745
C1,1502.125,NA,NA,5587.1245,-82.40479,0.021149555,784.6712,3638.4316,8.726849,38628.344,-0.00020428184,-0.18102868,0.10489067
C1,1506.416,NA,NA,5339.088,-49.733807,0.019944515,3462.4824,3587.544,9.123578,36955.05,-0.00063129276,-0.13736351,0.08584595
C1,1510.7069999999999,NA,NA,5053.834,-18.924314,0.01964022,4771.6343,3665.2568,10.510117,34976.87,-6.0326605e-05,-0.09889523,0.06193638
C1,1514.9979999999998,NA,NA,4675.644,11.4151125,0.018131994,4563.36,3696.8728,13.152087,32152.037,-0.0007528916,-0.05846222,0.03955253
C1,1519.289,NA,NA,4159.4077,39.42469,0.017019764,3135.194,3488.7932,16.419102,28213.049,-0.0012576043,-0.005230268,0.022746563
C1,1523.58,NA,NA,3680.046,65.71614,0.017492533,1379.7402,2992.9944,17.782509,24546.58,-0.00056893524,0.044397753,0.025127491
C1,1527.8709999999999,NA,NA,3176.5027,92.73791,0.017845416,-167.43929,2344.3188,17.08101,20849.605,-0.00059054355,0.0790989,0.08116726
C1,1532.1619999999998,NA,NA,2653.8,120.30479,0.018968277,-1119.5498,1787.209,18.040403,17254.271,-0.00053771137,0.103715025,0.17509146
C1,1536.453,NA,NA,2154.8274,89.606224,0.02168586,-1446.8379,1506.4161,23.294874,13974.871,0.00045802048,0.15865617,0.23768874
C1,1540.744,NA,NA,1857.7363,123.105675,0.025211273,-1327.8241,1478.4086,34.347393,12064.933,0.0018658623,0.12722833,0.17352577
C1,1545.0349999999999,NA,NA,1765.6123,-17.948963,0.026668696,-851.76874,1511.7427,47.982986,11475.227,0.0012578121,0.19187172,0.0034161806
C1,1549.326,NA,NA,1796.3789,23.247772,0.030494725,-345.96,1511.2167,53.819107,11659.656,0.0034440027,0.21744172,-0.14095028
C1,1553.617,NA,NA,2014.5724,10.354806,0.028418938,-78.178894,1487.6313,51.66228,13069.891,0.00070189853,0.0956668,-0.2158093
C1,1557.908,NA,NA,2240.131,54.255245,0.027622072,-107.93237,1500.8677,48.18352,14702.987,0.00030744213,-0.014452179,-0.22657545
C1,1562.1989999999998,NA,NA,2369.2075,-23.075289,0.02969922,-345.96005,1583.1377,47.581097,15695.433,0.00321661,-0.07900647,-0.1400466
C1,1566.49,NA,NA,2383.1738,22.802877,0.014079141,-435.22043,1674.3364,49.1557,15710.565,-0.011563111,-0.17647023,-0.036928695
C1,1570.781,NA,NA,2338.3281,-45.44823,0.031065965,-435.22037,1710.9388,48.068096,15353.722,0.005927209,-0.13597226,0.064366184
C1,1575.072,NA,NA,2304.36,2.5412319,0.0269307,-583.9876,1683.605,46.6951,15022.977,0.0021141742,0.08587563,0.16227953
C1,1579.3629999999998,NA,NA,2182.107,-15.857305,0.021196192,-643.49457,1615.7383,45.68994,14049.001,-0.0031754666,0.2011786,0.2477525
C1,1583.654,NA,NA,2015.517,-43.114273,0.028836548,-286.4531,1525.1478,44.86552,12830.652,0.0049970387,0.145625,0.221566
C1,1587.945,NA,NA,1958.9244,1.4312693,0.013278398,427.62985,1436.1361,49.014767,12463.995,-0.009608229,0.00965627,0.16386323
C1,1592.2359999999999,NA,NA,1928.0997,-8.056791,0.028144384,873.93164,1441.4938,47.092987,12344.382,0.0063276845,-0.116419114,0.13983805
C1,1596.527,NA,NA,1967.6484,35.41953,0.02124898,457.3832,1590.1847,42.211086,12663.116,-2.1493752e-05,-0.23189585,0.12361181
C1,1600.818,NA,NA,2145.4883,68.2441,0.013666324,-703.0015,1800.3799,42.801517,13842.437,-0.007644201,-0.4186451,0.035994213
C1,1605.109,NA,NA,2546.8318,149.35529,0.024642581,-2071.6604,1971.8209,43.080746,16493.137,0.0026989644,-0.3747872,-0.043314416
C1,1609.3999999999999,NA,NA,3049.7734,-52.577835,0.025892427,-2845.25,2078.0718,32.7652,20280.525,0.003062098,-0.29611066,-0.053100664
C1,1613.6909999999998,NA,NA,3421.1318,-132.58025,0.024679767,-2131.1672,2143.0166,24.525854,23479.295,0.0010961428,-0.24383156,-0.06856676
C1,1617.982,NA,NA,3594.7742,-94.45593,0.024428034,-197.19275,2195.0195,23.604853,24911.041,0.0007318594,-0.20114136,-0.11051949
C1,1622.273,NA,NA,3622.3352,-56.720486,0.023943057,1885.549,2246.2478,24.268503,25223.648,0.0012590055,-0.17175837,-0.11827707
C1,1626.5639999999999,NA,NA,3324.4277,-19.734207,0.01924418,2926.92,2289.722,24.928024,22977.396,-0.0014216149,-0.15686548,-0.11463789
C1,1630.855,NA,NA,2857.3015,9.993434,0.016221466,2599.632,2291.7764,27.337477,19776.488,-0.00174826,-0.1689369,-0.09510132
C1,1635.146,NA,NA,2439.276,35.051704,0.016581465,1677.2749,2187.2102,32.629997,17107.238,0.0014027633,-0.12581961,-0.0055301585
C1,1639.437,NA,NA,2053.0984,60.66609,0.0046759793,784.6712,1935.0612,38.373386,14556.298,-0.008478896,-0.05492592,0.013002713
C1,1643.7279999999998,NA,NA,1777.5045,37.889355,0.009934227,368.1229,1594.0142,39.103558,12756.575,-0.002579174,-0.15046728,-0.050273616
C1,1648.019,NA,NA,1643.4917,83.23536,0.014493539,249.10909,1293.3326,36.461464,11668.414,0.001183806,-0.13979594,-0.13211298
C1,1652.31,NA,NA,1518.8185,75.62438,0.01900615,278.86252,1119.0995,35.479816,10570.259,0.0037808856,-0.081351675,-0.21096389
C1,1656.6009999999999,NA,NA,1752.6758,74.98432,0.01733713,100.341805,1149.7166,34.645077,12047.753,-1.2138665e-05,0.015336037,-0.12786658
C1,1660.8919999999998,NA,NA,2273.3271,41.766033,0.02162049,-375.7135,1471.0333,32.13263,15943.56,0.0029097572,-0.106013335,0.05389257
C1,1665.183,NA,NA,2752.747,75.164505,0.023644583,-1238.5636,1969.0186,30.48929,19612.217,0.0043970826,-0.17696261,0.2275836
C1,1669.474,NA,NA,3135.6816,111.68972,0.011265845,-2279.9346,2471.3113,30.054758,22680.031,-0.008154281,-0.2636347,0.43929985
C1,1673.7649999999999,NA,NA,3612.7988,39.09274,0.022415416,-3291.552,2847.264,28.61561,26024.322,0.0028179744,-0.31442475,0.57966197
C1,1678.056,NA,NA,4204.404,-106.28082,0.020957299,-3678.347,3026.3079,23.99418,29945.814,0.0010558967,-0.31015393,0.4512945
C1,1682.347,NA,NA,4754.998,-133.90683,0.021031864,-2904.757,3040.088,17.773338,33840.457,0.00072612945,-0.31468013,0.38798666
C1,1686.638,NA,NA,5098.199,-101.417656,0.020691475,-762.50836,3020.4316,13.470149,36296.832,7.194791e-05,-0.3449143,0.30049932
C1,1690.9289999999999,NA,NA,5205.3223,-69.45429,0.020691508,1915.3026,3095.989,13.985889,37388.95,0.0002914583,-0.4187714,0.2518297
C1,1695.2199999999998,NA,NA,5048.148,-37.49088,0.02011242,3938.5374,3260.5808,17.573196,36769.99,0.0006261261,-0.40521753,0.20322485
C1,1699.511,NA,NA,4570.3496,-6.422016,0.018778836,4355.0854,3382.9707,20.936659,32705.592,0.00069746276,-0.30577824,0.14765982
C1,1703.802,NA,NA,3844.6277,22.586777,0.015103358,3313.7148,3329.4639,23.795143,27080.049,-0.00097584265,-0.26582494,0.076461874
C1,1708.0929999999998,NA,NA,2967.9688,45.917835,0.009662615,1796.289,3043.659,25.67306,21078.951,-0.0041417913,-0.26187667,-0.013757944
C1,1712.384,NA,NA,2277.1345,60.844257,0.015384525,933.43866,2576.9612,26.244608,16388.578,0.0031238403,-0.18608753,-0.27490637
C1,1716.675,NA,NA,2009.0737,24.609655,-0.0013813372,1141.7126,2103.7239,25.582481,14939.343,-0.013508063,-0.122443475,-0.5030939
C1,1720.966,NA,NA,2638.7273,22.475822,0.019819494,1707.0283,1868.062,23.286924,19713.842,0.006358542,-0.058713634,-0.45822212
C1,1725.257,NA,NA,3564.887,53.09219,0.019568523,1379.7402,1961.7396,21.744081,26323.406,0.0038668914,0.0033351977,-0.33233067
C1,1729.548,NA,NA,4268.8276,83.32086,0.020135911,-107.93246,2297.2742,22.811684,31173.021,0.002137888,0.076125465,-0.23730433
C1,1733.839,NA,NA,4692.6597,114.425995,0.020504173,-2101.4138,2743.7058,23.667185,33881.062,0.0008038776,0.1584024,-0.15921557
C1,1738.1299999999999,NA,NA,4785.383,26.10003,0.020793961,-3559.3333,3144.373,23.788849,34239.617,0.00038845418,0.21816862,-0.1094503
C1,1742.4209999999998,NA,NA,4588.133,-1.7782847,0.02069348,-3886.621,3353.8645,24.245672,32577.906,0.0003173787,0.247734,-0.06215
C1,1746.712,NA,NA,4169.8286,-89.81183,0.020409273,-3083.278,3288.204,24.188583,29406.31,0.00037267568,0.2526116,-0.020564238
C1,1751.003,NA,NA,3652.664,-118.28439,0.019778062,-1655.1119,2954.5645,22.814157,25559.057,0.0002756084,0.23983848,0.01515619
C1,1755.2939999999999,NA,NA,3096.257,-87.73205,0.01701479,-256.69968,2473.6199,21.29059,21394.037,-0.002091154,0.23433276,0.07406366
C1,1759.585,NA,NA,2639.3547,-61.448273,0.017224913,844.17816,2048.389,21.545652,18116.838,-0.0019567327,0.23447807,0.13986643
C1,1763.876,NA,NA,2408.678,-34.839916,0.020493504,1707.0283,1827.2826,24.478739,16810.967,0.0006378616,0.20798357,0.17417566
C1,1768.167,NA,NA,2286.9722,-3.182373,0.022378562,2064.0698,1766.267,29.13365,16223.563,0.0014679291,0.12996109,0.19854546
C1,1772.458,NA,NA,2282.9724,31.387136,0.023995174,1826.0421,1744.6832,32.69937,16218.944,0.0020910122,0.029389182,0.24646883
C1,1776.749,NA,NA,2376.2195,68.45392,0.023515873,844.17816,1739.2499,28.997017,16892.48,0.0010991202,-0.06911409,0.30523932
C1,1781.04,NA,NA,2462.1116,104.7803,0.021744145,-583.9876,1772.6093,23.93119,17500.295,-0.000515831,-0.15866499,0.21148562
C1,1785.331,NA,NA,2591.5146,138.36978,0.021327687,-1774.1259,1870.7855,23.016573,18400.463,-0.00021228478,-0.22320318,0.21180515
C1,1789.6219999999998,NA,NA,2751.8005,-8.684067,0.020606432,-2398.9482,2006.6954,23.655464,19488.518,0.00014331825,-0.25022736,0.18517168
C1,1793.913,NA,NA,2840.6016,-96.85207,0.01816451,-2309.6882,2066.43,20.821709,20034.816,-0.0010446982,-0.25646415,0.1834753
C1,1798.204,NA,NA,2913.5684,-68.79227,0.017336013,-1714.619,1992.2125,16.810062,20452.451,-0.0006762187,-0.26131305,0.18466294
C1,1802.495,NA,NA,2988.7727,-102.01229,0.0153614925,-703.00146,1874.7373,13.992874,20852.89,-0.0018044157,-0.24128155,0.16349857
C1,1806.786,NA,NA,3090.963,-78.28246,0.015044005,516.89014,1943.6322,13.529155,21441.088,-0.0019051101,-0.22533996,0.14738695
C1,1811.077,NA,NA,3323.6633,-55.04309,0.017760267,1915.3026,2276.8777,15.707635,23141.719,0.00029383643,-0.20028663,0.07420596
C1,1815.368,NA,NA,3613.6267,-27.60774,0.019504469,3194.7012,2664.7546,17.966467,25578.654,0.0009545416,-0.17647941,-0.014001329
C1,1819.6589999999999,NA,NA,3918.1125,2.5219848,0.021249654,3819.5234,2907.7373,17.613787,28346.99,0.0013578575,-0.1790843,-0.06812167
C1,1823.9499999999998,NA,NA,4133.346,35.3476,0.021943107,3224.4543,2953.132,16.198963,30658.74,0.00077287963,-0.1770008,-0.053271335
C1,1828.241,NA,NA,4276.2705,69.24444,0.022842547,1439.2472,2880.0137,15.76938,32473.162,0.0006962199,-0.16123374,-0.0016430219
C1,1832.532,NA,NA,4328.6943,104.53069,0.023590399,-1030.2894,2809.591,16.567629,33265.45,0.00086640543,-0.11936108,0.038970392
C1,1836.8229999999999,NA,NA,4230.891,140.97218,0.023684109,-3083.278,2802.3616,17.717772,32713.842,0.0008222591,-0.024224957,0.07220427
C1,1841.114,NA,NA,3994.9365,-2.4415436,0.022835014,-3737.8538,2815.8757,20.086376,30949.818,0.0004330425,0.19057016,0.11174476
C1,1845.405,NA,NA,3613.093,-87.16693,0.021443607,-2815.4968,2744.0183,24.611338,28020.936,0.00041586228,0.13817127,0.13511615
C1,1849.696,NA,NA,3174.138,-114.04171,0.02016676,-1119.5499,2503.5457,28.855621,24678.486,0.0014564713,0.17592804,0.14534362
C1,1853.987,NA,NA,2594.664,-82.88889,0.01350423,427.6298,2103.131,28.199553,20278.58,-0.00253793,0.2337749,0.16500545
C1,1858.278,NA,NA,1970.9413,-62.028103,0.0067925355,933.43854,1659.4551,26.593637,15573.3,-0.0069421898,0.28351387,0.15653189
C1,1862.569,NA,NA,1718.0131,-51.535263,0.0105528,695.4108,1365.7701,29.254877,13755.751,-0.0017973082,0.16280925,0.13359039
C1,1866.86,NA,NA,1718.538,-35.233723,0.015313766,487.13672,1407.9004,35.02334,13877.925,0.0030705247,-0.097123586,0.16586804
C1,1871.1509999999998,NA,NA,1951.0094,-41.577625,0.010458387,992.9454,1677.0465,37.287357,15861.496,-0.002797614,-0.35196462,0.23924358
C1,1875.442,NA,NA,2509.4614,-25.421926,0.016906466,2064.0698,1979.7948,36.147205,20643.266,0.002199127,-0.30593225,0.17950094
C1,1879.733,NA,NA,3014.1292,0.69450504,0.018343404,2926.92,2203.597,35.46388,25141.57,0.0025750957,-0.24469607,0.25152776
C1,1884.024,NA,NA,3293.9524,29.03066,0.0179288,2837.6594,2269.3044,33.24042,27863.295,0.0019551425,-0.17864819,0.31806624
C1,1888.315,NA,NA,3305.0059,56.726353,0.015712038,1796.2887,2152.3245,29.417654,28369.367,0.0004758621,-0.1338151,0.3158935
C1,1892.606,NA,NA,3118.5706,80.99767,0.012194446,397.8763,1903.5221,24.317993,27156.139,-0.0015527847,-0.10314862,0.27688143
C1,1896.897,NA,NA,2826.216,99.835175,0.009302104,-643.49457,1656.3882,19.419943,24869.709,-0.002882133,-0.1264224,0.16837914
C1,1901.1879999999999,NA,NA,2627.843,114.20469,0.008384634,-1119.5498,1621.1359,17.068346,23225.88,-0.0029245792,-0.16146731,0.068781495
C1,1905.4789999999998,2.0,0.23217229120000338,2767.2441,127.156944,0.011568849,-1536.0981,1908.1703,16.756277,24305.338,0.00014719379,-0.17821567,-0.04277718
C1,1909.77,1.0,0.18830692419999961,3067.584,145.02803,0.013461747,-2250.181,2336.3567,18.599197,26800.172,0.0011002932,-0.18243869,-0.10914787
C1,1914.061,2.0,0.20809408519999956,3358.7744,45.8232,0.0150831295,-2994.0173,2690.9448,21.78273,28691.775,0.0014357109,-0.20353226,-0.10966333
C1,1918.3519999999999,2.0,0.20051622099999977,3624.711,9.1230135,0.015937665,-3410.5657,2856.5195,22.816652,30205.787,0.0011782594,-0.2785701,-0.116060495
C1,1922.643,1.0,0.18476194219999928,3756.7678,-146.25713,0.016199209,-3083.278,2795.7742,20.79003,31121.244,0.0008112022,-0.4130096,-0.10117785
C1,1926.934,1.0,0.20295812940000013,3735.3782,-121.23322,0.015847132,-1952.6466,2542.7468,18.912073,30998.799,0.00033319686,-0.22209048,-0.07517191
C1,1931.225,1.0,0.20568597540000033,3610.6348,-96.75321,0.0151974745,-464.97385,2213.791,19.975313,30078.305,-5.418522e-05,-0.10279993,-0.056079548
C1,1935.516,2.0,0.21044177160000008,3423.9685,-73.27676,0.014412191,873.9316,1990.0492,22.88281,28653.08,-0.0003398543,0.0011920134,-0.030291399
C1,1939.8069999999998,2.0,0.18938742560000027,3252.1863,-51.013386,0.01384743,1855.7955,2024.6981,25.98735,27189.479,-0.00038931635,0.10183521,-0.022062182
C1,1944.098,1.0,0.19396736020000002,3111.9744,-29.622429,0.012776383,2480.6182,2279.2786,29.328743,25819.178,-0.0011695802,0.22235925,-0.045277197
C1,1948.3890000000001,2.0,0.2177966368000003,3065.0027,-9.885982,0.013336614,2867.413,2535.4255,32.02627,25189.502,-0.0006984,0.37588325,-0.10201863
C1,1952.6799999999998,0.0,0.10994405799999993,3121.4297,10.715885,0.014742215,3016.1804,2629.13,31.574257,25364.99,0.00024750485,0.78807265,-0.16033451
C1,1956.971,0.0,0.11394695800000024,3210.8535,33.48907,0.01624329,2688.8923,2523.7874,28.064201,25728.781,0.0010671591,0.4976878,-0.23580027
C1,1961.262,1.0,0.11367448000000017,3299.1406,58.581055,0.016634423,1736.7817,2285.2617,23.77265,26133.393,0.00075891736,0.18899834,-0.23118615
C1,1965.5529999999999,0.0,0.09994432579999958,3289.9238,84.277245,0.016661445,219.3556,2033.4264,21.47779,25835.549,0.00023763573,-0.024531325,-0.16250865
C1,1969.844,0.0,0.10045736520000052,3167.8132,110.015175,0.016928764,-1298.0704,1871.6307,22.84714,24700.914,0.00017707329,-0.18319666,-0.08127391
C1,1974.135,1.0,0.11471933079999976,2928.3445,136.16606,0.017107787,-2131.1672,1850.7168,27.878822,22717.002,0.0007179303,-0.27690467,0.014636159
C1,1978.426,0.0,0.10277434619999971,2614.7566,-17.406515,0.01723817,-2101.4138,1949.96,29.543573,20186.076,0.0022073772,-0.34576705,0.08147144
C1,1982.717,1.0,0.11816350780000061,2231.389,-50.777683,0.016587494,-1595.6051,2051.2576,28.49352,17263.338,0.003317428,-0.23592739,0.13696606
C1,1987.0079999999998,1.0,0.11969222780000098,1878.0109,-85.153984,-0.0026260065,-1327.824,2095.7808,30.594732,14937.746,-0.014678717,-0.123115696,0.21752934
C1,1991.299,0.0,0.10793883300000005,2104.2278,-59.210537,0.012362271,-1803.8793,2092.5427,28.70298,16630.242,0.00016389725,0.028633634,0.14238875
C1,1995.59,1.0,0.11557873300000004,2742.3674,-100.1138,0.01707072,-2458.4553,2079.5251,20.742105,21067.404,0.0031198403,0.068971954,0.10785965
C1,1999.8809999999999,0.0,0.09929286939999961,3502.1453,-133.74364,0.020468356,-2398.9482,2132.777,15.165057,26260.555,0.0036441192,0.05958124,0.10581931
C1,2004.172,0.0,0.05832865579999961,4167.32,-102.12494,0.022445971,-911.2757,2314.2107,13.982562,30674.021,0.0025976186,0.028762579,0.11258944
C1,2008.463,0.0,0.02542018040000002,4518.1875,-67.4513,0.023145802,1617.7681,2570.6702,15.223994,32752.615,0.0010396877,0.014978568,0.12376388
C1,2012.754,0.0,0.08486962919999866,4480.7773,-31.696587,0.023740344,3611.2493,2796.036,16.061644,31998.094,0.0006049739,0.026270786,0.13107292
C1,2017.045,2.0,0.14183349580000176,4104.264,4.9765434,0.025007779,3849.277,2909.4426,17.379045,28846.885,0.0019756362,0.038649797,0.12543066
C1,2021.336,2.0,0.13027149420000025,3460.9258,43.60756,0.027971506,2272.344,2853.0872,20.020908,24005.65,0.00588743,0.049639504,0.10348606
C1,2025.627,2.0,0.12681483200000002,2689.9304,86.816826,0.008851365,159.8487,2613.403,21.294075,18376.092,-0.0119005395,0.07477093,0.03845465
C1,2029.9180000000001,1.0,0.11534755800000192,2120.584,10.490064,0.02310547,-851.76874,2312.2112,21.443598,14049.95,0.0033753307,0.024696985,-0.10522763
C1,2034.2089999999998,2.0,0.17385639739999953,2205.297,-13.817529,0.015534683,11.081421,2167.0447,24.063139,14553.013,-0.0039556846,-0.33826652,-0.11773876
C1,2038.5,2.0,0.13662201939999896,3025.1504,-19.820173,0.022662977,1766.5353,2258.5886,30.188818,19794.62,0.0025851133,-0.1887095,-0.0763785
C1,2042.791,0.0,0.10267395780000009,3931.277,15.18869,0.022989506,2956.6736,2505.891,34.43185,25498.023,0.0019085341,-0.12117306,-0.044020254
C1,2047.0819999999999,0.0,0.1006780332,4668.2817,50.701965,0.022351839,2540.125,2811.1423,31.460861,30222.178,0.0005870446,-0.06521622,-0.035056274
C1,2051.373,0.0,0.10349543240000014,5140.315,85.23019,0.0219601,487.13663,3128.1445,28.472061,33185.207,-2.258923e-06,-0.025746346,-0.039719343
C1,2055.6639999999998,1.0,0.11568231739999982,5375.8755,119.15326,0.021526927,-2071.6604,3435.6365,28.302988,34545.316,-0.0003340953,-0.0062050023,-0.06424785
C1,2059.955,1.0,0.11129837839999988,5361.93,32.407207,0.021237671,-3946.128,3677.6797,28.781923,34185.785,-0.0004002033,0.0062141814,-0.11130754
C1,2064.246,1.0,0.10950916339999954,5179.905,5.214312,0.021470865,-4481.69,3773.7917,29.011644,32706.697,0.00019999861,0.005432407,-0.17091306
C1,2068.537,0.0,0.1029830099999995,4820.9946,-81.618355,0.021249473,-3559.3333,3650.0957,28.932678,30204.205,0.0008699729,-0.010963042,-0.25524333
C1,2072.828,0.0,0.10390355519999998,4329.594,-108.79302,0.022379054,-1744.3724,3294.4675,27.49623,26976.998,0.0032254572,-0.02022314,-0.37844443
C1,2077.1189999999997,0.0,0.10767479839999958,3751.2102,-74.222755,0.0109537365,249.10905,2801.3088,24.262266,23314.541,-0.007325822,0.002153198,-0.5936271
C1,2081.41,3.0,0.1081973614000001,3086.2966,-27.301859,0.013455316,1647.5214,2334.742,21.991386,19299.994,-0.0045861793,-0.08258971,-0.6719532
C1,2085.701,0.0,0.09784863219999997,2623.7058,-36.51662,0.02314362,2123.5764,2011.6605,24.842524,16418.53,0.0046026264,0.070203386,-0.48512098
C1,2089.992,0.0,0.09893443100000017,2132.937,-0.7652855,0.025507146,1677.2749,1819.4731,32.967342,13253.258,0.0055468366,0.09608825,-0.39875856
C1,2094.283,0.0,0.08792974539999993,1749.128,38.63713,0.013176615,784.6713,1654.3939,40.05025,10810.995,-0.008882177,0.021756133,-0.31894636
C1,2098.574,0.0,0.0942940243999995,1510.8698,28.991844,0.029210726,-18.672018,1438.6522,42.637676,9250.933,0.0049595614,-0.005682707,-0.31834617
C1,2102.865,0.0,0.08569608679999949,1477.139,14.11541,0.029499903,-375.71347,1217.1744,39.264458,8963.024,0.003415977,-0.012625019,-0.29305813
C1,2107.156,0.0,0.08897900080000003,1508.0479,-0.3143247,0.029510723,-345.96,1098.0687,36.3548,9079.048,0.0021377166,-0.01834921,-0.29949462
C1,2111.447,0.0,0.09258857859999974,1543.4261,-14.727336,0.029375449,-78.178955,1085.0267,35.499905,9251.538,0.0015064235,0.03852995,-0.2718478
C1,2115.738,0.0,0.09516779919999989,1527.6027,-29.34932,0.025974289,189.60213,1092.7018,37.8304,9134.495,-0.0015174242,0.076514125,-0.19907324
C1,2120.029,1.0,0.11672313380000028,1457.3262,10.77472,0.024343833,427.6298,1075.5558,38.55323,8676.206,-0.0025208953,0.07181791,-0.13666947
C1,2124.3199999999997,1.0,0.12421824019999857,1404.7578,-11.619897,0.02586477,546.6436,1038.13,39.226337,8364.457,-0.0007405807,0.07587131,-0.076553784
C1,2128.611,2.0,0.13577104059999914,1319.9596,28.33496,0.028626742,516.89014,995.97833,43.44902,7921.8267,0.0018393303,0.0719339,-0.003416578
C1,2132.902,2.0,0.12326338579999978,1257.906,12.556408,0.027256794,427.6298,967.9599,47.773502,7586.445,-8.4686755e-05,0.015693704,0.039486766
C1,2137.193,0.0,0.10729895820000034,1273.3414,54.661617,0.027590683,70.58834,960.90265,46.61372,7690.901,-0.00040596593,0.013179581,0.065873265
C1,2141.484,1.0,0.10815958600000015,1314.1224,37.282593,0.029291635,-78.17887,964.12274,45.804043,7989.4185,0.00093571603,0.015056451,0.09060391
C1,2145.775,1.0,0.12085354459999968,1298.9601,-37.46886,0.030324848,11.081421,990.2815,48.517742,7960.4062,0.002511061,-0.28598619,0.060857456
C1,2150.066,1.0,0.12443790139999888,1356.4796,-50.62425,0.028113209,368.1229,1050.7218,51.98762,8356.808,0.0023002976,-0.040433407,-0.034460228
C1,2154.357,1.0,0.13640963440000003,1501.2578,-7.1960893,0.023757586,844.17816,1122.1426,52.474567,9301.169,0.0011179446,-0.072896086,-0.27589145
C1,2158.648,0.0,0.10931248579999991,1607.5973,29.50368,0.009734306,1111.9594,1179.088,51.749065,10042.296,-0.0096433675,-0.16205792,-0.1884294
C1,2162.939,0.0,0.11035165740000004,1748.1979,14.540844,0.009275447,1082.2058,1243.9531,49.070034,11043.508,-0.007907905,-0.3208946,-0.15564959
C1,2167.23,1.0,0.11324965379999972,2059.2886,58.869183,0.02021616,635.90405,1341.1915,40.92519,13077.147,0.0035545144,-0.031719726,0.039241355
C1,2171.5209999999997,1.0,0.11800103859999969,2396.3613,90.0983,0.020236732,11.081421,1486.2812,35.699,15248.891,0.0026251369,0.065936364,0.20073302
C1,2175.812,1.0,0.11740691760000015,2711.0886,61.359188,0.02037884,-911.2757,1702.2428,35.29108,17336.166,0.0010691377,0.104828596,0.31740558
C1,2180.103,0.0,0.08516464239999917,2897.127,32.839603,0.020277953,-1803.8793,1955.3732,36.13286,18618.752,-0.00071493257,0.19918735,0.3307179
C1,2184.3940000000002,0.0,0.06419232919999908,3002.5867,4.1641746,0.022217244,-2398.9485,2142.3809,37.22756,19421.318,-0.00017767324,0.2675207,0.33670914
C1,2188.685,0.0,0.07501628979999997,2968.801,-141.51552,0.025487728,-2279.9346,2180.178,38.445633,19416.86,0.0017749866,0.2344044,0.3351008
C1,2192.976,0.0,0.06667954059999925,2771.2402,-102.14309,0.027594082,-1417.0844,2062.9714,37.681385,18285.727,0.0028271843,0.23411417,0.34098005
C1,2197.267,3.0,0.07839042759999937,2473.5784,-59.516857,0.025953636,-197.19275,1854.1351,35.77371,16422.06,0.00086698215,0.22246309,0.2893611
C1,2201.558,0.0,0.06815336519999989,2141.515,-19.42472,0.0258692,695.4109,1622.3794,33.474827,14261.716,0.0012724068,0.21948262,0.17480938
C1,2205.849,0.0,0.0650166147999994,1795.1315,20.536985,0.020439107,873.93164,1399.6547,31.507917,12013.478,-0.0030897185,0.2577679,0.04596631
C1,2210.14,0.0,0.0757587603999996,1476.7246,-7.8894997,0.020880358,308.61597,1222.2057,29.335436,9977.02,-0.0011250033,0.39067352,-0.0994246
C1,2214.431,0.0,0.07687706019999989,1301.7753,-35.634354,0.022597382,-197.19273,1096.9261,30.408014,8861.173,0.0022712755,0.39948663,-0.22585066
C1,2218.7219999999998,0.0,0.07350307719999932,1167.3524,-0.72682065,0.018147703,-375.71347,991.9909,38.56226,7940.7124,-0.0009204522,0.48582134,-0.31667614
C1,2223.013,0.0,0.06369732500000011,1105.9655,27.307028,0.009840846,-167.43932,965.4079,39.259647,7536.4565,-0.008852462,0.50225,-0.18570872
C1,2227.304,0.0,0.06562824059999976,1107.6456,12.508771,0.021970958,-226.94623,1092.6744,37.727688,7582.306,0.0027385468,0.2737846,0.08533601
C1,2231.5950000000003,0.0,0.058569832599999476,1362.5718,16.448626,0.023084646,-762.5083,1308.0496,37.64335,9429.942,0.0027926378,0.026575089,0.27753153
C1,2235.886,0.0,0.08437983060000015,1948.9174,-7.891136,0.02558474,-1625.3585,1497.4967,32.255142,13697.495,0.0042559574,-0.31393254,0.39559278
C1,2240.177,2.0,0.15064192040000676,2686.5205,-88.36886,0.020677349,-2041.9071,1633.209,19.546728,19028.467,-0.0010274559,-0.34318742,0.4214077
C1,2244.468,2.0,0.12124001240000012,3417.7578,-116.42731,0.020199273,-1357.5775,1841.4606,13.580768,24221.018,-0.00094996486,-0.341319,0.27296808
C1,2248.759,2.0,0.14891618440000043,4077.1785,-85.22428,0.019291991,397.87634,2252.8345,11.768806,28922.656,-0.0008565691,-0.31681207,0.19371665
C1,2253.05,1.0,0.12795485039999996,4450.4478,-55.422794,0.018307371,2540.125,2800.5198,11.545078,31643.328,-0.0009739957,-0.3287979,0.128514
C1,2257.341,0.0,0.10651248100000031,4691.5063,-27.142298,0.01878719,4146.812,3294.673,12.295888,33132.79,5.036498e-05,-0.32429776,0.0608476
C1,2261.632,1.0,0.11272467740000063,4696.9487,1.879403,0.017915536,4593.1133,3569.882,12.879883,32992.12,-0.0005737,-0.28885242,-0.0028568904
C1,2265.923,0.0,0.0911462963999994,4496.3423,29.554605,0.018141918,3760.0168,3536.6404,13.105831,31468.328,-0.00035168053,-0.24261959,-0.07738785
C1,2270.214,0.0,0.10573783340000001,4234.265,57.579517,0.018581297,2123.5764,3205.3132,13.737559,29761.643,-0.00024074502,-0.18475997,-0.1596551
C1,2274.505,1.0,0.11616140179999851,3840.0996,86.283165,0.019297661,219.3556,2701.1345,14.762783,26750.045,-0.0002597168,-0.120837964,-0.26473537
C1,2278.796,0.0,0.07933810379999919,3415.334,116.093414,0.02077671,-1357.5775,2232.242,15.975003,23444.875,0.0002570758,-0.051933687,-0.3308158
C1,2283.087,0.0,0.12384803760000004,2907.4827,88.18845,0.022953184,-2220.4277,1961.4254,18.534727,20028.285,0.0015105944,0.012646754,-0.27762887
C1,2287.3779999999997,1.0,0.11711174760000014,2422.225,63.64561,0.025635669,-2160.9207,1858.1953,24.639893,16644.275,0.0032312535,0.034741085,-0.23967409
C1,2291.669,0.0,0.1030890104000002,1979.9108,-76.75344,0.018276501,-1238.5637,1784.2603,34.165802,13428.761,-0.0051655197,-0.027749022,-0.23430204
C1,2295.96,0.0,0.10268268480000002,1703.3119,-48.520626,0.025897494,100.34182,1673.9962,33.09452,11482.456,0.0015844317,-0.22412188,-0.21305187
C1,2300.251,0.0,0.11091841760000168,1967.4559,-8.515213,0.03042536,1349.9869,1586.8246,22.064774,13623.956,0.0056895837,-0.30514368,-0.06305996
C1,2304.542,3.0,0.12358376940000018,2520.644,38.484665,0.024365112,1707.0282,1703.7628,13.279381,17770.652,-0.00015294645,-0.2202977,-0.015285571
C1,2308.833,0.0,0.09774016679999939,3224.8408,76.12291,0.021711959,754.9178,2196.5137,9.997563,23006.611,-0.0019175714,-0.1422211,-0.0032705467
C1,2313.124,0.0,0.09763107780000017,4247.827,109.66268,0.02100712,-1298.0704,3033.0117,9.536964,30567.42,-0.0011955004,-0.08195575,-0.0038847923
C1,2317.415,0.0,0.09720535320000001,5241.159,142.11363,0.019285543,-3946.128,3947.2979,10.378363,37991.87,-0.0014223647,-0.030299187,-0.004412651
C1,2321.706,0.0,0.09101714840000043,6222.8013,51.90517,0.019357143,-5999.1157,4652.818,10.6654005,45403.094,-0.00026099946,0.011244376,-0.003729264
C1,2325.997,1.0,0.11709862480000076,7102.3477,-158.19269,0.018332623,-6475.172,4973.075,9.482025,53261.715,-0.0005184556,0.039544422,-0.0053515434
C1,2330.288,0.0,0.10895655660000042,7675.5063,-129.87318,0.017997451,-4868.485,4902.4937,7.660623,59399.355,-0.00016579172,0.071103096,-0.00798281
C1,2334.5789999999997,0.0,0.10691116960000116,8080.9478,-102.07144,0.017458191,-1714.6188,4630.524,6.0998178,64761.59,1.841373e-05,0.10063648,-0.012884934
C1,2338.87,2.0,0.11979930219999933,8010.938,-75.10273,0.016084833,1974.8094,4475.7935,5.200229,65804.4,-0.00054369017,0.12937729,-0.02317222
C1,2343.161,0.0,0.10974615119999975,7727.2026,-50.25552,0.015532439,4801.388,4663.9937,5.252171,65196.047,-0.00019082443,0.14952119,-0.04575173
C1,2347.452,0.0,0.11633248280000263,7172.685,-26.261627,0.013745073,6259.3066,5087.3555,6.364102,63362.84,-0.0010986851,0.17057514,-0.0747331
C1,2351.743,1.0,0.1218611128,6546.7993,-5.028788,0.013945162,6348.567,5397.216,7.440506,60902.043,0.00012175549,0.16783206,-0.121323824
C1,2356.034,1.0,0.11084893920000084,5850.6978,16.513144,0.01150567,5485.717,5319.8306,7.342159,57185.72,-0.00068957225,0.15329313,-0.16411693
C1,2360.325,1.0,0.11916879700000077,5134.014,34.28664,0.0154495835,4176.565,4792.348,5.660298,52865.598,0.0056501604,0.11278486,-0.20594363
C1,2364.616,0.0,0.11413445199999994,4622.369,58.15254,0.0,2540.125,3923.0984,4.017051,50348.62,-0.006885033,0.03216247,-0.26129594
C2,1394.85,NA,NA,3574.5112,77.96652,0.017796258,348.28723,1144.7374,16.967766,34735.098,0.008999537,0.12002468,0.10949233
C2,1399.1409999999998,NA,NA,2822.6843,105.45747,0.015398709,-524.4807,1566.34,18.676113,26217.916,0.0024699962,-0.109498344,0.013642709
C2,1403.432,NA,NA,3091.4673,129.2448,0.020988097,-1813.7974,1952.096,22.750235,28325.73,0.0043822993,-0.09176877,-0.018588861
C2,1407.723,NA,NA,3102.0266,81.66637,0.017993148,-2726.2363,2208.521,24.084465,27480.227,-0.0013392288,-0.12346445,-0.09957107
C2,1412.014,NA,NA,3173.8071,-50.538532,0.024019837,-2825.4146,2286.1494,23.617027,27667.482,0.0028772382,-0.18390295,-0.16089338
C2,1416.3049999999998,NA,NA,3127.9944,-93.433655,0.022824887,-1813.7971,2195.833,24.339434,26485.254,0.00035385977,-0.1523555,-0.17296727
C2,1420.596,NA,NA,2787.0596,-98.17469,0.024297677,-226.94618,1977.1389,22.730783,22698.086,0.0010152324,-0.19709584,-0.17585151
C2,1424.887,NA,NA,2495.5488,-60.640606,0.026094412,1141.7126,1690.8861,22.007442,19725.941,0.0029722608,-0.16610554,-0.12980011
C2,1429.1779999999999,NA,NA,1911.8197,-20.331003,0.023206573,1498.7542,1427.1161,24.115295,14594.522,0.0013777427,-0.19553971,-0.11408281
C2,1433.4689999999998,NA,NA,1375.6135,15.517582,0.017146852,983.0276,1243.0061,31.736813,10182.327,-0.002669036,-0.26701558,-0.14457805
C2,1437.76,NA,NA,1030.4131,22.00535,0.013161589,427.62982,1103.6783,46.461525,7341.6616,-0.00458837,-0.123799086,-0.17349407
C2,1442.051,NA,NA,924.36304,-37.663155,0.014134581,268.9447,959.9576,51.363567,6503.104,-0.0017394142,-0.16988452,-0.168457
C2,1446.3419999999999,NA,NA,897.0054,-35.828613,0.017469816,368.1229,850.79034,46.865818,6171.294,0.0032411367,-0.16300716,-0.0760816
C2,1450.6329999999998,NA,NA,982.07086,-8.841938,0.013955176,546.64355,853.38196,49.728745,6774.459,0.0009484577,-0.074347734,-0.12631263
C2,1454.924,NA,NA,1072.4,12.71546,0.0050487313,784.6713,947.6049,54.82815,7474.0435,-0.0074334433,-0.040371314,-0.26351696
C2,1459.215,NA,NA,1263.7911,20.51454,0.009871479,923.52075,1089.801,58.515884,9008.4795,-0.0029566782,-0.03558956,-0.19859971
C2,1463.5059999999999,NA,NA,1562.263,15.763607,0.018318243,983.02765,1245.7405,45.988857,11270.947,0.004216156,0.072895974,-0.15238029
C2,1467.797,NA,NA,2043.6892,44.060898,0.01953024,963.1921,1411.1156,25.884031,14775.786,0.0034198714,0.18053678,-0.10045298
C2,1472.088,NA,NA,2603.416,74.23043,0.018040797,844.17816,1693.0874,17.345621,19046.709,-0.00019593576,0.3142328,-0.030807627
C2,1476.379,NA,NA,3274.4163,62.09913,0.02070402,-107.932365,2193.6414,15.903815,24148.543,0.00087474537,0.28144237,0.014675988
C2,1480.6699999999998,NA,NA,4095.7847,94.08187,0.022075802,-2151.003,2793.509,17.218739,30317.34,0.0012617796,0.24695931,0.037090752
C2,1484.961,NA,NA,4723.475,88.183685,0.021970274,-4174.238,3275.6038,16.338104,34628.953,0.00047304554,0.16277319,0.05783293
C2,1489.252,NA,NA,5203.0723,-157.87752,0.02265127,-4709.8003,3536.7393,13.497757,37927.36,0.0006492776,0.082968764,0.07189584
C2,1493.543,NA,NA,5448.3135,-122.88675,0.02217291,-3122.9492,3613.3809,11.811878,39796.3,-0.00011988605,0.034854334,0.0869405
C2,1497.8339999999998,NA,NA,5406.8584,-88.634926,0.022253757,-127.768036,3577.6194,11.045681,39197.04,-0.00014865398,-0.0130877495,0.107281104
C2,1502.125,NA,NA,5268.949,-54.25821,0.02296932,2728.5637,3482.251,10.871202,37415.49,0.00065732445,-0.032892518,0.14668219
C2,1506.416,NA,NA,4934.541,-18.776121,0.02259848,4275.743,3374.6504,12.274708,34519.836,0.00067840633,-0.045268986,0.20936802
C2,1510.7069999999999,NA,NA,4406.3145,16.133106,0.021467783,3799.6875,3249.0342,16.122864,30663.822,0.00026133112,-0.04054806,0.22392672
C2,1514.9979999999998,NA,NA,3728.216,49.295673,0.018525274,1954.9738,3016.7585,21.299643,25777.904,-0.0017201174,0.005019771,0.17926696
C2,1519.289,NA,NA,3042.1694,77.91278,0.01872328,90.424,2619.7773,22.380512,20931.287,-0.00049870915,0.04474611,0.11957696
C2,1523.58,NA,NA,2493.1553,106.83575,0.017491523,-921.1935,2150.6536,21.141592,17114.25,-0.00087309466,0.060192745,0.06499317
C2,1527.8709999999999,NA,NA,2067.7861,93.85595,0.017141603,-1179.0569,1785.1641,23.787878,14227.104,-0.0007575305,0.066700034,0.0034459168
C2,1532.1619999999998,NA,NA,1842.6958,-39.664383,0.017503733,-1218.728,1584.6539,30.818935,12719.809,-0.0005001852,0.069623366,-0.059772413
C2,1536.453,NA,NA,1719.978,-92.62533,0.017287249,-1258.3992,1457.7142,34.611187,11873.651,-0.0013932228,0.072885886,-0.067471795
C2,1540.744,NA,NA,1789.1755,-65.92067,0.02119126,-1139.3855,1349.8387,31.997704,12334.348,0.0014221392,0.05342653,-0.043654017
C2,1545.0349999999999,NA,NA,1990.9158,-113.18526,0.022860162,-484.8095,1371.0438,27.674404,13702.72,0.001900166,0.034042675,0.0011292829
C2,1549.326,NA,NA,2250.7542,-77.871796,0.023149855,625.9861,1590.7936,24.729225,15387.224,0.0012474041,0.0075903735,0.05102322
C2,1553.617,NA,NA,2592.5073,-42.110825,0.022878682,1935.1382,1877.4497,23.113743,17671.76,0.0004920647,-0.002572139,0.09158574
C2,1557.908,NA,NA,2908.7903,-6.7687507,0.022045372,2728.5637,2092.1106,20.758602,20058.67,-0.0003560466,-0.0037767887,0.12662548
C2,1562.1989999999998,NA,NA,3227.3403,27.286055,0.022116048,2589.714,2184.2285,18.249182,22511.273,-6.549286e-05,0.015600443,0.1447973
C2,1566.49,NA,NA,3490.2258,61.45004,0.021408029,1359.9048,2205.1265,16.729424,24425.346,-0.0006323217,0.057134602,0.13805318
C2,1570.781,NA,NA,3640.0083,94.52032,0.02152602,-445.13824,2266.6292,15.947327,25517.4,-0.00032921782,0.11527782,0.11433133
C2,1575.072,NA,NA,3739.7695,127.77286,0.022559712,-2230.3457,2430.6843,15.91428,26360.08,0.0010616238,0.20761913,0.084620446
C2,1579.3629999999998,NA,NA,3642.2188,122.62218,0.024015717,-3241.9634,2631.169,18.74252,26037.812,0.003276787,0.35327557,0.06314988
C2,1583.654,NA,NA,3422.8054,-40.279297,0.0127775995,-3083.2778,2737.2578,25.739597,24943.361,-0.0065797777,0.37817502,0.037492353
C2,1587.945,NA,NA,3195.3857,-120.54096,0.024972003,-2111.3315,2670.9817,32.94655,23749.184,0.007056232,0.38739955,0.035667155
C2,1592.2359999999999,NA,NA,2985.7441,-81.96522,0.005781063,-1040.2073,2486.1887,36.13979,22600.148,-0.011315541,0.4517784,0.05439549
C2,1596.527,NA,NA,3017.166,-33.034863,0.017000346,-405.46692,2318.0808,36.354927,22874.357,-0.00020164515,0.4797943,0.09361802
C2,1600.818,NA,NA,3234.5225,-6.7734056,0.02392542,-207.11057,2266.8757,35.45128,24300.258,0.005911936,0.27246085,0.16112399
C2,1605.109,NA,NA,3611.0469,-69.81438,0.019904692,-226.94615,2338.3716,34.808178,27074.773,0.0012110327,0.14982694,0.15305741
C2,1609.3999999999999,NA,NA,3905.8271,-79.0664,0.0199062,30.9171,2502.1208,34.73447,29321.08,0.001372211,0.045147102,0.17584375
C2,1613.6909999999998,NA,NA,3958.626,-48.31611,0.017673232,844.17816,2680.603,34.93286,29818.555,0.00043957154,-0.051564112,0.20335571
C2,1617.982,NA,NA,3807.6902,-21.015203,0.011294153,1974.8094,2807.2107,34.878708,28929.902,-0.0040113884,-0.16303971,0.1815709
C2,1622.273,NA,NA,3584.9404,-3.5684488,0.010486175,2907.0842,2855.4163,34.541454,27984.441,-0.0033358631,-0.26465774,0.10861603
C2,1626.5639999999999,NA,NA,3477.5334,12.630177,0.012817475,3244.29,2821.1821,33.850506,28299.43,-0.00040883676,-0.2599031,0.021829737
C2,1630.855,NA,NA,3429.1858,32.4301,0.01425904,2926.92,2690.4597,30.427643,28658.29,0.000803336,-0.24434026,-0.00864413
C2,1635.146,NA,NA,3406.579,54.456894,0.015070472,2073.9875,2440.8472,23.60223,29087.686,0.0009947858,-0.24056345,-0.029341962
C2,1639.437,NA,NA,3379.8137,77.73716,0.016200166,824.3425,2120.018,19.480782,29173.58,0.0016915343,-0.27165446,-0.040092945
C2,1643.7279999999998,NA,NA,3257.936,102.76252,0.014496426,-623.65894,1849.233,20.773703,28099.783,5.0098268e-05,-0.25117865,-0.055463366
C2,1648.019,NA,NA,2932.9697,125.15604,0.012727705,-1694.7832,1719.4224,25.140388,25044.697,-0.0010663639,-0.2515599,-0.05462906
C2,1652.31,NA,NA,2597.6646,144.81728,0.013790909,-2091.496,1735.0662,27.795052,22299.373,0.0016136629,-0.1437849,-0.06251703
C2,1656.6009999999999,NA,NA,2232.421,46.12092,0.011112734,-1932.811,1799.3832,27.367546,19416.143,0.0016119401,-0.03363824,-0.0666838
C2,1660.8919999999998,NA,NA,1836.2244,23.287422,0.005903006,-1536.0983,1822.2823,25.027987,16142.156,-0.0008367649,0.113710724,-0.007130808
C2,1665.183,NA,NA,1575.7515,32.40615,-0.008750826,-1238.5636,1819.7461,24.275795,13948.199,-0.0139642805,0.1593464,0.07980045
C2,1669.474,NA,NA,1743.8094,78.88822,0.0030675018,-1377.4131,1880.4506,25.00942,15324.34,-0.0026602158,0.21256627,0.0022857983
C2,1673.7649999999999,NA,NA,2362.2388,63.626778,0.015595231,-1952.6465,2020.7148,25.217129,20144.729,0.007384937,0.09044756,-0.12055413
C2,1678.056,NA,NA,2987.449,-112.28233,0.01672808,-2369.1948,2137.6953,21.285608,24975.473,0.0052587185,0.01824183,-0.17463292
C2,1682.347,NA,NA,3549.6084,-126.44146,0.017495774,-2190.6743,2190.196,15.810669,29253.732,0.003465772,-0.03554752,-0.22947587
C2,1686.638,NA,NA,3956.7522,-99.41469,0.016205197,-1198.8923,2278.7612,12.326061,32159.264,0.0010095153,-0.101626344,-0.28040567
C2,1690.9289999999999,NA,NA,4247.386,-74.38155,0.009151721,427.6298,2538.6885,10.592576,33968.285,-0.006323276,-0.1780232,-0.3426625
C2,1695.2199999999998,NA,NA,4632.4595,-60.24434,0.017676571,2331.8508,3008.0864,10.852746,36416.387,0.0017808266,-0.19996865,-0.3433538
C2,1699.511,NA,NA,5052.8174,-32.93828,0.018636167,4117.058,3549.9443,12.799647,39186.902,0.0018447449,-0.14819983,-0.2631819
C2,1703.802,NA,NA,5298.4136,-4.1498756,0.019063173,4950.1543,3944.3545,14.021455,40447.703,0.0011523438,-0.10321985,-0.19252974
C2,1708.0929999999998,NA,NA,5502.489,25.298151,0.019819276,4573.278,4051.7808,12.782733,40947.1,0.0009461872,-0.06328482,-0.14175749
C2,1712.384,NA,NA,5499.8135,55.914173,0.01924629,2788.0703,3880.0369,10.88036,39536.984,-0.00016027909,-0.025665283,-0.10983486
C2,1716.675,NA,NA,5319.97,85.64508,0.019535886,368.12292,3565.8289,10.5258665,37240.86,-0.00014399368,0.009405083,-0.100663155
C2,1720.966,NA,NA,5083.285,115.823326,0.020185182,-1932.8112,3288.5906,11.490658,35087.37,0.00021479333,0.037916556,-0.11147968
C2,1725.257,NA,NA,4670.0127,107.0046,0.020387288,-3341.1414,3150.665,13.5303755,31960.652,4.6527668e-05,0.058450222,-0.13281244
C2,1729.548,NA,NA,4144.683,18.498066,0.021058405,-3479.9907,3089.76,17.642813,28281.21,0.00027185277,0.09069901,-0.16003585
C2,1733.839,NA,NA,3521.0005,-68.971756,0.02135957,-2627.058,2935.682,23.79545,23981.033,5.1921437e-05,0.14136659,-0.17387295
C2,1738.1299999999999,NA,NA,2877.827,-115.97635,0.022592925,-1317.9061,2591.3274,26.875206,19426.78,0.00058354164,0.23333237,-0.16611464
C2,1742.4209999999998,NA,NA,2309.1885,-81.0757,0.021602126,-187.27496,2120.3604,26.267572,15442.801,-0.0014649016,0.29047924,-0.13216577
C2,1746.712,NA,NA,1919.6482,-47.7056,0.025300225,368.1229,1697.1388,26.473713,12763.066,0.0007049152,0.267749,-0.06764743
C2,1751.003,NA,NA,1768.2631,-8.622823,0.02719716,546.6436,1433.1195,29.201094,11702.589,0.00083946384,0.078850985,0.04184307
C2,1755.2939999999999,NA,NA,1701.6882,-6.6097393,0.030958645,566.47925,1306.4299,35.767097,11261.488,0.0034310308,-0.013015032,0.19330817
C2,1759.585,NA,NA,1721.8851,1.2139384,0.03221352,447.46542,1286.5103,42.316696,11471.969,0.0047438517,-0.1071091,0.27511203
C2,1763.876,NA,NA,1828.8138,50.976097,0.026768856,110.25961,1355.5355,44.968,12332.408,0.0004970084,-0.1844601,0.24981849
C2,1768.167,NA,NA,1936.0968,52.327553,0.014602527,-544.3164,1493.7438,45.24681,13247.25,-0.009866213,-0.23352082,0.2746671
C2,1772.458,NA,NA,2252.355,54.884956,0.024430986,-1337.7418,1654.0504,41.479004,15476.924,0.0016753386,-0.23685461,0.24426773
C2,1776.749,NA,NA,2621.5303,-67.37503,0.021863269,-1694.7833,1787.4309,33.514584,17976.852,0.00029666105,-0.23735589,0.21929142
C2,1781.04,NA,NA,2981.9307,-113.60153,0.021336248,-1278.2349,1915.3591,26.76229,20387.2,0.00041490592,-0.19666617,0.21310608
C2,1785.331,NA,NA,3329.1362,-80.64214,0.019857297,50.752747,2096.4463,23.238253,22689.918,-0.0005887654,-0.13112909,0.2040548
C2,1789.6219999999998,NA,NA,3489.8997,-49.967392,0.018501557,1776.453,2338.525,21.989315,23709.22,-0.0012479372,-0.06451723,0.18530512
C2,1793.913,NA,NA,3600.1045,-21.386927,0.019010145,3065.7693,2574.79,22.453213,24465.197,4.2796324e-05,-0.00712,0.15918618
C2,1798.204,NA,NA,3633.3076,7.979185,0.018168075,3482.3176,2706.633,22.012781,24836.428,-0.00012556255,0.037134487,0.13070273
C2,1802.495,NA,NA,3518.043,36.044502,0.017207213,2827.7417,2655.309,19.461231,24326.139,-0.00040197698,0.088509135,0.11819739
C2,1806.786,NA,NA,3415.7556,62.625507,0.016846852,1637.6036,2424.2656,16.671307,24036.71,-1.0602991e-05,0.123286754,0.12618892
C2,1811.077,NA,NA,3321.1782,88.649864,0.015571232,249.10907,2169.1738,14.306052,23777.322,-0.00059954217,0.06684012,0.1454871
C2,1815.368,NA,NA,3265.9287,112.70368,0.01401208,-1060.043,2125.7803,13.832569,23867.963,-0.0018627814,-0.09022914,0.18297566
C2,1819.6589999999999,NA,NA,3360.4531,134.34897,0.014691706,-2309.6882,2330.5837,16.859093,25102.541,-0.0015618573,-0.25582188,0.21924917
C2,1823.9499999999998,NA,NA,3572.2185,157.04413,0.018061707,-3321.3057,2607.3826,21.8188,26893.736,0.00073985994,-0.36451122,0.18946654
C2,1828.241,NA,NA,3714.4363,-95.05486,0.020466799,-3460.155,2764.2786,23.944336,28050.953,0.0016851791,-0.38282296,0.08034698
C2,1832.532,NA,NA,3801.933,-103.438576,0.022637706,-2547.7156,2718.739,24.058079,28890.127,0.0025650554,-0.34754896,0.08016753
C2,1836.8229999999999,NA,NA,3675.5898,-108.46874,0.021932794,-663.33026,2510.2905,22.964128,28072.424,0.0013853457,-0.32318923,0.08055748
C2,1841.114,NA,NA,3311.661,-74.587845,0.021204514,1161.5483,2235.8748,22.342588,25399.748,0.0013985124,-0.32457078,0.059023168
C2,1845.405,NA,NA,2842.9983,-41.83196,0.017573938,2093.8232,2002.5306,25.49047,22140.467,-0.00057927147,-0.33264196,0.026608625
C2,1849.696,NA,NA,2280.9795,-14.684443,0.013174281,1835.9601,1854.5441,33.67087,17832.053,-0.0032671508,-0.28094637,0.03108565
C2,1853.987,NA,NA,1788.2784,5.666659,0.009567757,963.19196,1754.8687,43.111946,13720.392,-0.0056464053,-0.15664427,0.06445159
C2,1858.278,NA,NA,1571.6034,20.446547,0.017518826,427.62976,1646.6724,48.579784,11977.881,0.0027809234,-0.0165516,0.06151557
C2,1862.569,NA,NA,1772.7067,-12.491072,0.018273793,606.1506,1548.43,47.174698,13749.57,0.003210096,-0.02245315,0.047318432
C2,1866.86,NA,NA,2063.274,-24.262451,0.010350183,1082.2057,1510.0637,45.065758,16225.764,-0.005399793,-0.031924672,0.037992053
C2,1871.1509999999998,NA,NA,2372.786,11.726095,0.020915475,1240.8909,1551.5151,44.1454,18644.447,0.004667289,-0.014975918,0.039335147
C2,1875.442,NA,NA,2531.469,44.03548,0.017046086,864.0138,1609.3915,42.22378,19793.842,0.00067166146,0.027451966,0.010889477
C2,1879.733,NA,NA,2449.395,70.3676,0.014968738,368.1229,1610.7886,40.193317,19021.63,-0.0011847583,0.10435706,-0.009881337
C2,1884.024,NA,NA,2333.7295,13.490708,0.015060572,130.09528,1555.6423,31.551962,17937.795,-0.0006041055,0.20748347,-0.021952285
C2,1888.315,NA,NA,2198.9314,36.755676,0.017580934,130.09526,1571.4492,20.823439,16560.969,0.0024010814,0.38555762,0.0021573438
C2,1892.606,NA,NA,2455.5903,83.91401,0.008387458,-187.27493,1825.3251,16.031462,18226.062,-0.0068373047,0.5161141,0.07743589
C2,1896.897,NA,NA,3092.053,116.87062,0.017772269,-1377.4131,2339.6274,15.217351,22811.16,0.0017212459,0.2659956,0.079614796
C2,1901.1879999999999,NA,NA,3870.915,144.32451,0.019680623,-3103.1133,2930.9893,15.352169,28187.2,0.0022758455,0.14001094,0.048594978
C2,1905.4789999999998,NA,NA,4597.4956,94.72634,0.020441107,-4511.4434,3359.1875,13.639768,32598.688,0.0014779714,0.06461811,0.027603202
C2,1909.77,NA,NA,5112.3906,-153.69707,0.021312334,-4491.6084,3518.4695,10.694547,35638.81,0.0008966107,0.015527831,0.021021154
C2,1914.061,NA,NA,5380.6064,-120.77462,0.021756358,-2646.8938,3456.3494,8.9698,37317.14,0.00022014344,-0.0176985,0.030666722
C2,1918.3519999999999,NA,NA,5277.79,-87.16626,0.022204883,348.28723,3283.753,9.349831,36516.555,-0.00042396074,-0.04783784,0.04769961
C2,1922.643,NA,NA,4918.979,-52.865044,0.023934865,2986.427,3094.4307,12.214814,33939.586,0.00012212213,-0.07389821,0.07208681
C2,1926.934,2.0,0.17901967159999999,4301.172,-15.891425,0.026147138,4037.7158,2956.0176,16.201387,29491.924,0.0016462147,-0.10967978,0.121467166
C2,1931.225,1.0,0.16932203520000016,3498.1497,24.49963,0.031693295,2966.591,2860.0962,21.36017,23901.258,0.0074791834,-0.16011135,0.20952243
C2,1935.516,2.0,0.17514082959999916,2785.8457,73.45816,0.01871686,625.9861,2690.9287,27.280798,18803.143,-0.0044726036,-0.20636249,0.29940045
C2,1939.8069999999998,2.0,0.18829418879999907,2465.6714,82.37122,0.017465316,-1397.2487,2416.039,26.874369,16216.1045,-0.004702083,-0.22620457,0.11566186
C2,1944.098,1.0,0.1746514124,2651.8115,-50.649063,0.016606446,-1615.4406,2241.3706,25.139822,17576.87,-0.005101874,-0.17649528,-0.06378235
C2,1948.3890000000001,2.0,0.20152878080000156,3138.5574,-84.996086,0.029107865,90.423965,2362.7532,27.123825,21372.219,0.007118374,0.055283204,-0.20281403
C2,1952.6799999999998,2.0,0.18780198000000037,3771.524,-40.03142,0.023999942,2550.0427,2670.456,31.187052,26068.404,0.0013546915,-0.06546293,-0.30725116
C2,1956.971,1.0,0.18537588959999982,4217.4565,-2.957272,0.023122245,4057.5508,2910.9148,29.691341,29371.299,0.00026068714,-0.03176284,-0.27907065
C2,1961.262,2.0,0.08550391200000011,4350.9917,32.761047,0.021573216,3660.8386,2946.1924,24.21862,30668.965,-0.0004695201,-0.008835316,-0.22594158
C2,1965.5529999999999,0.0,0.08019675520000007,4042.7444,66.086494,0.019503362,1716.9462,2760.4346,21.807144,29103.793,-0.00036342314,0.026436064,-0.13400963
C2,1969.844,0.0,0.06317913880000045,3528.5815,96.21451,0.01882555,-266.61746,2389.6294,20.713047,26080.17,0.002111276,0.08036772,-0.033762906
C2,1974.135,1.0,0.08634391199999991,2835.2664,125.29546,0.01256292,-1456.7555,1945.7865,20.903217,21684.834,-0.00089052104,0.17314121,0.09263786
C2,1978.426,0.0,0.08469839159999978,2047.9896,104.70215,-0.0035062332,-1476.5913,1611.3773,24.44049,16386.355,-0.014426346,0.1681785,0.25754586
C2,1982.717,1.0,0.08741083839999941,1756.4017,79.28586,0.013050804,-1159.2212,1499.3624,32.198746,14466.545,0.0030083805,0.029431608,0.26434702
C2,1987.0079999999998,2.0,0.10495479960000016,1849.5402,59.44622,0.009318445,-1040.2073,1536.1803,37.241215,14648.512,-0.0017792388,-0.0255119,0.1468126
C2,1991.299,1.0,0.0955139696,2091.889,73.84098,0.017247574,-1198.8923,1593.8718,37.630753,16281.5,0.0038242962,-0.036247943,0.028064013
C2,1995.59,1.0,0.09325842520000024,2263.49,20.484348,0.019979067,-1337.7418,1649.8918,38.96349,17821.174,0.0042683408,-0.039418273,-0.043243036
C2,1999.8809999999999,0.0,0.03985244640000294,2261.1533,11.3472185,0.019585831,-1079.8785,1696.1216,40.63766,17965.014,0.002763069,-0.054992836,-0.083563246
C2,2004.172,0.0,0.010060755199999254,2139.8171,-38.397373,0.014995149,-663.33026,1709.9714,39.461044,17011.443,-0.0017187423,-0.09219551,-0.114043206
C2,2008.463,0.0,0.02987261440000007,2017.1016,-55.233467,0.014859123,-405.46692,1705.8628,35.665787,16000.145,-0.0011005367,-0.12268297,-0.08554244
C2,2012.754,0.0,0.0007846812000005454,1972.9263,7.7203116,0.013953745,-564.15204,1732.1084,32.66399,15624.349,-0.0012414677,-0.14110667,0.020426432
C2,2017.045,0.0,0.014069844799996538,2018.315,-10.724499,0.013369628,-1099.7144,1823.2378,32.933258,15902.152,-0.001603832,-0.1732035,0.12616903
C2,2021.336,0.0,8.94799999775174e-07,2312.688,-70.07163,0.016355807,-1833.6328,1969.4434,33.71801,18343.525,0.0010191684,-0.19519573,0.20392114
C2,2025.627,0.0,0.028344950400000228,2939.0537,-84.80583,0.016870655,-2508.0442,2101.4683,25.49703,23476.688,0.0008441217,-0.1553891,0.2158866
C2,2029.9180000000001,0.0,0.017385510400002035,3707.826,-98.74472,0.017205052,-2547.7156,2206.211,14.069091,29550.977,0.0004094153,-0.0686534,0.21607417
C2,2034.2089999999998,0.0,0.014920864000002192,4553.095,-112.16704,0.017654913,-1575.7693,2493.5674,7.8989573,35908.11,0.00016367364,-0.025649574,0.22017047
C2,2038.5,0.0,0.042612080399999405,5442.8,-84.89444,0.018513821,546.6436,3179.3118,5.6868596,42589.76,0.0004945737,-0.009172227,0.20419039
C2,2042.791,3.0,0.1035038351999996,6310.385,-56.29503,0.018964062,3502.1533,4148.0156,5.195973,49387.797,0.0005740916,0.006969505,0.17108005
C2,2047.0819999999999,2.0,0.11042839599999996,7001.694,-27.000101,0.018859481,6199.8,5064.925,5.1082196,54726.965,0.00025554406,0.013018555,0.13170178
C2,2051.373,2.0,0.12457636639999953,7514.3906,2.1332686,0.01885462,7449.4453,5626.699,4.7929235,58280.918,0.00022449414,0.017164072,0.09775999
C2,2055.6639999999998,2.0,0.12925868880000002,7814.869,31.259129,0.018369334,6616.348,5688.102,4.1566153,59938.418,-0.00011501744,0.0163988,0.0679325
C2,2059.955,2.0,0.12408850959999923,7905.8774,59.63534,0.018049587,3958.3733,5321.9375,3.5103772,60019.242,-0.00017432771,0.011882252,0.03762309
C2,2064.246,2.0,0.1286184003999982,7892.9556,87.51761,0.017834865,348.28723,4848.1343,2.9071758,59281.695,-8.706301e-05,0.012860086,0.008783287
C2,2068.537,1.0,0.0994191840000004,7729.6426,115.06821,0.01732064,-3222.1272,4713.2153,2.4455328,57492.688,-0.00032523775,0.013048225,-0.01835786
C2,2072.828,1.0,0.09216984000000027,7486.9434,141.82443,0.017119596,-5800.76,5051.478,2.4102297,55275.535,-0.00033463642,0.020046446,-0.044033263
C2,2077.1189999999997,1.0,0.09396743440000252,7226.7583,128.2701,0.017174067,-6990.8984,5493.496,3.1568491,52947.668,-0.0002072129,0.03262467,-0.065174684
C2,2081.41,1.0,0.09466712519999988,6940.5537,-165.20009,0.01746375,-6633.8564,5617.304,4.435344,50475.945,2.7921724e-05,0.047986984,-0.081943616
C2,2085.701,1.0,0.09755150559999935,6614.4937,-138.22281,0.017640546,-4868.485,5266.1426,4.620195,47819.93,3.734066e-05,0.07047415,-0.09127787
C2,2089.992,1.0,0.08606992919999999,6229.2207,-110.97238,0.017942734,-2170.8386,4566.1465,3.9577053,44803.297,9.1699716e-05,0.09483698,-0.1020138
C2,2094.283,2.0,0.097305633600002,5803.0127,-83.255165,0.01830684,745.00006,3842.37,3.6964624,41659.965,0.00013867057,0.120401174,-0.11347193
C2,2098.574,1.0,0.08766273679999952,5317.9316,-54.975487,0.018529829,3125.2764,3430.0166,4.342024,38163.06,-5.770509e-05,0.12877648,-0.12283521
C2,2102.865,0.0,0.08257663359999999,4803.3496,-26.351349,0.019121505,4315.414,3367.7297,6.3036184,34235.914,-3.733841e-05,0.13399424,-0.13268325
C2,2107.156,1.0,0.08604537439999808,4282.984,3.1867886,0.020066556,4156.7295,3373.2793,9.648888,30240.285,0.00016083359,0.13533051,-0.14534603
C2,2111.447,3.0,0.09488144000000023,3788.139,34.184803,0.021348339,2907.0842,3200.1077,12.395207,26503.053,0.0005697125,0.13199165,-0.16023827
C2,2115.738,1.0,0.09606679999999963,3340.773,67.16287,0.022406511,1082.2057,2818.1208,12.343608,23134.965,0.0007776431,0.13229996,-0.17353818
C2,2120.029,0.0,0.08082310559999953,3006.0635,101.77554,0.023423688,-703.00146,2369.1436,11.936098,20783.838,0.0011433085,0.09355757,-0.1804466
C2,2124.3199999999997,1.0,0.09512195160000207,2791.8967,97.959526,0.023218516,-2012.1534,2042.207,13.067284,19281.68,0.00073588395,0.087014996,-0.19120659
C2,2128.611,1.0,0.10266044799999992,2614.8352,13.826558,0.022357188,-2349.3594,1901.5298,16.33953,17860.848,0.00022447611,0.09258395,-0.19365817
C2,2132.902,0.0,0.07992947160000112,2528.6738,-111.63695,0.022423487,-1754.29,1846.5558,21.183512,17190.402,0.0008350114,0.1280335,-0.1536275
C2,2137.193,0.0,0.07298458400000003,2482.3464,-76.99805,0.016503086,-504.64517,1782.8019,24.423779,16824.213,-0.004875989,0.19883794,-0.15861231
C2,2141.484,0.0,0.07371654880000099,2383.815,-51.50474,0.020829631,883.84937,1707.5753,22.186808,16107.946,-0.0009926013,0.21447574,-0.16044801
C2,2145.775,0.0,0.061784347199999916,2276.7268,-19.327957,0.025826246,1796.2887,1645.6793,21.19678,15366.136,0.0031799371,0.14544784,-0.107017964
C2,2150.066,0.0,0.07208487840000008,2097.8923,20.567396,0.026148269,1875.6313,1593.5416,28.909376,14164.52,0.002829858,0.07227206,-0.08538008
C2,2154.357,0.0,0.06860641119999969,1854.9587,20.960197,0.026059745,1260.7266,1530.9952,36.473812,12560.198,0.0023865455,-0.005771478,-0.09600353
C2,2158.648,0.0,0.07154315160000001,1612.6908,61.216255,0.017297704,328.45163,1436.2294,40.611446,10926.886,-0.006478992,-0.042568523,-0.15005605
C2,2162.939,0.0,0.07076303040000022,1375.1595,67.93704,0.023678077,-345.96,1349.3037,39.44555,9235.692,2.9736095e-06,-0.051476426,-0.17541184
C2,2167.23,0.0,0.0667777144000002,1473.9409,4.5139956,0.027634958,-147.60365,1350.4484,40.49793,9928.248,0.0041685225,-0.025207095,-0.05084724
C2,2171.5209999999997,0.0,0.06592786240000019,1826.0656,-32.796623,0.026071778,645.8219,1442.3973,40.63304,12388.184,0.002852141,-0.0766956,0.1323958
C2,2175.812,0.0,0.07136615039999951,2323.2163,7.4780154,0.016495144,1538.4253,1580.1323,33.50483,15684.522,-0.006383652,-0.008046071,0.30766448
C2,2180.103,0.0,0.07422537120000003,2932.0522,32.959053,0.022779325,1597.9323,1794.851,24.71932,19714.959,0.00035593423,-0.0074123275,0.3344814
C2,2184.3940000000002,0.0,0.06835390359999997,3507.4753,68.14765,0.022772675,467.30106,2137.589,21.426064,23480.23,0.0006672684,-0.028581461,0.30407277
C2,2188.685,0.0,0.07030147999999888,3919.7825,103.325966,0.022608707,-1456.7557,2538.3936,21.466183,26395.201,0.0004275555,-0.038399696,0.27964652
C2,2192.976,1.0,0.10074945559999976,4155.9976,138.251,0.022674799,-3162.62,2859.4385,20.413689,28309.082,0.0001948412,-0.080520496,0.25189087
C2,2197.267,1.0,0.09802034080000198,4182.399,-26.721886,0.022178663,-3757.6897,3001.3855,18.015556,28728.445,-0.0004925201,-0.13237697,0.22191569
C2,2201.558,2.0,0.1195985263999987,4054.3872,-72.46117,0.022933614,-2884.9214,2938.184,17.300274,28102.83,0.00012438974,-0.18003005,0.18034847
C2,2205.849,2.0,0.08655750239999987,3817.4192,-117.03425,0.023177166,-1079.8785,2707.631,17.853296,26673.979,4.732714e-05,-0.21947749,0.119996466
C2,2210.14,2.0,0.09704994640000196,3453.8423,-81.23108,0.023188852,824.3425,2411.4128,18.43225,23981.283,-0.00033502566,-0.26210612,0.049948268
C2,2214.431,1.0,0.09994327599999972,3090.3499,-45.409878,0.024912536,1974.8094,2191.301,19.536682,21482.947,0.0010147397,-0.25870144,-0.048912447
C2,2218.7219999999998,2.0,0.09207602040000033,2738.7097,-6.9259872,0.025916103,2153.33,2117.1123,22.522644,19309.092,0.0017499984,-0.23554468,-0.1776584
C2,2223.013,1.0,0.09780497599999809,2410.29,33.108173,0.02120806,1597.9324,2102.5261,28.926125,16904.766,-0.0029702021,-0.17281021,-0.34528744
C2,2227.304,1.0,0.09516019560000034,2221.0168,45.869534,0.02766759,844.1781,2019.9525,34.26972,15348.911,0.0037449477,-0.19558756,-0.47135675
C2,2231.5950000000003,2.0,0.11807052800000016,2254.6375,8.609323,0.02105756,407.79422,1879.474,35.74271,15271.832,-0.002366486,-0.105209164,-0.39082137
C2,2235.886,1.0,0.09788578879999998,2496.9858,-38.8618,0.02283449,407.79416,1807.3081,37.01767,16756.023,5.821925e-05,-0.15599939,-0.35765177
C2,2240.177,1.0,0.10053838879999978,2811.048,-3.5879984,0.022049265,665.6575,1853.5134,38.25446,18815.068,-4.121744e-05,-0.191479,-0.32291138
C2,2244.468,3.0,0.0909400064000008,3040.728,30.472826,0.020414472,864.0138,1969.8312,37.337944,20256.379,-0.0009869991,-0.12967393,-0.18224815
C2,2248.759,1.0,0.10893530479999859,3229.1694,62.00828,0.02058507,685.49304,2113.079,35.05122,21445.078,-0.00024073286,-0.08602545,-0.097978726
C2,2253.05,1.0,0.10040219839999999,3376.2922,53.80728,0.020132853,-28.589844,2249.5417,33.448723,22532.717,-0.00022221346,-0.026550902,-0.04509232
C2,2257.341,2.0,0.09977722080000147,3398.0498,44.907703,0.019689823,-1020.37164,2366.6033,32.740845,22796.113,-0.00028596492,0.031678252,-0.017205954
C2,2261.632,1.0,0.1118364875999996,3380.3442,35.323753,0.0195164,-1952.6465,2451.6748,32.371468,22777.943,-0.000101530546,0.100869365,0.009724193
C2,2265.923,1.0,0.08381511680000459,3249.2744,25.471903,0.018673498,-2527.88,2470.9678,31.912498,22040.424,-0.00060139224,0.18224175,0.04279065
C2,2270.214,0.0,0.06023749120000022,3064.6416,-25.682022,0.021060307,-2448.5376,2383.2969,31.605112,21107.402,0.00183034,0.257816,0.08600807
C2,2274.505,0.0,0.03409942399999871,2843.7139,-113.148895,0.013310272,-1714.6189,2185.1987,30.424696,20118.1,-0.0059763375,0.31443605,0.15404923
C2,2278.796,0.0,0.039283973599989426,2609.6182,-72.58773,0.024878152,-722.83704,1939.3516,27.830936,18826.854,0.0058123153,0.30344695,0.21978895
C2,2283.087,0.0,0.0326007048000007,2445.2756,-34.156956,0.022308946,249.10907,1707.4681,25.406939,17811.197,0.003893071,0.20716561,0.23190795
C2,2287.3779999999997,0.0,0.06729030240000744,2163.0012,0.30501515,0.010320987,784.6712,1541.2448,28.113548,15827.801,-0.0070580784,0.0696653,0.27765337
C2,2291.669,0.0,0.0505744975999997,1959.3223,-43.75154,0.016837493,844.1782,1483.4963,35.43492,14332.375,0.000568133,-0.08523432,0.29955685
C2,2295.96,0.0,0.027994442400001145,1952.3945,-57.741653,0.013172809,764.8357,1544.7051,37.336365,14142.405,-0.0022702853,-0.03454958,0.12385866
C2,2300.251,0.0,0.03913748159999994,2157.805,-37.392822,0.01596264,903.685,1686.5599,37.136333,15544.967,0.00064791087,0.09598308,-0.019768583
C2,2304.542,0.0,0.05349903800000051,2367.1265,-12.734373,0.015642405,1439.2473,1833.3256,36.587265,17015.727,-0.00023179039,0.052110434,-0.14123344
C2,2308.833,0.0,0.05625336480000001,2626.8545,11.429384,0.017824283,1994.645,1910.4355,34.47798,18862.773,0.0012663545,0.05277517,-0.2306445
C2,2313.124,0.0,0.05145410759999372,2910.492,38.96362,0.017617526,2093.8232,1922.5653,29.00558,20922.904,0.00051291357,0.024661966,-0.24743114
C2,2317.415,0.0,0.05784297679999794,3093.8218,66.17847,0.017872704,1340.0691,1980.5809,22.878223,22257.117,0.00040531225,-0.016910711,-0.21455471
C2,2321.706,1.0,0.10232062079999914,3303.197,93.787506,0.017705362,-68.26111,2145.6948,18.81385,23885.434,0.000101977945,-0.029404826,-0.14092922
C2,2325.997,1.0,0.11808670239999947,3422.2478,121.13805,0.017179169,-1635.2764,2362.7793,18.88939,25764.094,-0.00042634254,-0.05515875,-0.056566793
C2,2330.288,1.0,0.1134708196000006,3606.6772,147.67572,0.018017178,-2865.086,2564.7307,23.085451,28196.986,0.0004261548,-0.018205246,0.030693743
C2,2334.5789999999997,2.0,0.09259684159999473,3711.77,-24.492054,0.016873397,-3321.3054,2694.284,27.367367,30051.594,-0.00078596454,0.01705461,0.09722119
C2,2338.87,1.0,0.10545404800000062,3784.577,-78.426704,0.018284548,-2924.5928,2708.4695,29.085903,31543.152,0.00037697994,0.061164115,0.14610226
C2,2343.161,2.0,0.10093470559999938,3871.4353,-90.181465,0.017869374,-1774.126,2617.382,27.546455,33049.277,-0.0004835981,0.088755876,0.19902015
C2,2347.452,2.0,0.09483153839999994,3799.6997,-62.577576,0.019161934,-127.76803,2531.7207,24.796616,33216.67,0.000110940426,0.114278585,0.22251123
C2,2351.743,0.0,0.07860607440000034,3825.144,-72.97698,0.021242784,1597.9324,2559.2043,24.334604,34262.33,0.0017897303,0.20269895,0.23760515
C2,2356.034,1.0,0.09092386039999971,3557.2795,-40.161976,0.01938204,2827.7417,2660.1187,25.058502,32880.992,0.00092595204,0.16070175,0.24349634
C2,2360.325,1.0,0.10375660800000068,3500.893,-10.221381,0.026345363,3264.1255,2688.5913,26.947609,33363.918,0.010725762,0.23270294,0.21336836
C2,2364.616,1.0,0.0812601560000016,3961.5247,30.475883,0.0,2847.5774,2534.3435,28.835903,39076.72,-0.011356891,0.2769506,0.17536348
C3,1394.85,NA,NA,1832.8806,-14.27111,0.00086621824,-504.64514,1747.3042,16.61629,17483.176,-0.0044784728,0.12115296,0.0724806
C3,1399.1409999999998,NA,NA,3140.7612,87.066986,0.016437672,-2230.3455,2232.16,21.645185,34716.29,0.0067113596,-0.44757858,0.02054874
C3,1403.432,NA,NA,3550.836,-27.540754,0.019671513,-3122.949,2544.7173,24.31908,36629.816,0.005286327,-0.42665923,0.0040197372
C3,1407.723,NA,NA,3840.5486,-117.15299,0.02355117,-2785.7432,2676.6165,23.890789,37029.848,0.0051958053,-0.32626173,-0.031686172
C3,1412.014,NA,NA,4062.3677,-80.77209,0.021387553,-1436.9202,2646.495,24.763487,37069.87,0.00043022065,-0.2701286,-0.09302706
C3,1416.3049999999998,NA,NA,3761.342,-47.733448,0.021911167,130.09528,2509.4084,26.961811,32779.742,-0.00019442785,-0.17396607,-0.16022184
C3,1420.596,NA,NA,3701.7886,-53.885956,0.024789296,1379.7405,2366.1064,26.522161,30914.197,0.0024193393,-0.1218578,-0.12538287
C3,1424.887,NA,NA,3330.6194,-15.5924425,0.020533888,2054.1519,2287.4822,26.847578,26669.32,-0.0018257746,-0.05769168,-0.130207
C3,1429.1779999999999,NA,NA,3024.79,16.12749,0.023012685,2073.9875,2243.6826,27.282919,23336.852,0.0006729246,-0.0022972955,-0.11038467
C3,1433.4689999999998,NA,NA,2756.5825,51.676567,0.02044203,1419.4116,2147.2043,27.031364,20513.145,-0.0016508306,0.031328782,-0.095386796
C3,1437.76,NA,NA,2520.769,43.254593,0.025057185,427.62982,1993.7396,27.454056,18237.268,0.0037122522,0.04552693,-0.06350274
C3,1442.051,NA,NA,2457.543,81.96193,0.021062871,-683.1658,1881.5562,25.965761,17235.584,0.0009051709,-0.0032400026,-0.017833233
C3,1446.3419999999999,NA,NA,2290.876,34.499004,0.013438762,-1536.0981,1853.4429,24.118467,16034.59,-0.005272642,-0.06080813,-0.029373672
C3,1450.6329999999998,NA,NA,2353.9407,55.258667,0.01651429,-2051.825,1852.8561,26.846815,16769.01,-0.0009201287,-0.17505775,0.03536198
C3,1454.924,NA,NA,2367.8481,-79.23073,0.015696056,-1952.6467,1834.3917,33.89543,17131.871,-0.0012024981,-0.21032651,0.12430385
C3,1459.215,NA,NA,2323.3452,-94.98409,0.016567893,-1377.4132,1777.1462,37.335667,16839.69,-0.0008626773,-0.24548149,0.12912819
C3,1463.5059999999999,NA,NA,2388.053,-69.390656,0.019200917,-564.15204,1669.7404,35.753235,17269.1,0.00048020203,-0.26604992,0.050253525
C3,1467.797,NA,NA,2367.529,-79.72984,0.023357077,169.76653,1539.7107,35.013645,17192.033,0.0033230789,-0.19456887,-0.06561931
C3,1472.088,NA,NA,2334.5435,-43.648773,0.023021912,685.49304,1433.3169,36.579597,17004.723,0.0021268572,-0.124910325,-0.13652796
C3,1476.379,NA,NA,2170.4092,-48.08544,0.020137807,844.1782,1385.5865,38.72972,15752.114,-0.00092776545,-0.012042337,-0.10023114
C3,1480.6699999999998,NA,NA,2035.3677,-16.977367,0.02093075,744.99994,1388.2114,42.23957,14782.283,0.0002357953,0.085273586,-0.045739837
C3,1484.961,NA,NA,1853.1775,15.355618,0.018923078,447.46545,1412.3638,42.72066,13353.613,-0.0014038996,0.116197534,0.033750083
C3,1489.252,NA,NA,1723.6045,-35.412766,0.017361546,348.28723,1452.268,40.435097,12270.265,-0.0029894281,0.1613477,-0.00072958734
C3,1493.543,NA,NA,1781.6647,-48.593346,0.023665488,685.49304,1506.5063,40.511696,12337.535,0.002855354,0.18836683,-0.032608986
C3,1497.8339999999998,NA,NA,1988.9138,-32.035843,0.022845618,1320.2334,1554.6392,42.312126,13376.636,0.001335053,0.055991754,-0.051049843
C3,1502.125,NA,NA,2156.065,3.255149,0.021276927,1756.6173,1571.2068,40.938698,14331.118,-0.000989642,-0.07005864,-0.1340381
C3,1506.416,NA,NA,2289.1475,36.12289,0.023374459,1498.7544,1539.8912,38.22301,15067.547,0.00036767827,-0.06341982,-0.20567526
C3,1510.7069999999999,NA,NA,2347.4373,72.23082,0.023810588,487.13672,1482.2827,37.896587,15380.359,8.054174e-05,-0.06267786,-0.24355616
C3,1514.9979999999998,NA,NA,2204.3813,109.01247,0.02481325,-703.00146,1432.0791,39.95133,14467.907,0.00026709866,-0.06838584,-0.216057
C3,1519.289,NA,NA,2044.9526,67.34298,0.027118064,-1496.4269,1392.288,42.28306,13463.755,0.0017810474,-0.022062672,-0.19239466
C3,1523.58,NA,NA,1736.2058,-50.76612,0.026015284,-1417.0842,1346.5836,46.04795,11491.196,0.00030668106,0.018560754,-0.19867076
C3,1527.8709999999999,NA,NA,1455.5653,-50.578747,0.027511269,-722.8371,1286.6317,51.842575,9768.371,0.0019060887,0.057332568,-0.24776646
C3,1532.1619999999998,NA,NA,1372.168,-48.080444,0.023663374,110.25961,1204.0258,58.535263,9357.199,-0.0015906714,0.10137267,-0.20666422
C3,1536.453,NA,NA,1416.9384,8.473794,0.021925142,645.8218,1131.757,58.244656,9791.563,-0.0029066103,0.029901955,-0.1187253
C3,1540.744,NA,NA,1613.3357,62.342876,0.026741955,546.6436,1151.2242,50.92379,11079.626,0.0023160232,-0.035988435,-0.03867369
C3,1545.0349999999999,NA,NA,1897.0527,63.65278,0.0247918,-48.42545,1309.5242,45.524445,12975.066,0.0008685662,-0.05362378,0.0047436557
C3,1549.326,NA,NA,2119.9255,101.95015,0.022864468,-861.6865,1546.6453,43.308304,14643.967,-0.0002558272,-0.075381726,0.033051807
C3,1553.617,NA,NA,2381.5547,57.27028,0.02152941,-1635.2765,1763.8226,42.647724,16579.598,-0.00030925532,-0.06657706,0.06272817
C3,1557.908,NA,NA,2569.6172,-29.471964,0.018736418,-2091.496,1888.25,41.178814,18023.594,-0.0013794204,-0.01945538,0.107386455
C3,1562.1989999999998,NA,NA,2647.9414,-80.52869,0.017525364,-1992.3179,1886.7656,36.96917,18646.33,-0.00085147447,0.07495912,0.042864084
C3,1566.49,NA,NA,2690.5615,-53.45622,0.014683525,-1397.2488,1789.6729,30.985613,18998.33,-0.0022507121,0.09842467,0.006274568
C3,1570.781,NA,NA,2659.084,-110.77369,0.014864134,-484.8095,1683.4406,26.591969,18777.496,-0.0009877664,-0.03839572,-0.018802008
C3,1575.072,NA,NA,2740.9038,-87.812164,0.01606347,427.6298,1641.0304,25.200737,19110.871,0.0009146515,-0.09219098,-0.01533503
C3,1579.3629999999998,NA,NA,2667.7825,-62.997967,0.01332628,1260.7264,1680.0016,26.813646,18442.525,-0.0015086209,-0.11940233,-0.010513836
C3,1583.654,NA,NA,2591.8186,-42.41206,0.014697141,1697.1106,1793.3575,31.171658,17874.836,-0.00031439267,-0.13360289,-0.050667312
C3,1587.945,NA,NA,2516.5059,-19.708504,0.01420783,1835.9598,1928.735,36.025738,17285.768,-0.0015949135,-0.11358091,-0.07359704
C3,1592.2359999999999,NA,NA,2487.1863,2.2391841,0.017911654,1776.4531,2000.8677,38.469887,17013.066,0.0005913602,-0.12395027,-0.11599456
C3,1596.527,NA,NA,2540.5122,29.90839,0.020603973,1597.9321,1961.6931,39.04351,17397.13,0.00106323,-0.011539327,-0.08991533
C3,1600.818,NA,NA,2512.745,61.736588,0.0236082,1102.0415,1833.8198,39.869324,17211.578,0.0014944606,0.053483143,-0.06453678
C3,1605.109,NA,NA,2474.5745,58.205585,0.027142085,268.9447,1696.5571,43.084595,16945.629,0.0026290156,0.04576288,-0.07505242
C3,1609.3999999999999,NA,NA,2329.4324,20.133593,0.028819488,-564.15204,1611.1226,47.733566,15906.018,0.0025243391,0.01212724,-0.08167145
C3,1613.6909999999998,NA,NA,2165.3923,64.65278,0.028598772,-941.02905,1562.7415,53.34175,14686.569,0.001288158,-0.02637405,-0.07481734
C3,1617.982,NA,NA,2054.693,-11.16898,0.026861949,-802.1796,1530.0857,57.007088,13738.465,-0.0008018339,-0.068506874,-0.03259349
C3,1622.273,NA,NA,2040.623,-49.673717,0.027285263,-365.79565,1520.4388,60.947433,13463.878,-0.00023356455,-0.13531934,0.038016215
C3,1626.5639999999999,NA,NA,2090.1707,-7.524526,0.027951386,-48.42546,1519.4292,64.26323,13576.999,0.00090282,-0.101196766,0.106578775
C3,1630.855,NA,NA,2074.2507,35.65366,0.026459334,-48.42547,1492.0515,65.10179,13173.595,1.8914205e-05,-0.05545272,0.1938493
C3,1635.146,NA,NA,1983.301,36.52697,0.024728972,-445.13812,1438.2026,65.024605,12394.485,-0.0011858754,-0.037567854,0.25561506
C3,1639.437,NA,NA,1880.5122,-45.2727,0.02352198,-782.344,1374.9498,64.54948,11635.671,-0.0021231705,-0.038489632,0.24720478
C3,1643.7279999999998,NA,NA,1763.4615,-8.936886,0.025973534,-782.344,1308.8412,62.472088,10884.462,0.00025103206,-0.07003774,0.17381705
C3,1648.019,NA,NA,1663.2809,-88.813995,0.027522227,-266.61746,1234.9521,59.965717,10336.15,0.0013908112,-0.09814755,0.07669759
C3,1652.31,NA,NA,1553.8668,-46.29878,0.027102496,447.46545,1145.4866,56.17008,9705.885,0.00036408927,-0.13258073,0.013249371
C3,1656.6009999999999,NA,NA,1433.5037,-4.4319205,0.02701091,963.19196,1083.6575,50.697517,9044.277,-0.00033274898,-0.15175764,-0.0498889
C3,1660.8919999999998,NA,NA,1416.9795,37.29345,0.02793276,883.84937,1120.1426,46.16078,9082.607,0.0002078118,-0.2544046,-0.09415356
C3,1665.183,NA,NA,1546.6049,80.44286,0.029529648,169.76653,1263.9183,44.461723,10100.375,0.0018215355,-0.3237301,-0.08102613
C3,1669.474,NA,NA,1856.0533,86.05909,0.028119985,-1020.37177,1452.3677,39.745087,12335.392,0.00091672066,-0.25997955,-0.0615934
C3,1673.7649999999999,NA,NA,2257.3406,49.49771,0.025414154,-2031.9889,1601.9678,27.351505,15192.137,-0.0008284678,-0.23925103,-0.053952906
C3,1678.056,NA,NA,2662.558,-71.24351,0.023000395,-2151.003,1715.7842,19.049212,18094.975,-0.0020297037,-0.23940876,-0.041781347
C3,1682.347,NA,NA,3107.87,-115.71343,0.022733886,-1198.8923,1929.4526,16.199928,21160.148,-0.0011367366,-0.085587025,-0.030197276
C3,1686.638,NA,NA,3627.8962,-80.59503,0.022914289,665.6574,2328.2876,15.0859375,24527.055,-5.9605583e-05,-0.031885386,-0.011996163
C3,1690.9289999999999,NA,NA,4059.0051,-45.197952,0.022263056,2847.5774,2789.7568,15.256136,27160.902,-2.5701314e-05,-0.0117782755,0.016819822
C3,1695.2199999999998,NA,NA,4373.037,-10.806875,0.021755239,4255.9077,3137.3303,17.801332,29050.195,0.00013668548,-0.033423558,0.055816755
C3,1699.511,NA,NA,4543.47,22.79975,0.020384694,4156.729,3279.6523,19.184454,30072.375,-0.0005062246,0.08686948,0.10190543
C3,1703.802,NA,NA,4544.609,54.289204,0.018968668,2470.7004,3222.662,18.87278,30122.75,-0.0012331848,0.13761136,0.16573678
C3,1708.0929999999998,NA,NA,4465.0264,83.59125,0.018783437,11.081448,3032.3608,19.186363,29846.139,-0.0008832723,0.14709786,0.2383697
C3,1712.384,NA,NA,4281.3394,112.60715,0.019903176,-2071.6604,2810.416,20.565315,28924.318,0.00047910333,0.12262426,0.28902233
C3,1716.675,NA,NA,3987.942,103.352776,0.019106932,-2884.9214,2671.6738,23.06731,27445.602,-0.0005599981,0.0785034,0.22934692
C3,1720.966,NA,NA,3591.6628,-27.1316,0.018661657,-2468.373,2640.095,27.683044,25157.023,-0.0016227835,0.047893234,0.19039096
C3,1725.257,NA,NA,3219.8447,1.6961797,0.022685215,-1496.4271,2576.0374,33.387043,23034.84,0.0017039721,0.018115785,0.13034946
C3,1729.548,NA,NA,2825.8809,-3.2606096,0.025548585,-683.1658,2377.5554,36.705036,20694.416,0.004019496,0.008729961,0.033366308
C3,1733.839,NA,NA,2399.4214,36.205826,0.018577272,-425.3026,2083.6472,37.55425,17941.465,-0.0032079318,0.035680372,-0.008403089
C3,1738.1299999999999,NA,NA,2125.922,-35.09675,0.023315582,-544.31635,1798.8817,38.511017,16074.198,0.0016303706,0.08211345,-0.030318022
C3,1742.4209999999998,NA,NA,1926.1096,-79.07976,0.01979985,-663.33026,1576.0856,40.571213,14540.065,-0.00137757,0.19113024,-0.06485316
C3,1746.712,NA,NA,1786.4099,-48.49375,0.02232108,-643.49457,1378.2249,39.99808,13446.031,0.0020463197,0.115264416,-0.15197809
C3,1751.003,NA,NA,1763.0455,-34.013035,0.018499015,-365.79565,1205.1082,35.961964,13300.058,-0.0007040421,0.017828226,-0.20221302
C3,1755.2939999999999,NA,NA,1762.3647,-45.436504,0.01672295,11.081462,1143.2134,37.98767,13304.445,-0.0016439933,-0.10189017,-0.1967627
C3,1759.585,NA,NA,1778.7131,-59.603558,0.012402545,249.1091,1212.9786,41.144855,13413.983,-0.005741711,-0.16967037,-0.16799349
C3,1763.876,NA,NA,1903.3926,-40.4446,0.021383954,625.9861,1358.2463,44.13906,14250.613,0.0028151663,-0.2313593,-0.1630582
C3,1768.167,NA,NA,2004.8658,-47.411526,0.023124633,1102.0414,1525.9254,43.915825,14773.478,0.0038166817,-0.3077402,-0.19152372
C3,1772.458,NA,NA,2171.2964,-31.689514,0.020486366,1617.768,1664.3483,43.443985,15724.536,0.0005509338,-0.5043251,-0.044426467
C3,1776.749,NA,NA,2364.503,-0.042992063,0.018698076,1915.3025,1720.7849,41.254803,17000.139,-0.0014648177,-0.45264733,-0.015700975
C3,1781.04,NA,NA,2514.5112,28.841055,0.01926453,1697.1107,1703.6449,36.769527,18133.848,-0.00085889536,-0.50826246,0.07525577
C3,1785.331,NA,NA,2684.695,58.600117,0.019761605,824.3425,1692.4423,35.56553,19526.002,-0.0006028604,-0.4125384,0.12498779
C3,1789.6219999999998,NA,NA,2790.8223,89.12706,0.021261208,-504.64508,1769.6847,38.09593,20327.617,0.00027089688,-0.33591568,0.08601144
C3,1793.913,NA,NA,2858.6174,121.97054,0.023174776,-1793.9614,1903.7771,40.620834,20789.227,0.0016019898,-0.2973914,-0.024135139
C3,1798.204,NA,NA,2763.1199,77.770004,0.026299678,-2408.8662,2002.3713,41.769173,20192.78,0.004619697,-0.29223892,-0.13251178
C3,1802.495,NA,NA,2507.0034,-81.6033,0.015837727,-2051.825,2015.9752,44.006363,18482.844,-0.005161913,-0.2897386,-0.22893542
C3,1806.786,NA,NA,2232.6885,-77.137825,0.023464577,-1079.8784,1924.3691,44.741905,16496.428,0.0037311087,-0.21839653,-0.24010412
C3,1811.077,NA,NA,1983.7897,-40.890682,0.014016002,-246.78185,1776.8861,42.5088,14843.132,-0.0044256453,-0.1090055,-0.2295683
C3,1815.368,NA,NA,2047.3971,0.760679,0.015085687,-147.60365,1734.6082,41.78015,15821.6045,-0.0026088906,-0.097915515,-0.16214551
C3,1819.6589999999999,NA,NA,2661.3489,44.064445,0.018390343,-841.8509,1884.964,41.612,20758.002,0.00063161115,-0.12517937,-0.08432094
C3,1823.9499999999998,NA,NA,3466.2107,-7.5268927,0.019394098,-1655.1118,2205.671,41.297707,27005.475,0.0009865273,-0.13937014,-0.051028993
C3,1828.241,NA,NA,4252.048,-17.567663,0.02031863,-1674.9478,2621.0562,40.699356,32967.332,0.0010028125,-0.13861148,-0.020930687
C3,1832.532,NA,NA,4860.178,-106.18027,0.020920942,-583.98773,2996.529,39.96394,37400.023,0.0008762092,-0.1360196,0.007819388
C3,1836.8229999999999,NA,NA,5133.6865,-73.86243,0.020993615,1181.3837,3224.8848,40.06592,38980.473,0.000811981,-0.12782823,0.035939403
C3,1841.114,NA,NA,4993.1055,-41.432327,0.020309905,2609.5498,3269.462,40.54139,37582.746,0.000718701,-0.12221946,0.067602925
C3,1845.405,NA,NA,4398.701,-10.0584,0.018463101,2907.0845,3140.905,40.979595,33345.453,0.00046846748,-0.11005863,0.090215236
C3,1849.696,NA,NA,3526.833,18.46266,0.016262311,2312.0151,2872.1006,41.89447,27256.35,0.00096368167,-0.0999888,0.102869935
C3,1853.987,1.0,0.20777681920000002,2543.1013,43.58403,0.0100983055,1459.0829,2498.7998,43.02238,20196.822,-0.0019737019,-0.14201419,0.1021618
C3,1858.278,1.0,0.2071851823999999,1633.4501,59.183487,0.0020244422,1022.6989,2080.198,43.039135,13462.579,-0.0074416082,0.0050323806,0.11341153
C3,1862.569,1.0,0.2171982983999997,1443.7533,22.31076,0.0034328897,1062.3701,1735.9797,41.502316,12036.629,-0.005142553,0.11809495,0.012660927
C3,1866.86,1.0,0.22607525200000053,1812.6632,27.613756,0.009633378,1161.5483,1569.3762,41.43857,15257.37,3.1016352e-05,0.07989494,-0.16757467
C3,1871.1509999999998,1.0,0.21885669919999962,2289.6582,42.49501,0.01781559,1082.2058,1539.6382,43.89591,19796.814,0.006030596,0.17695005,-0.10301873
C3,1875.442,1.0,0.21486053600000024,2466.3743,70.01582,0.019302938,844.1782,1551.0055,45.593246,22043.236,0.0052232123,0.27651814,-0.13883416
C3,1879.733,3.0,0.21560000800000012,2362.0852,59.83423,0.013747196,685.49304,1533.6923,44.900555,21891.01,-0.0019193494,0.43704078,-0.041072924
C3,1884.024,1.0,0.21590929760000002,2240.8376,21.070349,0.014204325,566.47925,1469.7437,41.63853,21214.055,-0.0020296935,0.47016436,-0.025687085
C3,1888.315,1.0,0.20172940559999997,2370.2874,63.01262,0.019661667,288.78033,1413.0458,36.52855,22624.34,0.003717442,0.42664245,-0.03164718
C3,1892.606,1.0,0.2122333231999998,2655.0796,93.38518,0.016459415,-326.1244,1448.2555,31.891361,24908.7,0.0014818424,0.19767791,0.07751261
C3,1896.897,1.0,0.20834396160000063,2762.579,118.81102,0.012245481,-1099.7142,1600.136,28.237213,25442.672,-0.001273334,0.011248403,0.10284238
C3,1901.1879999999999,1.0,0.20422375759999928,2699.5774,97.72735,0.009661459,-1714.6188,1842.714,26.154022,24388.92,-0.0022926496,-0.12595211,0.10163508
C3,1905.4789999999998,2.0,0.21565716440000673,2731.958,72.65199,0.005128419,-2091.496,2121.8975,27.049603,23580.184,-0.005721837,-0.1541153,0.11362542
C3,1909.77,1.0,0.20574219360000007,2822.2756,0.5741637,0.012028356,-2289.8525,2359.6516,28.800058,23975.727,0.0013320525,-0.10547063,0.10696806
C3,1914.061,3.0,0.21637890359999942,2979.8496,19.155098,0.013687238,-2408.8662,2507.2275,29.4318,24418.816,0.00241754,0.03726448,-0.014796787
C3,1918.3519999999999,1.0,0.21796147040000025,3062.9265,0.29858738,0.013002617,-2448.5374,2511.7244,28.87755,25183.158,0.001062356,0.14074619,-0.040659137
C3,1922.643,1.0,0.20567793559999997,2969.6213,-139.61548,0.013892518,-2151.003,2347.0012,28.60518,25054.26,0.0014170697,0.22701219,0.07129017
C3,1926.934,1.0,0.2167238784000005,2774.8972,-118.15489,0.008640993,-1417.0845,2055.2393,29.64093,24093.77,-0.004324202,0.30816618,0.1097891
C3,1931.225,1.0,0.19995022320000053,2430.6118,-104.80661,0.013558961,-385.63132,1719.7515,32.153275,21355.123,-0.00021203632,0.37322947,0.12142105
C3,1935.516,0.0,0.17831336800000017,2134.8547,-83.86128,0.018270336,467.30112,1417.9303,32.372513,18732.475,0.0031423573,0.261847,0.110442005
C3,1939.8069999999998,1.0,0.2100953599999993,1742.6831,-55.637985,0.0167297,844.17816,1184.5327,30.513502,14995.009,-6.5364356e-06,0.15663815,0.0534744
C3,1944.098,2.0,0.20018506400000033,1472.689,-29.794624,0.020781934,685.49304,1072.9396,33.369164,12334.869,0.0027069838,0.07574354,-0.018486181
C3,1948.3890000000001,2.0,0.20808834800000048,1453.5581,2.3084767,0.01992424,149.93088,1127.023,35.467815,11824.33,0.0012063178,0.04705119,-0.082288295
C3,1952.6799999999998,2.0,0.20676734879999886,1732.2188,13.086644,0.018680034,-663.3302,1297.2533,32.94928,13974.442,-8.005028e-06,0.0918791,0.051651955
C3,1956.971,2.0,0.13757951080000194,2217.5186,1.9428117,0.01692331,-1357.5775,1485.1812,29.711927,17929.535,-0.0013992318,0.15161861,-0.020074049
C3,1961.262,1.0,0.13225145760000043,2878.733,-51.91473,0.017673008,-1595.605,1693.3413,23.662472,23510.549,-0.00019368406,0.14938633,-0.053132374
C3,1965.5529999999999,0.0,0.11573837480000063,3529.4795,-104.614174,0.017314676,-921.19336,2017.9564,17.073025,29070.178,-0.0002147085,0.11808859,-0.071067914
C3,1969.844,0.0,0.10430899360000001,4158.1133,-77.86716,0.017320631,625.98615,2515.7236,13.226792,34506.285,-6.149977e-05,0.086026244,-0.08603377
C3,1974.135,0.0,0.11239236279999994,4677.034,-51.11094,0.017364584,2669.0566,3114.977,11.434886,39016.766,6.807303e-05,0.065050125,-0.085750476
C3,1978.426,0.0,0.11491598720000001,5048.233,-24.286825,0.017466,4414.5923,3653.2778,10.8673315,42420.57,0.00032899264,0.031140275,-0.061340705
C3,1982.717,0.0,0.11770895079999968,5194.6016,2.6939516,0.016725276,5069.1685,3967.7043,11.234569,43951.715,-0.00010428137,-0.0032403735,-0.027608713
C3,1987.0079999999998,3.0,0.12329168559999902,5142.8696,28.53049,0.016389975,4454.2637,3952.4988,11.250304,43503.145,5.4918895e-05,-0.030581951,0.0016086367
C3,1991.299,0.0,0.10569413279999919,4957.6104,53.849068,0.01546013,2887.2485,3598.3174,9.826818,41902.004,-0.00015035536,-0.059873953,0.029646821
C3,1995.59,0.0,0.1176543072000004,4609.8037,77.73126,0.014422836,963.1921,3022.1855,8.056757,38241.297,-0.0002626693,-0.06731502,0.043551523
C3,1999.8809999999999,0.0,0.09653447560000114,4243.771,100.01108,0.013135276,-742.6727,2478.71,7.7004266,34764.734,-0.00054367934,-0.05096915,0.045687277
C3,2004.172,0.0,0.07818963200000026,3839.8347,120.30193,0.0112963,-1952.6465,2264.4268,8.5155325,31447.434,-0.0014776656,-0.010871966,0.054658335
C3,2008.463,0.0,0.058415705999999866,3577.7053,137.75201,0.011437829,-2666.7295,2444.2666,9.680252,29297.375,-0.0007515001,0.042881887,0.07174955
C3,2012.754,0.0,0.05186899039999963,3456.8115,155.42072,0.01116944,-3122.949,2779.6338,11.228002,28267.268,-0.00089409295,0.087589554,0.09779962
C3,2017.045,0.0,0.0667904800000004,3473.3696,52.674805,0.012588003,-3380.8123,3027.8877,13.580202,28303.826,0.0001960286,0.11756931,0.12514597
C3,2021.336,3.0,0.1484916255999999,3651.8633,-47.87975,0.013730045,-3440.3193,3082.1736,14.506307,29628.062,0.0006917325,0.14066881,0.1400587
C3,2025.627,2.0,0.12905781359999854,3801.533,-146.67014,0.014189346,-2944.4285,2933.0732,12.148079,30701.852,0.00041619246,0.11070522,0.13585414
C3,2029.9180000000001,2.0,0.15974177760000122,3993.8464,-124.75099,0.015219291,-2012.1534,2654.0828,8.531639,32098.803,0.00079497485,0.05383081,0.1093679
C3,2034.2089999999998,2.0,0.17104294599999406,4216.3228,-101.240845,0.015330823,-643.4946,2447.6094,6.524317,33709.86,0.0003845788,0.0150812995,0.072133966
C3,2038.5,2.0,0.12911397360000007,4422.878,-77.558395,0.015036698,963.19196,2613.6465,6.207722,35164.92,-0.00035231365,-0.0014287101,0.02680821
C3,2042.791,1.0,0.14934062839999943,4756.1143,-54.330303,0.015998524,2629.3855,3214.8018,6.6891155,37569.918,0.00013708374,0.0022422473,-0.023625322
C3,2047.0819999999999,1.0,0.15244037600000113,5248.72,-29.616428,0.01670409,4374.9214,3950.165,7.8086224,41118.78,0.0002589339,0.025113635,-0.0628954
C3,2051.373,1.0,0.14455839519999647,5753.241,-3.8126156,0.017224044,5604.731,4485.485,8.679305,44564.21,7.463698e-05,0.04253091,-0.09148566
C3,2055.6639999999998,0.0,0.11327506000000016,6339.6914,22.7944,0.01868949,5783.252,4657.942,7.404676,48390.09,0.00078309764,0.0556994,-0.10240725
C3,2059.955,1.0,0.11992411720000107,6884.2812,51.66518,0.019272417,4216.2363,4533.215,5.198946,51625.582,0.0006696906,0.06406318,-0.08556525
C3,2064.246,0.0,0.10836979199999985,7165.611,81.43645,0.019509526,1002.86316,4361.4575,4.0663657,52628.363,0.00035637768,0.060512383,-0.058896806
C3,2068.537,0.0,0.12087803200000001,7265.443,111.57398,0.019967489,-2686.5652,4385.572,4.258192,52195.777,0.00045152067,0.05360916,-0.033846483
C3,2072.828,0.0,0.12239583759999978,7091.826,142.41895,0.019846387,-5523.061,4627.266,5.380842,49965.39,0.00016252953,0.041819733,-0.017241849
C3,2077.1189999999997,0.0,0.1131696931999996,6650.487,53.07685,0.019775517,-6375.9937,4866.702,6.8934784,46128.082,6.598316e-05,0.027440496,-0.0067298147
C3,2081.41,0.0,0.11409415679999989,6038.3604,-76.374725,0.019563261,-5265.1978,4836.7847,8.0067625,41355.223,-0.00013105976,0.015078809,-0.0059542656
C3,2085.701,0.0,0.11782759839999934,5303.915,-126.154175,0.019388424,-2984.0996,4417.4927,7.9332485,35947.277,-0.0004080382,-0.0063936445,-0.012866391
C3,2089.992,3.0,0.14679445040000574,4571.8164,-96.203705,0.019589504,-564.1521,3703.8074,7.164382,30733.504,-0.0006417332,-0.019816399,-0.020267222
C3,2094.283,0.0,0.12156196319999985,3906.513,-65.942635,0.020684201,1359.9048,2961.8064,6.997439,26106.777,-0.0005344996,-0.028266642,-0.030342631
C3,2098.574,3.0,0.13323038239999485,3364.9893,-33.990505,0.023091152,2510.3716,2450.9822,8.317985,22400.158,0.00023472123,-0.027760532,-0.031149574
C3,2102.865,0.0,0.12188320480000012,2931.2776,1.6797848,0.025810974,2688.8926,2221.8174,11.1311035,19506.604,0.00089487643,0.0045095813,-0.018042829
C3,2107.156,0.0,0.11565438799999976,2675.9817,41.551544,0.029957268,1835.9598,2162.2495,13.454577,17842.76,0.0030862913,0.04632433,0.005495707
C3,2111.447,0.0,0.09551902479999905,2657.3354,87.82834,0.031384565,-8.754238,2175.3293,13.695919,17688.686,0.0032217233,0.10155495,0.044326067
C3,2115.738,0.0,0.10444792479999998,2801.9001,136.30995,0.028932972,-2031.9891,2206.9019,13.699284,18660.293,0.0004818987,0.13436505,0.07583502
C3,2120.029,0.0,0.10187128319999986,3140.5825,-18.995552,0.027217329,-3083.2778,2227.1206,13.902898,21173.217,-0.000543399,0.107270345,0.10224107
C3,2124.3199999999997,0.0,0.09398175040000023,3562.174,-136.95132,0.025447832,-2547.7156,2267.3953,14.033492,24352.023,-0.0009897685,0.07383895,0.13379516
C3,2128.611,0.0,0.09445646280000004,3817.0747,-97.6405,0.023680503,-464.97385,2362.4255,14.528359,26163.906,-0.0012564484,0.039587233,0.15359971
C3,2132.902,0.0,0.08858864960000015,3902.601,-61.05983,0.022745086,1915.3025,2481.2412,14.951636,26702.22,-0.0007470221,0.0038791234,0.17207247
C3,2137.193,0.0,0.09614856239999933,3794.7925,-25.924124,0.021906637,3402.975,2572.4055,15.405206,25887.47,-0.00014153698,-0.019985067,0.18696472
C3,2141.484,0.0,0.09099977920000006,3484.327,7.9163775,0.020692203,3343.4683,2588.4473,16.969673,23731.727,0.00022621785,-0.041510396,0.19002949
C3,2145.775,0.0,0.08923781680000116,2957.7385,39.880867,0.017040616,2014.481,2464.6228,20.236994,20184.904,-0.0017606094,-0.06430422,0.18966392
C3,2150.066,3.0,0.13388555839999994,2343.2695,66.20453,0.016181896,586.31494,2155.63,23.496744,16102.203,-0.0008470735,-0.08429519,0.16497117
C3,2154.357,2.0,0.15351442479999564,1846.6135,91.201675,0.012791415,-167.43929,1705.6661,23.41945,12887.397,-0.002428121,-0.09916112,0.08596948
C3,2158.648,1.0,0.12481278959999836,1478.2438,50.961346,0.017021708,-107.93239,1269.1404,22.50322,10488.959,0.0030362408,-0.14376767,-0.045512386
C3,2162.939,3.0,0.1268071979999995,1405.1758,77.2558,0.0047187745,189.60219,1054.2861,22.769024,10053.754,-0.009169355,-0.27414292,-0.23173203
C3,2167.23,0.0,0.12281106559999948,1566.0714,84.545166,0.01521419,50.7527,1126.1443,25.225088,11345.181,0.00018709862,-0.31354794,-0.35122612
C3,2171.5209999999997,3.0,0.13280315080000324,1994.743,108.04743,0.022205217,-742.6727,1343.8313,28.206505,14645.458,0.005140474,-0.2238285,-0.31747532
C3,2175.812,2.0,0.144564436799997,2305.8154,102.34917,0.02182849,-1793.9614,1571.4731,28.457205,17091.95,0.0024946716,-0.15921253,-0.29984626
C3,2180.103,2.0,0.1353835344000042,2494.0413,-23.931051,0.022848507,-2289.8525,1724.0664,24.273577,18615.84,0.0017263638,-0.11708082,-0.23127
C3,2184.3940000000002,0.0,0.12213706079999882,2592.9119,-68.63559,0.022398261,-1893.1395,1771.7979,17.933056,19421.22,0.0005536313,-0.057185784,-0.21473582
C3,2188.685,0.0,0.12077820760000013,2579.3154,-114.03566,0.021832876,-722.8371,1760.7566,13.879631,19349.143,0.0002406036,-0.007193936,-0.2182649
C3,2192.976,2.0,0.1579155920000028,2552.7375,-80.3091,0.020587407,665.6575,1766.2327,11.896408,19123.438,-0.0003468784,0.04778634,-0.23680441
C3,2197.267,2.0,0.13677558360000003,2482.6301,-48.506496,0.01890783,1736.7817,1826.2756,11.751832,18448.004,-0.0012536717,0.10772255,-0.24838918
C3,2201.558,2.0,0.14936290239999545,2512.4912,-19.298439,0.019337865,2312.0154,1920.2882,14.341271,18638.834,-0.00013423321,0.1321799,-0.22591779
C3,2205.849,2.0,0.1489010183999993,2585.044,10.573917,0.017949775,2351.6865,1973.9852,17.434427,19212.51,-0.0010776027,0.15435553,-0.20843962
C3,2210.14,1.0,0.12338984479999905,2676.043,38.302017,0.018813742,1816.1245,1928.1945,17.607924,19618.34,-6.3496824e-05,0.120728254,-0.21381855
C3,2214.431,0.0,0.07468355959999995,2843.6099,67.36473,0.018933488,864.01385,1828.9204,15.322723,20594.988,-6.2921936e-05,0.076620735,-0.24901658
C3,2218.7219999999998,0.0,0.08029990240000022,2975.74,96.61243,0.01953961,-405.46692,1812.6606,13.581029,21590.51,0.00047494977,0.03662851,-0.30488345
C3,2223.013,0.0,0.07354088799999979,3078.7253,126.796425,0.019621463,-1615.4408,1951.2212,13.792431,22499.906,0.00081895257,-0.012463278,-0.3807284
C3,2227.304,0.0,0.07356811600000017,3068.6516,117.10688,0.020935185,-2428.702,2164.6067,16.085075,22608.416,0.0026529387,-0.028468344,-0.5136239
C3,2231.5950000000003,0.0,0.07297903759999792,3039.0408,-50.553284,0.011311009,-2646.8938,2331.5408,19.561216,22569.422,-0.0063913204,-0.051274538,-0.4945587
C3,2235.886,0.0,0.07389925600000008,3018.3794,-53.08049,0.018661913,-2369.1948,2364.9487,20.72884,22468.877,0.0013235026,-0.04998909,-0.39917117
C3,2240.177,0.0,0.08595607960000191,3052.6943,-64.252304,0.017645346,-1774.1259,2263.6802,18.410194,22661.633,0.0002711318,-0.04192339,-0.29259157
C3,2244.468,0.0,0.08485255040000006,3193.4312,-116.99449,0.017912604,-921.19336,2154.4346,15.172518,23591.518,0.00012963162,-0.018386973,-0.22943677
C3,2248.759,0.0,0.07879964240000015,3398.2412,-89.32382,0.019016013,288.7804,2223.1987,13.763652,24952.293,0.0006528334,0.028254483,-0.17207
C3,2253.05,0.0,0.07153996639999885,3675.8896,-59.948643,0.019248463,1776.4531,2504.955,14.732692,26810.904,0.00043799475,0.07810405,-0.12408723
C3,2257.341,0.0,0.0754922016000005,3888.6167,-30.21439,0.018839465,3105.4404,2857.255,16.39209,28200.225,-0.0002487307,0.16226752,-0.10474263
C3,2261.632,0.0,0.07411559039999914,4177.091,-1.1119409,0.0199274,3839.3594,3092.3503,16.54728,30106.246,0.00062358985,0.14547852,-0.09184011
C3,2265.923,0.0,0.07623115759999992,4443.0923,29.671108,0.019364476,3581.496,3120.5857,13.919605,31914.0,-6.575587e-05,0.15340434,-0.10147704
C3,2270.214,0.0,0.08373400960000017,4619.715,59.58458,0.019523157,2153.33,3025.2913,10.48861,33249.008,3.679497e-06,0.15232304,-0.115882605
C3,2274.505,0.0,0.09088733040000035,4817.4185,89.74318,0.01958245,-68.26114,3012.164,7.9506626,34601.74,-1.9946327e-05,0.17026976,-0.09823397
C3,2278.796,1.0,0.14703381919999997,4898.071,119.99337,0.019563954,-2468.3733,3193.353,6.8681903,34771.16,-0.00012933985,0.20034017,-0.07126909
C3,2283.087,1.0,0.14700995239999748,4983.4272,150.21498,0.020270742,-4293.2515,3466.9531,7.6621823,35386.09,0.00044126777,0.21595056,-0.03941067
C3,2287.3779999999997,1.0,0.15998087680000006,4924.0137,-58.4716,0.01945098,-4828.814,3644.6736,9.861233,35168.805,-0.000558491,0.26407936,-0.0055998694
C3,2291.669,1.0,0.14450478040000014,4792.0107,-148.4245,0.020856302,-3856.8677,3600.2021,11.107878,34133.633,0.0006116922,0.29714,0.036551423
C3,2295.96,1.0,0.13410173839999967,4608.0103,-116.20651,0.02030296,-1674.9478,3334.8894,10.5451765,32843.953,-0.00017266379,0.32620066,0.08401704
C3,2300.251,0.0,0.12201780240000108,4200.9517,-84.84331,0.020858632,824.3425,2955.3513,10.047184,29980.152,0.00037702802,0.37190682,0.12994279
C3,2304.542,1.0,0.1254717055999995,3806.3286,-52.62173,0.022108912,2530.2073,2600.5234,11.834959,27375.104,0.0021132447,0.3268289,0.15754315
C3,2308.833,1.0,0.14392606840000882,3172.2412,-18.468767,0.01873124,2788.0708,2354.9795,16.422522,22947.611,-0.0003055207,0.26398358,0.18766266
C3,2313.124,0.0,0.11906521280000025,2544.4905,10.466502,0.01603455,1855.7955,2191.07,22.128849,18674.518,-0.0021869468,0.1833993,0.19209242
C3,2317.415,0.0,0.10077965640000111,1964.3201,35.23603,0.012952858,606.1506,2008.6981,25.180428,14608.809,-0.0052348822,0.09897068,0.20511788
C3,2321.706,0.0,0.1150208783999995,1561.84,35.245087,0.018863745,-28.58979,1785.5054,24.623466,11850.826,-5.5880104e-05,-0.0119822025,-0.03132889
C3,2325.997,0.0,0.11759558200000003,1537.7345,-35.61495,0.027318055,348.28723,1643.2299,23.79701,11984.535,0.0073603466,-0.07243053,-0.26804024
C3,2330.288,0.0,0.1057320896000002,1918.8398,-33.415115,0.02285246,1300.3977,1695.637,24.315636,15162.681,0.002231591,-0.034262046,-0.38605028
C3,2334.5789999999997,0.0,0.1211788908000001,2514.996,1.8864534,0.017088868,2173.1658,1832.6311,24.259289,20539.713,-0.0032602798,-0.060422897,-0.2887797
C3,2338.87,0.0,0.11149440800000039,2929.2373,28.28465,0.019572211,2292.1797,1879.7706,20.156092,24728.727,0.0003615659,-0.038078148,-0.22287165
C3,2343.161,1.0,0.11924053999999824,3374.3481,58.519028,0.015879057,1578.0968,1825.7368,15.391412,29719.562,-0.0018403563,-0.054572396,-0.15210849
C3,2347.452,0.0,0.10850710239999818,3344.9275,83.048355,0.015357043,288.78036,1791.6926,11.489067,30764.477,-0.0013333324,-0.041543696,-0.115704745
C3,2351.743,0.0,0.11812447160000081,3685.731,106.7713,0.017137378,-1099.7142,1916.0542,8.602305,35924.79,0.0010779875,-0.09091682,-0.05147767
C3,2356.034,2.0,0.13800879999999358,3385.4429,133.24443,0.011132027,-2270.0166,2141.845,7.0256004,34841.285,-0.003685491,-0.11229817,-0.024791082
C3,2360.325,0.0,0.12203214039999999,3629.5186,150.44075,0.025191613,-3023.7708,2310.143,7.0369625,39637.035,0.012684048,-0.2023858,-0.0016714731
C3,2364.616,1.0,0.14304837759999958,3549.384,-10.6442585,0.0,-3241.9631,2310.3813,6.830045,40468.64,-0.009257377,-0.18340966,-0.0026235315
C4,1394.85,NA,NA,1876.1597,56.487274,0.001237974,-425.3026,823.33856,31.743357,18866.195,-0.0032253047,-0.09452287,0.11281522
C4,1399.1409999999998,NA,NA,1902.7181,18.399647,0.0132761765,-623.65894,981.4846,45.026253,18252.594,0.0052067805,-0.16184619,-0.057033643
C4,1403.432,NA,NA,1710.7786,38.908157,0.015856992,-365.79562,1081.982,48.346382,15344.4795,0.0038643975,-0.1077932,0.0292316
C4,1407.723,NA,NA,1799.175,23.403399,0.02030518,110.25961,1173.4331,42.40124,15402.043,0.004724245,-0.016223483,0.075354524
C4,1412.014,NA,NA,1858.6619,74.770035,0.016699156,149.9309,1331.2808,39.14777,15196.241,-0.0016627322,-0.051918373,0.23709144
C4,1416.3049999999998,NA,NA,2384.4187,100.56622,0.022695955,-564.15204,1575.8645,39.50999,18821.004,0.0024694551,0.17489317,0.05927865
C4,1420.596,NA,NA,2649.1545,135.62604,0.022842364,-1853.4685,1828.8494,38.394398,20155.336,0.0014237436,0.21458036,-0.0033245352
C4,1424.887,NA,NA,2783.0962,90.912,0.023569733,-2607.2227,1983.8334,35.673912,20493.928,0.0016394234,0.19961691,-0.008748531
C4,1429.1779999999999,NA,NA,2680.0608,-112.67843,0.022296514,-2250.181,1978.0098,32.693607,19131.352,0.0010129554,0.1811988,-0.023203108
C4,1433.4689999999998,NA,NA,2360.231,-118.23565,0.021884881,-1079.8785,1814.2609,32.687252,16375.478,0.0023468276,0.10472475,-0.04726174
C4,1437.76,NA,NA,1995.5499,-84.42877,0.013782029,149.93091,1548.9357,32.223625,13489.3,-0.004071413,0.09256622,-0.04764109
C4,1442.051,NA,NA,1529.8574,-43.13884,0.006173181,864.01373,1268.8925,30.616829,10320.098,-0.011070988,0.12481054,0.0043922
C4,1446.3419999999999,NA,NA,1332.4578,-13.6027565,0.020643208,963.19196,1073.6161,38.03194,8931.844,0.0025402277,-0.05419983,-0.16326489
C4,1450.6329999999998,NA,NA,1321.858,-21.713955,0.02955284,526.8079,1023.8075,53.377213,9013.913,0.009163437,-0.043097522,-0.21301688
C4,1454.924,NA,NA,1395.0466,23.938087,0.018543486,-127.76801,1099.1584,51.74358,9676.738,-0.004723439,0.0015479989,-0.14737402
C4,1459.215,NA,NA,1678.6274,32.583324,0.031136312,-504.64514,1233.4883,39.401703,11670.719,0.005608658,0.034921568,-0.16549301
C4,1463.5059999999999,NA,NA,2137.9595,-79.31856,0.029177686,-246.7818,1475.9137,33.226757,14769.387,0.0028111388,0.039436977,0.019542694
C4,1467.797,NA,NA,2608.2915,-74.24605,0.025664363,804.5069,1828.8177,32.12123,17753.791,-0.00030501085,0.011917989,-0.06265155
C4,1472.088,NA,NA,3058.514,-34.600754,0.023846164,2133.4944,2160.834,31.618279,20499.201,-0.0010550837,-0.00494247,-0.025119808
C4,1476.379,NA,NA,3347.208,2.2358427,0.02154499,2946.7556,2353.5762,30.280643,22000.895,-0.0018495056,-0.017975569,0.0190462
C4,1480.6699999999998,NA,NA,3453.406,35.51768,0.020656485,2589.714,2379.8345,29.934557,22278.828,-0.0012553061,-0.02819591,0.0523968
C4,1484.961,NA,NA,3400.2585,67.42699,0.020750072,1082.2056,2270.6099,30.35258,21814.914,9.5652e-05,0.0023991796,0.07768374
C4,1489.252,NA,NA,3107.6963,99.48087,0.019157056,-703.0014,2075.2217,30.078243,19848.01,0.00017867557,0.050315302,0.09421086
C4,1493.543,NA,NA,2666.118,49.07394,0.019616261,-1694.7833,1853.8136,28.817375,16931.09,0.0029419512,0.0818851,0.08991112
C4,1497.8339999999998,NA,NA,2172.7996,-40.62365,0.011118162,-1317.9061,1656.3912,28.942392,14035.21,-0.003316951,0.008161068,0.028895034
C4,1502.125,NA,NA,1820.0187,-3.4487567,0.0017889993,-266.61746,1565.0414,33.13969,12134.449,-0.011476168,0.01857551,-0.08227367
C4,1506.416,NA,NA,1882.4618,39.314816,0.01483049,249.10905,1637.2787,38.588852,12665.063,0.00092201703,0.11822067,-0.22027305
C4,1510.7069999999999,NA,NA,2290.8257,42.224373,0.019862102,-405.46692,1811.6848,40.64836,15296.103,0.003502619,0.07907311,-0.34076115
C4,1514.9979999999998,NA,NA,2745.7622,72.90655,0.02386056,-1853.4683,2012.6942,36.48872,18052.496,0.004033742,0.011209488,-0.39704424
C4,1519.289,NA,NA,3220.2053,-10.234614,0.025902815,-2924.5928,2186.6533,31.11425,20764.818,0.002836334,-0.11378898,-0.358167
C4,1523.58,NA,NA,3583.8066,-130.22098,0.026869874,-2408.8662,2322.0256,28.068298,22786.508,0.0017414112,-0.22031635,-0.3017971
C4,1527.8709999999999,NA,NA,3719.6116,-88.71348,0.026712023,-226.94623,2405.5344,27.12186,23395.492,0.00066380645,-0.13042419,-0.2695365
C4,1532.1619999999998,NA,NA,3650.1567,-47.449814,0.02661798,2133.4944,2425.5798,25.704071,22736.814,0.0002963143,-0.091583915,-0.23521598
C4,1536.453,NA,NA,3384.7773,-6.331425,0.025884962,3125.2764,2371.3633,23.788595,20902.723,-0.00012235514,-0.055707294,-0.20680565
C4,1540.744,NA,NA,2964.5422,33.654625,0.025501354,2351.6865,2244.6208,25.72363,18193.977,0.00065378577,-0.026921537,-0.18982895
C4,1545.0349999999999,NA,NA,2495.4653,73.0481,0.026751619,824.3425,2033.6224,30.70493,15287.726,0.0038448481,0.009309345,-0.17602508
C4,1549.326,NA,NA,2029.981,114.37294,0.015113466,-405.46695,1737.863,29.724876,12521.598,-0.005625437,0.05174475,-0.17991972
C4,1553.617,NA,NA,1634.1317,37.7196,0.013041515,-822.0153,1449.8984,26.269266,10191.926,-0.006259646,0.103828035,-0.1844538
C4,1557.908,NA,NA,1442.9019,37.86561,0.01832181,-742.67267,1292.962,30.83964,9045.631,-0.0011821602,0.24132644,-0.11673207
C4,1562.1989999999998,NA,NA,1593.5132,46.16841,0.020827226,-703.00146,1280.222,44.836353,9870.519,-0.00075250544,0.051512614,-0.06059983
C4,1566.49,NA,NA,1794.6666,18.341476,0.030555569,-802.1796,1321.8877,53.711014,11085.774,0.005652945,0.0764273,-0.163091
C4,1570.781,NA,NA,1933.8934,-14.4574995,0.031918053,-802.17957,1374.0078,53.074425,12024.509,0.0037997381,0.12630995,-0.17145525
C4,1575.072,NA,NA,2021.9946,-45.151775,0.03317554,-464.9738,1444.5912,52.68663,12705.166,0.0030839823,0.16634788,-0.07697397
C4,1579.3629999999998,NA,NA,2120.6948,-33.903534,0.03149984,249.10907,1522.4714,53.27468,13446.84,0.0009098746,0.17663778,-0.007812553
C4,1583.654,NA,NA,2238.3096,-25.24384,0.028465688,844.1781,1597.4015,51.517097,14310.692,-0.0014685058,0.18256328,0.048531532
C4,1587.945,NA,NA,2372.9294,18.728819,0.027610106,804.5069,1657.704,49.2419,15269.973,-0.001106894,0.1727283,0.076250315
C4,1592.2359999999999,NA,NA,2530.0635,21.379805,0.027123861,11.081434,1695.8252,49.39684,16437.69,-0.00027850876,0.11761006,0.094688125
C4,1596.527,NA,NA,2572.2607,63.279663,0.025545692,-941.02905,1713.2886,49.78571,16984.244,-0.00053418544,0.13622744,0.12512636
C4,1600.818,NA,NA,2504.7974,-57.25837,0.02460228,-1317.9061,1715.0415,48.052998,16679.54,0.00043133818,0.14816768,0.09978482
C4,1605.109,NA,NA,2404.651,-19.253757,0.022720093,-1159.2212,1692.1766,44.837925,16127.6045,0.0016925314,0.15674827,0.070951276
C4,1609.3999999999999,NA,NA,2234.4287,-64.15666,0.019536028,-722.83716,1624.4033,42.864326,15285.864,0.002401364,0.15916689,0.1017882
C4,1613.6909999999998,NA,NA,2002.2439,-73.978195,-0.00050484866,30.917074,1520.1268,43.877132,14117.102,-0.014194838,0.15232426,0.13608664
C4,1617.982,NA,NA,1812.2869,-54.75806,0.005891733,725.1643,1441.313,44.68837,13254.3545,-0.0058210026,0.22541697,0.15634036
C4,1622.273,NA,NA,1939.3798,-65.65675,0.016147468,1062.3701,1495.0424,43.95988,14348.276,0.004607391,0.10553159,0.036567
C4,1626.5639999999999,NA,NA,2109.6216,-40.712784,0.015931873,1240.891,1691.9261,43.79547,15465.835,0.0032100894,0.015100373,0.008022864
C4,1630.855,NA,NA,2414.3306,-16.101871,0.016005222,1617.7681,1914.8306,43.73931,17544.506,0.0016545743,-0.07919402,-0.012811555
C4,1635.146,NA,NA,2720.6892,8.622358,0.014044644,2133.4949,2053.1064,43.515205,19938.135,-0.0013933722,-0.16462615,-0.0619341
C4,1639.437,NA,NA,2943.9282,30.317963,0.015675465,2113.659,2078.3853,41.7766,21828.508,-8.369858e-05,-0.18545726,-0.07794431
C4,1643.7279999999998,NA,NA,3117.6475,54.53279,0.018018506,1340.0692,2025.4581,38.194805,23449.352,0.002341582,-0.13832705,-0.03252636
C4,1648.019,NA,NA,3049.0867,82.36706,0.015524821,209.43785,1927.3094,34.351597,23287.186,0.00011712142,-0.093895994,0.051112387
C4,1652.31,NA,NA,2831.0442,106.34918,0.014434038,-643.49457,1804.2991,34.492474,21835.398,-0.0005594838,-0.06356791,0.123892814
C4,1656.6009999999999,NA,NA,2628.5862,88.64631,0.010691237,-1238.5638,1708.0033,40.321846,20436.537,-0.0037438774,-0.018626664,0.16306551
C4,1660.8919999999998,NA,NA,2409.808,65.161705,0.01819253,-1417.0842,1697.5992,41.922894,18941.004,0.0044602063,-0.02275761,0.13919033
C4,1665.183,NA,NA,2196.6292,13.264795,0.0106576,-1317.9064,1759.9501,37.56655,17703.412,-0.0024189164,-0.00615663,0.10055052
C4,1669.474,NA,NA,1953.6836,49.72823,0.013852143,-1198.8923,1842.0315,32.205338,16283.129,0.0010527032,0.0041526686,0.23459989
C4,1673.7649999999999,NA,NA,1988.4872,91.12646,0.006140422,-1476.5913,1943.0151,29.641518,16802.46,-0.0067649307,0.10358318,0.21879408
C4,1678.056,NA,NA,2241.5854,40.61194,0.018291228,-2012.1534,2064.9744,29.526651,18702.986,0.00507111,0.23487952,0.11706906
C4,1682.347,NA,NA,2674.068,-51.1325,0.016360035,-2349.3591,2163.6245,27.741652,21520.336,0.0026481836,0.1476864,0.18107422
C4,1686.638,NA,NA,3058.616,-65.860176,0.012359819,-2309.688,2177.4114,21.041512,23923.252,-0.0019357527,0.121253304,0.24386308
C4,1690.9289999999999,NA,NA,3441.4163,-126.76723,0.012806565,-1793.9615,2130.1025,14.429679,26550.21,-0.0020731324,0.110536546,0.29797173
C4,1695.2199999999998,NA,NA,4019.4062,-106.98415,0.016757987,-742.6727,2232.3447,10.373284,30856.031,0.0012603453,0.05148085,0.24671443
C4,1699.511,NA,NA,4615.953,-81.09708,0.017707847,1002.8633,2690.9011,8.528214,35295.93,0.0014276264,0.024440102,0.18363605
C4,1703.802,NA,NA,5149.207,-53.742706,0.018126123,3085.605,3401.6396,8.52637,39114.996,0.0009747785,0.03507797,0.13370207
C4,1708.0929999999998,NA,NA,5593.2065,-25.742197,0.018183395,4910.4834,4076.388,9.494178,42213.695,0.0004727294,0.045190625,0.09143172
C4,1712.384,NA,NA,5884.487,2.3467844,0.01796435,5664.238,4474.6987,9.786948,44461.33,0.000115125295,0.051914267,0.053083472
C4,1716.675,NA,NA,6030.4272,30.097391,0.017626842,5009.6616,4485.1924,8.530677,45872.453,-0.00012722405,0.05768638,0.019062571
C4,1720.966,NA,NA,6055.0693,57.326633,0.017303532,3125.2764,4162.8545,6.676661,46452.055,-0.00031353196,0.06182644,-0.00039609274
C4,1725.257,NA,NA,6001.974,84.05643,0.017292649,586.31476,3749.1072,5.3546886,46458.316,-0.00022991946,0.059946854,-0.0038155979
C4,1729.548,NA,NA,5906.5605,110.76943,0.017563242,-1992.3179,3578.0173,5.0592403,46002.715,7.0082606e-05,0.04656659,0.004791578
C4,1733.839,NA,NA,5742.0317,137.90042,0.017669505,-4055.2239,3761.9324,6.0868015,44745.758,0.0001623824,0.0036737125,0.03614791
C4,1738.1299999999999,NA,NA,5483.2803,85.19557,0.017575271,-5086.6772,4051.1238,8.244234,42580.83,1.5106301e-05,-0.07008759,0.08764204
C4,1742.4209999999998,NA,NA,5149.794,-47.654854,0.017426323,-4908.1567,4136.5625,10.400066,39882.87,-0.0002540609,-0.13183564,0.15108082
C4,1746.712,NA,NA,4717.4976,-140.73537,0.017518435,-3559.333,3880.513,11.061377,36338.348,-0.00035952096,-0.15476415,0.23215328
C4,1751.003,NA,NA,4222.157,-113.6736,0.018715702,-1575.7694,3330.675,10.852612,32209.041,0.0010655032,-0.14773305,0.33824787
C4,1755.2939999999999,NA,NA,3644.4092,-84.76232,0.018910991,407.79416,2663.8696,11.213383,27478.723,0.0023866598,-0.11112036,0.39634123
C4,1759.585,NA,NA,2962.991,-55.549385,0.018574785,1677.2749,2098.4626,12.992832,22039.852,0.003785987,-0.05918823,0.35704952
C4,1763.876,NA,NA,2281.063,-26.855797,0.00024016429,1954.9738,1770.3741,17.50264,16756.074,-0.01289988,0.014562289,0.33066225
C4,1768.167,NA,NA,1821.3462,-6.484799,0.012328643,1498.7542,1652.3005,25.797781,13219.065,-3.7333037e-05,0.069788404,0.27989542
C4,1772.458,NA,NA,1686.6322,12.559997,0.01373486,983.0276,1577.6467,36.516037,12106.8955,0.00074306154,0.13137415,0.13733093
C4,1776.749,NA,NA,1701.4805,-6.222943,0.017061407,625.98615,1448.0876,42.501987,12114.799,0.002023935,0.11639301,0.055928655
C4,1781.04,NA,NA,1721.7654,20.13284,0.018572738,487.13666,1305.364,41.815765,12242.52,0.00065934093,0.09072569,0.026652575
C4,1785.331,NA,NA,1783.5156,8.823261,0.022642702,407.79413,1232.6741,42.530285,12748.84,0.0019512922,0.055648513,0.0459795
C4,1789.6219999999998,NA,NA,1856.5901,43.8008,0.025624186,169.76646,1264.941,46.509106,13369.814,0.0025774948,-0.0014790694,0.12505671
C4,1793.913,NA,NA,1873.5042,83.38402,0.026143264,-385.6313,1355.7764,49.587917,13618.809,0.0011659461,-0.009256946,0.17949194
C4,1798.204,NA,NA,1856.3882,43.769085,0.027403893,-1040.2073,1423.8624,49.80916,13760.171,0.0012230609,0.03604844,0.20941949
C4,1802.495,NA,NA,1902.3496,-33.898476,0.028919872,-1377.4131,1433.2739,44.79034,14433.192,0.002462684,0.1103642,0.2830814
C4,1806.786,NA,NA,2093.8196,-69.22422,0.025969995,-1159.2212,1424.562,35.863716,16170.46,0.00015034142,0.0013748275,0.33824307
C4,1811.077,1.0,0.2273905812000057,2354.3896,-69.106804,0.023209415,-306.28873,1507.2502,29.7278,18383.258,-0.0012738775,-0.08443681,0.34641972
C4,1815.368,0.0,0.24938987039999955,2636.4993,-73.25382,0.02155489,1002.8633,1718.7881,26.98683,20450.738,-0.0012000385,-0.09880582,0.32332265
C4,1819.6589999999999,1.0,0.26575300000000157,2830.0095,-39.9567,0.01956391,2212.837,1962.6298,26.067602,21707.512,-0.0014370666,-0.118201286,0.2590276
C4,1823.9499999999998,1.0,0.24614158620000579,2900.313,-9.735155,0.01844909,2708.728,2130.8635,25.805372,21953.213,-0.0010531838,-0.15008205,0.19839133
C4,1828.241,2.0,0.2662967878000006,2858.5251,18.76426,0.017566465,2331.851,2156.6418,25.717762,21346.541,-0.0007468541,-0.17939946,0.16674283
C4,1832.532,1.0,0.2445709804,2678.3867,45.90023,0.017186237,1399.5759,2009.7489,25.507298,19863.914,7.686882e-05,-0.19019832,0.12338909
C4,1836.8229999999999,1.0,0.22328096620000012,2405.4749,72.44884,0.015592848,467.30106,1713.0629,24.831219,17836.678,-4.911855e-05,-0.14424841,0.09438051
C4,1841.114,2.0,0.2717741267999946,1984.9498,96.53605,0.015851188,-127.76801,1363.2744,24.213623,14701.382,0.0016474591,-0.053149726,0.06339375
C4,1845.405,2.0,0.24159981119999865,1623.4755,101.02233,0.005144688,-266.61746,1116.8641,25.36743,11977.176,-0.008182604,0.07376596,0.04620666
C4,1849.696,1.0,0.26953616620000126,1655.8317,68.969635,0.012805998,-306.28873,1096.4556,28.518799,12361.651,-0.000659427,0.06711642,-0.05592113
C4,1853.987,1.0,0.26709412879999217,1968.9458,108.75183,0.016801497,-663.3302,1267.9952,31.64332,15245.255,0.0022717067,0.096358486,-0.086743966
C4,1858.278,2.0,0.25827256120000197,2341.3384,54.706116,0.018919038,-1218.728,1557.0542,32.009064,18806.287,0.0033737724,-0.039525006,0.0062689516
C4,1862.569,0.0,0.23539586660000178,2583.4873,43.93149,0.020735612,-1774.1259,1877.8861,30.25726,21340.48,0.00497791,-0.19470859,0.07314989
C4,1866.86,2.0,0.24969792020000015,2646.8499,35.963028,0.014368047,-2091.496,2125.9053,30.547672,22366.084,-0.00084421947,-0.35151187,0.109108716
C4,1871.1509999999998,2.0,0.24818182780000037,2620.4158,-1.8417869,0.002031404,-2151.003,2254.9263,32.529438,22499.893,-0.012444234,-0.55098146,0.045567222
C4,1875.442,1.0,0.2651893372000036,2760.2075,-78.70376,0.020014998,-2091.4958,2294.7341,34.272537,23597.406,0.005742393,-0.4882467,0.081475176
C4,1879.733,1.0,0.21923619639999986,3041.5322,-47.785385,0.016990423,-1972.4822,2261.4517,34.20758,25631.64,0.0022002673,-0.32309005,0.07752016
C4,1884.024,1.0,0.2583080294000021,3323.493,-61.539265,0.015987234,-1615.4408,2156.3813,30.692196,27623.955,0.00025351852,-0.2175124,0.057361815
C4,1888.315,1.0,0.24641292920000277,3655.0088,-76.84282,0.0165856,-941.02905,2116.5083,24.634401,29700.49,2.6505208e-05,-0.1538883,0.03646159
C4,1892.606,2.0,0.2529599685999985,4000.1316,-91.222046,0.016560784,268.9447,2325.9072,19.656387,31622.482,-0.00038281025,-0.11317454,0.011124081
C4,1896.897,1.0,0.2393402061999996,4282.914,-65.63962,0.017143646,1816.1245,2761.9155,17.433638,32839.17,-0.00014134435,-0.08690246,-0.025239361
C4,1901.1879999999999,1.0,0.24375082479999893,4594.094,-39.15679,0.018560767,3402.9756,3233.7732,17.290264,34763.23,0.0006844625,-0.06272867,-0.046332624
C4,1905.4789999999998,1.0,0.24306094220000582,4784.7393,-10.4848585,0.018985711,4394.7563,3545.2354,17.886223,36246.035,0.00048342498,-0.041598745,-0.057711814
C4,1909.77,1.0,0.24969350680000496,4809.4634,18.843504,0.01963698,4196.4004,3585.3027,17.558105,36448.688,0.0006362637,-0.02247021,-0.06992388
C4,1914.061,1.0,0.23276165979999947,4698.6934,49.17792,0.019826487,2768.2349,3354.945,15.483608,35662.445,0.0006182338,-0.0033078194,-0.07422778
C4,1918.3519999999999,2.0,0.24247799640000117,4399.201,79.805084,0.01954224,566.47925,2959.956,12.523009,33542.266,0.0005697366,0.006353908,-0.025862668
C4,1922.643,1.0,0.24606955720000628,3952.0518,109.99315,0.018462785,-1476.5913,2580.8154,10.812953,30146.08,0.00030488777,0.0008372731,0.058442116
C4,1926.934,0.0,0.21321400800000023,3406.5574,138.51373,0.01679818,-2587.387,2366.98,11.361454,25787.674,6.3761465e-05,-0.016253127,0.13074265
C4,1931.225,2.0,0.2829076356000008,2859.2705,84.462875,0.01422137,-2666.7295,2298.8633,14.539471,21414.215,-0.00079887855,-0.045381386,0.1919852
C4,1935.516,1.0,0.22573224260000843,2392.1946,-93.56851,0.010024471,-2151.003,2261.1897,19.25177,17711.436,-0.0035942802,-0.08851067,0.22425427
C4,1939.8069999999998,1.0,0.24454269319999888,2135.615,-78.083115,0.009862354,-1714.6189,2136.938,20.829517,15612.328,-0.003246044,-0.12667781,0.2238273
C4,1944.098,1.0,0.2330052945999991,2209.5771,-62.848152,0.014301481,-1516.2626,1906.7389,17.690975,15907.254,0.0005389654,-0.11559582,0.23041412
C4,1948.3890000000001,1.0,0.2897312390000069,2486.2979,-120.75579,0.016676895,-1198.8923,1701.3976,14.373842,17609.977,0.0012697702,-0.07945885,0.29656816
C4,1952.6799999999998,1.0,0.21774997520000006,2803.9492,-94.993996,0.019812847,-306.28873,1702.958,14.235443,19624.773,0.0022854437,-0.045310788,0.27607116
C4,1956.971,2.0,0.2426285869999997,3062.2195,-64.3879,0.020883903,1181.384,1909.7357,17.455418,21265.57,0.0013502362,-0.024949789,0.21904284
C4,1961.262,1.0,0.16115638839999977,3201.5034,-32.127285,0.022202626,2550.0427,2141.5525,20.511307,22113.547,0.0011032575,-0.017553117,0.17336883
C4,1965.5529999999999,1.0,0.18428348520000074,3213.0544,2.1704454,0.022856671,3006.2627,2272.2854,20.403063,22108.533,0.0005975152,-0.020514514,0.12995376
C4,1969.844,2.0,0.14300224439999673,3117.616,37.478516,0.023643263,2232.6726,2266.7163,19.431816,21376.504,0.00044868968,-0.031088166,0.095858626
C4,1974.135,2.0,0.15840202200000508,2927.1216,74.00168,0.024153627,586.3149,2142.9448,19.104937,19983.258,3.168016e-05,-0.048174806,0.07487477
C4,1978.426,1.0,0.1256260872,2662.532,111.31324,0.025248544,-1040.2073,1953.7908,18.24487,18041.336,6.204832e-05,-0.0729026,0.06580588
C4,1982.717,0.0,0.07553376199999916,2397.4707,70.316185,0.026775368,-1932.811,1771.1456,16.421144,16149.811,0.00047138592,-0.09133445,0.07990114
C4,1987.0079999999998,0.0,0.07996033300000022,2160.234,-48.322308,0.029362308,-1774.1259,1654.0217,16.3648,14452.293,0.0021668738,-0.10392801,0.14279564
C4,1991.299,0.0,0.08176528119999987,2043.9729,-122.964584,0.029406436,-822.0153,1638.8761,20.210564,13438.0205,0.0018417322,-0.09519614,0.20836854
C4,1995.59,0.0,0.07274325979999999,2151.18,-77.5387,0.027211878,526.8079,1700.52,25.2109,13938.101,-6.0677587e-05,-0.026572546,0.12882236
C4,1999.8809999999999,0.0,0.07686596659999984,2351.4492,-35.50288,0.025257545,1776.4531,1787.7642,24.859518,15077.514,-0.0011621502,0.06545451,0.030610403
C4,2004.172,0.0,0.08477709479999976,2612.3567,3.5139685,0.02445554,2331.8508,1870.4685,20.992525,16670.258,-0.000870849,0.15824339,-0.071117006
C4,2008.463,0.0,0.08325223680000006,2906.9346,41.291904,0.023334736,1935.1382,1932.1819,18.829277,18503.797,-0.001016906,0.23256741,-0.06725618
C4,2012.754,0.0,0.08515358899999997,3147.721,77.33847,0.023077928,625.9862,1988.0056,19.522333,19978.014,-0.0005921543,0.29904702,-0.0624831
C4,2017.045,0.0,0.06958412040000085,3324.419,112.988335,0.02329266,-1079.8785,2077.1003,21.572603,21102.523,-2.4312641e-05,0.29328212,-0.069019236
C4,2021.336,0.0,0.08237987520000008,3310.3516,68.9699,0.022862514,-2389.0305,2207.5493,23.345358,21037.79,-0.00047721475,0.21663703,-0.11019646
C4,2025.627,0.0,0.0827195806,3156.0652,24.286997,0.022447255,-2706.401,2308.0657,25.53666,20150.59,-0.0013593849,0.15546839,-0.1890711
C4,2029.9180000000001,0.0,0.08017779880000009,2901.9124,-41.037384,0.025410129,-2091.496,2291.6687,29.054928,18663.898,0.0007554941,0.07559962,-0.27612197
C4,2034.2089999999998,0.0,0.07846009440000042,2574.9207,-81.78482,0.026676081,-941.02905,2123.5002,33.101227,16805.428,0.0010750763,-0.09762822,-0.22451165
C4,2038.5,0.0,0.08365097880000029,2195.1477,-80.57669,0.028829953,-28.589857,1858.0232,34.644882,14587.766,0.0024616884,-0.11189805,-0.23931628
C4,2042.791,0.0,0.080474643,1836.6476,-36.041332,0.02686149,288.7803,1614.9907,35.49831,12287.476,0.00033349957,-0.123079196,-0.27048433
C4,2047.0819999999999,0.0,0.08126061239999985,1734.7819,5.4532285,0.02531683,11.081394,1475.5553,38.864037,11572.19,-0.0005955121,-0.06438213,-0.08878512
C4,2051.373,0.0,0.08751364439999995,1920.8438,4.561659,0.027456326,-405.46695,1428.8921,43.944252,12814.8125,0.00253486,0.02407466,-0.05945863
C4,2055.6639999999998,0.0,0.08264543860000127,2203.1643,-33.02491,0.016243817,-643.49457,1468.7206,42.740376,14775.614,-0.007688006,0.100106396,-0.062124092
C4,2059.955,0.0,0.08027784779999943,2577.0464,-27.93211,0.026329748,-504.64514,1634.6102,40.849087,17332.055,0.0031799602,0.12768906,-0.03338292
C4,2064.246,0.0,0.08199296639999998,2951.0652,-27.258965,0.023291552,-226.94615,1874.403,38.59346,19857.383,0.00062369416,0.123717755,0.032176837
C4,2068.537,0.0,0.07402395460000114,3151.3306,8.720895,0.021212118,-48.425457,2078.7175,37.799202,21237.04,-0.00091201573,0.09151467,0.083139315
C4,2072.828,0.0,0.0788225359999991,3245.553,-78.511475,0.020999622,-28.589884,2186.3362,36.890522,21667.799,-0.00034777628,0.045481153,0.13850369
C4,2077.1189999999997,0.0,0.07775041239999929,3196.2092,-46.0721,0.023987822,-48.425484,2223.0498,39.63085,21301.512,0.0033296891,0.03988971,0.26603836
C4,2081.41,0.0,0.07486134300000133,3094.3386,-29.016676,0.0091070905,110.25963,2279.1182,38.06216,21040.984,-0.01132404,-0.14213729,0.24870358
C4,2085.701,0.0,0.0725700355999998,3242.033,-34.948406,0.026697759,804.50696,2425.4478,34.15484,22610.662,0.005984223,-0.24197367,0.2541843
C4,2089.992,0.0,0.08336010360000005,3616.458,-73.70677,0.02442265,1915.3025,2710.7573,32.5665,25843.104,0.0033799377,-0.25255048,0.2020745
C4,2094.283,0.0,0.07894493460000036,4082.3564,-35.97965,0.021288607,3045.9338,3102.2898,32.25518,29716.883,0.00029632295,-0.205553,0.107305236
C4,2098.574,0.0,0.07977731019999985,4424.4004,-3.0938542,0.019012403,3660.8386,3408.4314,31.392649,32660.586,-0.001203989,-0.1549627,0.00022347768
C4,2102.865,0.0,0.08133707260000057,4565.329,26.27575,0.017895212,3462.4822,3454.3176,30.024427,34215.297,-0.000631196,-0.10628859,-0.09671656
C4,2107.156,0.0,0.07916000780000026,4510.095,53.919556,0.016131474,2490.5361,3216.8796,28.92096,34364.797,-0.00023467679,-0.0520463,-0.1957363
C4,2111.447,0.0,0.07453830160000005,4324.628,78.83882,0.011867644,1102.0415,2818.5137,26.80787,33439.777,-0.002507099,0.0017579927,-0.31787574
C4,2115.738,0.0,0.07640287619999839,4135.3984,97.17148,0.011897477,-326.1244,2483.5686,23.200962,32532.635,-0.0009907773,0.06049983,-0.42843345
C4,2120.029,0.0,0.0842411132000003,4036.2817,115.550224,0.0078510195,-1536.0983,2443.8909,20.330605,32769.5,-0.004326746,0.14772892,-0.4875004
C4,2124.3199999999997,0.0,0.0813755739999994,4090.2825,127.67817,0.013655308,-2567.5513,2703.6292,21.478827,33855.05,0.0013584269,0.17989346,-0.5540407
C4,2128.611,0.0,0.07863357240000093,4140.619,68.77234,0.014548174,-3321.3052,3056.422,24.465828,34329.06,0.0015624294,0.16542834,-0.4046919
C4,2132.902,0.0,0.08613673219999994,4139.0024,51.245773,0.014834348,-3698.1824,3309.0212,25.505774,34816.93,0.0010625134,0.15297453,-0.2659074
C4,2137.193,0.0,0.0723294634000001,4105.3447,-85.83873,0.014739965,-3539.4973,3337.793,24.316689,35119.402,0.0004687137,0.15495035,-0.1865188
C4,2141.484,0.0,0.08402711499999974,3961.8386,-103.06901,0.01431539,-2765.9075,3126.6128,22.381233,34272.52,-4.375964e-05,0.13509978,-0.12982076
C4,2145.775,0.0,0.07835858760000017,3732.477,-120.955185,0.013933475,-1615.4408,2745.621,20.909018,32460.285,-0.00018754594,0.09130613,-0.08464053
C4,2150.066,0.0,0.08771096419999985,3445.7546,-99.431305,0.0134470295,-405.46692,2313.2053,20.685856,30047.164,-8.393886e-05,0.07515865,-0.040650632
C4,2154.357,0.0,0.07676364140000007,3142.8167,-78.65886,0.014505022,467.30106,1948.2485,21.202803,27378.178,0.0018979909,0.027113067,0.03738973
C4,2158.648,0.0,0.07719336720000006,2807.0105,-56.25208,0.0101143485,943.3563,1750.0386,21.984663,24224.316,-0.0015846561,-0.07040461,0.14609128
C4,2162.939,0.0,0.0785638321999992,2471.5437,-40.62784,0.0061095036,1121.8771,1774.986,23.35612,21047.21,-0.005131511,-0.22676256,0.31001627
C4,2167.23,0.0,0.09281305599999987,2453.624,-51.190125,0.012166924,1498.7542,1972.1841,24.815172,20747.43,0.00062064023,-0.19646393,0.5387752
C4,2171.5209999999997,0.0,0.08415145800000086,2772.8823,-32.39514,0.014040919,2153.33,2237.5908,25.927134,23446.826,0.0013903142,-0.10437918,0.58980995
C4,2175.812,0.0,0.08461610660000046,3112.2861,-10.705295,0.01588931,2827.7417,2478.808,25.895712,26248.312,0.0016234637,-0.061100006,0.4417275
C4,2180.103,0.0,0.0784897628000003,3378.881,13.839876,0.016971536,3045.9336,2595.87,23.163513,28314.98,0.001139472,-0.06029529,0.37252608
C4,2184.3940000000002,0.0,0.0808497758000001,3606.0005,40.056824,0.018149005,2550.043,2551.8232,19.00108,30002.709,0.0012529392,-0.05242925,0.30326644
C4,2188.685,0.0,0.08009957619999941,3771.836,68.09268,0.018025259,1300.3978,2423.0688,16.830805,31170.896,0.00056218554,-0.0329468,0.23488635
C4,2192.976,0.0,0.08467758019999994,3803.9531,95.93738,0.01746066,-326.1244,2355.3901,16.054565,31203.133,-0.0002319217,-0.01280215,0.1478624
C4,2197.267,0.0,0.08341301880000102,3852.909,122.90991,0.017917022,-1813.7971,2476.9343,15.691886,31328.33,0.0004074056,0.019241385,0.042127505
C4,2201.558,0.0,0.0864235173999994,3910.8738,110.58741,0.017659489,-2964.264,2768.6848,16.547935,31495.96,0.00077441364,0.06620322,-0.058464766
C4,2205.849,0.0,0.07608699819999999,3926.506,57.867085,0.016958855,-3539.4976,3038.1694,19.91586,31122.5,0.0008424027,0.13357925,-0.20154871
C4,2210.14,0.0,0.08070846759999746,3951.4258,-35.935562,0.0104959095,-3460.155,3121.5718,22.805893,30232.334,-0.005106354,0.20653844,-0.36945608
C4,2214.431,2.0,0.1946044115999921,4016.6318,-139.72191,0.015021347,-2686.5652,3004.372,21.66799,29829.99,-0.00058907777,0.33954275,-0.5749516
C4,2218.7219999999998,2.0,0.17044363219999467,4168.328,-76.517525,0.018042114,-1238.5636,2804.6326,18.368006,30613.74,0.0018729868,0.26867494,-0.33586806
C4,2223.013,2.0,0.1684056599999946,4215.9204,-88.64678,0.018573578,526.808,2668.7002,16.523623,30771.545,0.0015127903,0.25998902,-0.2408008
C4,2227.304,2.0,0.20908342019999376,4195.592,-59.955063,0.018651778,2153.3303,2655.6143,18.72845,30562.854,0.00070791336,0.25213492,-0.1813236
C4,2231.5950000000003,1.0,0.1559620922000008,4001.2239,-31.14254,0.018065486,3065.7695,2719.8193,23.667297,29144.979,-0.0004790953,0.19678637,-0.14593704
C4,2235.886,2.0,0.155326761400005,3787.6245,-3.2356997,0.01899861,3065.7693,2766.6543,27.718204,27630.238,1.0418899e-05,0.1403122,-0.122914925
C4,2240.177,2.0,0.1619000949999988,3561.9934,26.112593,0.01948922,2272.344,2712.9626,28.822353,26034.13,-0.00011324864,0.060553417,-0.108289294
C4,2244.468,2.0,0.178920776399981,3293.2822,56.218765,0.020492492,1002.8633,2575.637,28.937117,24116.176,0.00029240779,-0.032655876,-0.104575716
C4,2248.759,2.0,0.1707705326000073,3077.1836,87.87474,0.022593573,-306.2887,2435.3147,29.29914,22549.73,0.0020951014,-0.1714515,-0.121467404
C4,2253.05,1.0,0.17412781839999913,2884.347,42.77639,0.02351785,-1317.9062,2312.9946,29.75316,21412.51,0.0029967614,-0.1640359,-0.16175753
C4,2257.341,0.0,0.15886560700001234,2769.3762,-40.89418,0.013396162,-1674.9478,2191.5632,30.834953,20845.773,-0.006959695,-0.12757057,-0.23428637
C4,2261.632,0.0,0.12894060800000715,2811.8186,-80.200325,0.023106558,-1139.3854,2074.212,31.848406,21350.086,0.0029512427,-0.13334134,-0.2608813
C4,2265.923,0.0,0.12145900079999873,2939.5273,-44.506237,0.020392332,130.09525,1999.7795,31.400747,22600.445,0.00036975436,-0.1693716,-0.24194472
C4,2270.214,0.0,0.14623457299998213,3109.2334,-13.004978,0.020114157,1538.4253,2010.5259,29.287468,24143.441,0.00015194315,-0.16393107,-0.24372333
C4,2274.505,2.0,0.1402898091999988,3271.1743,18.066566,0.019843832,2312.0151,2109.802,27.11611,25615.062,2.5010597e-05,-0.1478214,-0.2307912
C4,2278.796,0.0,0.15461259319999218,3336.9834,48.720524,0.019000815,2093.8232,2227.0415,26.706371,26221.633,-0.00034560062,-0.12163785,-0.22346711
C4,2283.087,2.0,0.19027293340000223,3306.877,78.07223,0.018767487,943.356,2264.837,26.48058,26095.754,0.00016484037,-0.087026015,-0.2154075
C4,2287.3779999999997,0.0,0.1697636694000002,3094.4834,107.063484,0.01725393,-405.46692,2183.1914,27.475752,24403.07,-0.00030091556,-0.09603262,-0.20467407
C4,2291.669,1.0,0.13060284240002346,2801.7957,53.716675,0.016813645,-1317.9062,2016.8138,27.780424,21999.295,0.00096861564,-0.105640255,-0.17900082
C4,2295.96,1.0,0.14912413620000586,2377.68,39.689716,0.013814721,-1536.0981,1882.3928,25.865253,18473.54,0.00034478647,-0.14758475,-0.15921423
C4,2300.251,0.0,0.12965847200000294,2073.5264,1.0301565,0.008043516,-1456.7555,1913.9479,22.738749,16085.223,-0.0029647015,-0.21505302,-0.12014087
C4,2304.542,0.0,0.1272835165999902,2071.5286,13.455446,0.002823702,-1555.9338,2131.0037,18.983894,16422.879,-0.006531721,-0.26756153,0.09811404
C4,2308.833,0.0,0.1586392900000006,2407.8955,57.817398,0.006780601,-2190.674,2421.0234,15.652843,19653.21,-0.0023899616,-0.2587873,0.30301765
C4,2313.124,0.0,0.13335976739998956,3181.069,-91.708206,0.012685884,-3122.9492,2657.2847,13.023597,26475.133,0.0021828513,-0.15798457,0.33038086
C4,2317.415,1.0,0.16107372259999864,4052.8398,-152.11156,0.01629849,-3519.6619,2769.0288,9.591771,33850.766,0.0035371035,-0.062431123,0.28782386
C4,2321.706,0.0,0.12142309280000017,4941.3647,-126.93431,0.017070837,-2805.579,2803.1697,6.2804236,41050.57,0.002069171,0.009541088,0.24865359
C4,2325.997,0.0,0.1298538589999997,5601.9365,-100.56396,0.017523356,-822.0153,2949.0823,4.809382,47976.2,0.0010183901,0.04010089,0.21350786
C4,2330.288,0.0,0.14158175080000476,6126.5737,-73.494576,0.017776335,1895.4668,3360.446,4.724203,54200.23,0.00063636,0.08036651,0.17713557
C4,2334.5789999999997,0.0,0.13187139939998546,6278.4365,-46.03441,0.017189655,4394.757,3946.572,5.166455,57516.277,8.76989e-06,0.09639417,0.15097666
C4,2338.87,0.0,0.13483160339999253,6202.8564,-19.480513,0.017337961,5763.416,4455.1196,5.734095,58924.57,0.00048758287,0.116655774,0.12035179
C4,2343.161,0.0,0.12318633419999042,5787.1094,7.302477,0.015537108,5584.895,4659.0903,6.610187,55941.85,-0.0006924892,0.12707642,0.09727282
C4,2347.452,0.0,0.13000104639999996,5177.7163,31.30358,0.016045623,4255.908,4447.1157,7.4685526,50714.914,0.00038168815,0.13032086,0.06946622
C4,2351.743,0.0,0.14094458180000954,4521.522,56.090214,0.012723241,2411.1934,3851.3037,7.1293945,44923.832,-0.0023687067,0.15223354,0.056316853
C4,2356.034,0.0,0.15298674220000205,3644.8901,75.74457,0.013433566,804.50684,3026.369,6.3437634,36555.492,-0.0004300918,0.11965074,0.04369052
C4,2360.325,0.0,0.1258009985999995,3352.4497,96.496216,0.0220486,-425.30258,2187.1182,5.8986225,34297.812,0.010403745,0.1488288,0.029435528
C4,2364.616,0.0,0.14404636600000198,2500.2139,90.556,0.0,-1476.5913,1516.4894,6.5229874,26514.383,-0.008576188,0.0725303,0.13125546
C5,1394.85,NA,NA,1518.9629,-38.42888,0.024418665,-921.1936,915.7102,22.022167,12682.102,0.0104351165,-0.34176895,-0.020331886
C5,1399.1409999999998,NA,NA,1782.2437,-40.7079,0.036516316,645.8218,1182.4093,29.46538,14546.2,0.017200068,-0.18383925,0.07629628
C5,1403.432,NA,NA,1857.7068,-24.29896,0.022492643,1617.7681,1387.9342,34.19235,14712.96,0.00012935378,-0.11692405,0.07996634
C5,1407.723,NA,NA,2032.4624,10.446775,0.021909812,1716.9462,1496.4213,34.73543,15643.601,-0.00075834966,-0.10628576,0.13285907
C5,1412.014,NA,NA,2132.785,44.29218,0.016271865,1300.3978,1492.8003,35.74458,15990.203,-0.0049188533,-0.1158326,0.17109966
C5,1416.3049999999998,NA,NA,2037.8197,69.4283,0.016547501,665.6574,1403.2076,38.4039,14957.585,-0.00333229,-0.14082527,0.23410521
C5,1420.596,NA,NA,2061.8472,54.99022,0.0207373,-68.26108,1296.5461,42.07081,14753.752,0.0005461029,-0.24943474,0.19569921
C5,1424.887,NA,NA,1937.5729,87.024376,0.021675121,-782.34406,1253.2793,43.12621,13564.935,-0.0002887369,-0.32789102,0.17157918
C5,1429.1779999999999,NA,NA,1864.1782,120.50723,0.026700156,-1238.5637,1273.3898,44.30825,12775.129,0.0023686634,-0.21432018,0.09710434
C5,1433.4689999999998,NA,NA,1823.1498,-118.24742,0.030125631,-1317.9062,1302.9019,41.739605,12208.138,0.0037416688,-0.14801653,0.003387822
C5,1437.76,NA,NA,1801.0688,-71.71057,0.030217668,-782.344,1335.3317,34.94667,11798.5205,0.0030380364,-0.14869851,0.017045153
C5,1442.051,NA,NA,1873.5441,-65.031525,0.027374852,229.27344,1384.9906,30.08902,12577.357,0.0012161548,-0.120298386,0.019934734
C5,1446.3419999999999,NA,NA,1856.9314,-22.743944,0.02463273,1201.2196,1455.4468,28.613474,12698.312,0.0009957757,-0.11060378,0.04329414
C5,1450.6329999999998,NA,NA,1872.6233,-4.692287,0.014269968,1677.2749,1532.2644,30.176636,12920.497,-0.0064477273,-0.2919474,-0.04452671
C5,1454.924,NA,NA,2003.8787,17.351389,0.011336318,1875.6313,1585.8446,28.486189,13931.491,-0.007211148,-0.59318805,-0.29361737
C5,1459.215,NA,NA,2268.9744,34.863285,0.019719994,1617.768,1592.8436,23.496483,15892.809,0.001961479,-0.34976012,-0.18153016
C5,1463.5059999999999,NA,NA,2533.806,65.32594,0.019743478,764.83563,1582.5986,21.245907,17779.361,0.0014409006,-0.26278242,-0.18572953
C5,1467.797,NA,NA,2650.2769,95.82487,0.020191388,-544.3164,1629.7596,21.969799,18652.793,0.00059180293,-0.19974811,-0.17420298
C5,1472.088,NA,NA,2727.3086,127.01572,0.021892054,-1655.1119,1769.776,23.723497,19315.908,0.0010300162,-0.14223306,-0.16033337
C5,1476.379,NA,NA,2762.1638,0.8336919,0.022393592,-2250.1812,1929.6567,24.588858,19712.342,0.00079430966,-0.08533565,-0.12652312
C5,1480.6699999999998,NA,NA,2749.5923,-44.57359,0.022677489,-2170.8384,2008.2437,25.451159,19848.914,0.0009338061,-0.053255532,-0.095457874
C5,1484.961,NA,NA,2759.2126,-89.54232,0.02238185,-1456.7557,1967.6981,24.033346,20287.477,0.0012143414,-0.021258779,-0.05289107
C5,1489.252,NA,NA,2718.843,-94.96773,0.020370282,-246.78185,1868.4712,19.589584,20427.08,0.0005265658,0.024036936,0.007242123
C5,1493.543,NA,NA,2653.7227,-63.500523,0.015904464,864.01385,1857.5918,16.363592,20370.826,-0.002294491,0.06736912,0.039604716
C5,1497.8339999999998,NA,NA,2607.9436,-38.931942,0.012837386,1637.6036,2027.3306,15.345989,20429.234,-0.003994799,0.11547462,0.09020371
C5,1502.125,NA,NA,2772.6357,-19.101263,0.015214864,2331.8508,2281.6765,16.904102,21772.771,-0.0009815076,0.06373569,0.15234177
C5,1506.416,NA,NA,3164.711,4.402048,0.017303936,2966.5913,2462.0964,18.791344,24638.223,0.00089748553,-0.0034966203,0.18799517
C5,1510.7069999999999,NA,NA,3518.3826,31.13248,0.018215612,2887.2488,2485.3057,17.237452,27297.174,0.0010247518,-0.01795933,0.20064571
C5,1514.9979999999998,NA,NA,3728.124,59.271225,0.018892925,1855.7955,2370.0498,14.390954,28884.338,0.00071930507,-0.01442292,0.20409751
C5,1519.289,NA,NA,3738.5938,88.45627,0.019155253,209.43777,2196.7583,13.213959,28878.156,0.00020527598,0.0016581217,0.24000846
C5,1523.58,NA,NA,3521.4185,118.04655,0.019238433,-1377.4132,2051.002,13.746248,27002.186,0.0004610817,0.018161217,0.2977537
C5,1527.8709999999999,NA,NA,3070.241,107.76529,0.02316988,-2250.1812,1980.216,15.709998,23236.352,0.0059163575,0.054825783,0.37854177
C5,1532.1619999999998,NA,NA,2480.6062,3.5572002,0.015223961,-2151.003,1962.1339,19.78899,18442.758,0.00030520046,0.10244531,0.54387695
C5,1536.453,NA,NA,1917.3577,-12.925442,-0.001073717,-1417.0845,1934.3998,24.845453,14117.829,-0.013909729,0.17722648,0.46558067
C5,1540.744,NA,NA,1700.9204,25.415928,0.010545606,-1000.536,1879.1947,28.467855,12376.509,-0.0015028875,0.25867277,0.2889554
C5,1545.0349999999999,NA,NA,1959.0781,1.7063547,0.015327984,-1298.0706,1820.4937,29.413422,13955.575,0.0022827385,0.25350305,0.053505395
C5,1549.326,NA,NA,2340.0674,25.384415,0.019055957,-1754.2903,1777.2474,28.701809,16367.203,0.003484148,0.21611397,-0.080168195
C5,1553.617,NA,NA,2637.6318,-65.1787,0.020694662,-1674.9478,1761.2289,28.65743,18197.195,0.0020270317,0.1985242,-0.1482651
C5,1557.908,NA,NA,2727.964,-113.21042,0.02199094,-782.34406,1770.4404,30.646973,18610.537,0.00065888517,0.18245943,-0.17267343
C5,1562.1989999999998,NA,NA,2692.623,-79.23969,0.02455547,427.6298,1750.7085,30.87736,18226.943,0.0010398615,0.15181552,-0.14497297
C5,1566.49,NA,NA,2522.6897,-41.30738,0.026379623,1459.0829,1687.4491,29.634003,17110.465,0.000891668,0.122644,-0.10482555
C5,1570.781,NA,NA,2185.432,-0.557198,0.029245088,1637.6036,1591.5414,29.868504,14864.524,0.002043694,0.081904516,-0.06321984
C5,1575.072,NA,NA,1831.0784,44.619442,0.03096147,923.52075,1480.9441,32.735527,12276.543,0.0026452453,0.03562424,-0.0061766305
C5,1579.3629999999998,NA,NA,1582.9388,92.44748,0.02818797,-127.76803,1354.1914,35.04134,10429.805,-0.0001722506,-0.0686659,0.039769012
C5,1583.654,NA,NA,1428.6794,15.991135,0.03135303,-742.6727,1210.2073,32.86441,9244.195,0.0037466793,-0.15688345,-0.014582236
C5,1587.945,NA,NA,1362.749,-15.575962,0.020804906,-603.8233,1094.051,32.49794,8690.282,-0.00601632,-0.1728962,-0.093741626
C5,1592.2359999999999,NA,NA,1391.0719,-43.437374,0.020846607,-48.42547,1050.53,39.866104,8835.946,-0.005642893,-0.14700477,-0.20938343
C5,1596.527,NA,NA,1444.8845,8.765635,0.03313167,447.46545,1060.1105,48.404205,9134.66,0.006370027,-0.11845594,-0.2999426
C5,1600.818,NA,NA,1468.71,59.94612,0.029335804,506.97232,1082.9507,46.948647,9217.7295,0.0019361675,-0.11722411,-0.26832354
C5,1605.109,NA,NA,1466.2726,25.262886,0.026111046,169.76656,1086.6978,47.190506,9173.855,-0.0017519945,-0.10909004,-0.16906136
C5,1609.3999999999999,NA,NA,1433.1881,-54.40181,0.029331144,-326.1244,1055.8032,51.026196,8924.941,0.0020316632,-0.15688191,-0.0103413
C5,1613.6909999999998,NA,NA,1502.2009,-29.092232,0.026617518,-564.1521,1008.02704,54.280132,9461.652,0.0014813892,-0.06684896,-0.028103748
C5,1617.982,NA,NA,1526.9276,-27.974554,0.023225807,-425.3026,983.59094,50.330715,9736.686,0.0012931689,-0.013776753,-0.09787933
C5,1622.273,NA,NA,1460.997,-72.09625,0.011866621,-48.42552,1024.3717,48.081192,9396.038,-0.006820457,-0.033156317,-0.1646939
C5,1626.5639999999999,NA,NA,1459.0302,-33.76517,0.0081110485,447.46545,1159.5695,46.70189,9459.168,-0.008192182,-0.078574926,-0.059019566
C5,1630.855,NA,NA,1646.342,-41.23555,0.016129557,1082.2057,1356.472,44.952507,10682.986,0.00061740086,-0.14080694,0.016736455
C5,1635.146,NA,NA,1916.5916,-16.319258,0.018580325,1716.946,1535.6958,42.245926,12569.964,0.0022760497,-0.011771917,0.09419719
C5,1639.437,NA,NA,2248.0996,12.382889,0.020234581,1994.645,1634.2935,33.599625,15008.887,0.0023475906,-0.2153639,0.15096971
C5,1643.7279999999998,NA,NA,2539.6921,43.64046,0.02042593,1657.4392,1659.1975,21.635853,17246.219,0.0012063326,-0.21235067,0.20424098
C5,1648.019,NA,NA,2750.0608,75.19363,0.020408742,665.65735,1716.6313,14.404399,18993.592,0.00060204905,-0.14748274,0.20402104
C5,1652.31,NA,NA,2942.3916,106.72024,0.01930732,-742.6727,1931.788,12.186073,20561.482,-0.0006507917,-0.13748161,0.18383652
C5,1656.6009999999999,NA,NA,3131.8025,136.54541,0.018990489,-2210.5098,2291.1887,12.202416,21958.627,-0.0010924325,-0.13193995,0.15705895
C5,1660.8919999999998,NA,NA,3474.4548,125.88116,0.021031175,-3321.3057,2628.6711,10.889388,24492.723,0.00070512644,-0.07025865,0.15997638
C5,1665.183,NA,NA,3945.2097,-121.63074,0.021433191,-3678.3472,2810.7256,7.552571,28074.256,0.00077855814,-0.027206209,0.1661392
C5,1669.474,NA,NA,4424.303,-128.52159,0.021269334,-2726.236,2902.4285,5.093669,31715.174,0.00033417044,-0.004679521,0.16995965
C5,1673.7649999999999,NA,NA,4972.382,-95.66558,0.021262296,-524.4807,3152.574,4.2679634,35879.68,0.00020550106,0.0009645886,0.15305704
C5,1678.056,NA,NA,5529.1987,-62.820435,0.020664722,2450.8645,3690.405,4.553957,40261.88,-0.00033893963,-0.0025170115,0.13470633
C5,1682.347,NA,NA,6063.572,-30.898397,0.020774426,5148.5107,4318.2246,4.919409,44708.543,-8.391423e-05,-0.009803348,0.11564255
C5,1686.638,NA,NA,6547.7817,1.1931052,0.020845551,6517.17,4742.464,4.7516155,48791.336,0.00017461134,-0.019298501,0.08891249
C5,1690.9289999999999,NA,NA,6814.312,33.39448,0.020449657,5664.238,4801.0205,4.3650384,51137.992,5.6635872e-05,-0.026824368,0.060197935
C5,1695.2199999999998,NA,NA,6817.691,64.98429,0.020068374,2847.5774,4517.567,4.055495,51512.93,0.00012959092,-0.02993838,0.028637039
C5,1699.511,NA,NA,6541.673,95.985115,0.01926507,-703.00146,4081.441,3.848142,49729.363,2.8856253e-05,-0.027590433,-0.0048101745
C5,1703.802,NA,NA,5995.1294,125.745026,0.017962767,-3499.8262,3765.2708,3.7946613,45750.5,-0.0002616131,-0.023681164,-0.03594229
C5,1708.0929999999998,NA,NA,5266.3237,153.49318,0.016436484,-4670.129,3707.346,4.275283,40222.863,-0.0003225019,-0.014674134,-0.061541185
C5,1712.384,NA,NA,4486.561,-21.1164,0.015148725,-4392.4297,3740.236,6.06468,34109.152,0.00033949706,0.0008945995,-0.070118636
C5,1716.675,NA,NA,3723.444,-157.71526,0.0117879845,-3360.9766,3595.9758,8.687789,28072.977,-0.0010188917,0.0047874185,-0.029985376
C5,1720.966,NA,NA,3054.6353,-139.50565,0.005887158,-2289.8525,3175.3877,9.090252,22786.68,-0.0055284095,-0.0206955,0.11729389
C5,1725.257,NA,NA,2698.851,-130.41139,0.008170914,-1496.4269,2576.8977,8.273498,19852.895,-0.0028905931,-0.05706832,0.26090944
C5,1729.548,NA,NA,2665.764,-117.78929,0.014638252,-841.85095,1992.9523,8.809505,19649.248,0.0028782012,0.017163144,0.2909228
C5,1733.839,NA,NA,2657.0955,-95.1767,0.015366806,-147.60365,1589.7645,11.66506,19738.555,0.002192882,0.03375308,0.16873172
C5,1738.1299999999999,NA,NA,2531.6316,-71.438675,0.015318694,625.9861,1423.3357,17.070543,18646.758,0.00047188406,0.031078763,0.07927569
C5,1742.4209999999998,NA,NA,2347.263,-47.77497,0.01612686,1240.891,1446.1227,23.225067,17155.836,-0.000434148,0.03895569,0.01612401
C5,1746.712,NA,NA,2136.314,-22.862843,0.017871438,1657.4392,1513.8451,26.970543,15430.922,-0.00064195506,0.05223979,-0.018874088
C5,1751.003,NA,NA,1924.1895,4.744242,0.02160966,1716.946,1521.8987,29.723402,13724.663,0.0005748764,0.039104674,-0.0037785901
C5,1755.2939999999999,NA,NA,1714.3774,38.125984,0.027064247,1300.3978,1453.8625,31.953094,12044.57,0.0029888279,0.06716219,0.07465015
C5,1759.585,NA,NA,1548.3569,79.93375,0.029040085,427.62976,1336.0873,31.7504,10610.542,0.0020630425,0.2184245,0.052283898
C5,1763.876,NA,NA,1443.3368,84.79372,0.032886956,-583.9877,1203.4331,28.033224,9595.476,0.0039177965,0.32166994,0.06668059
C5,1768.167,NA,NA,1456.1006,15.596165,0.03339322,-1139.3855,1119.1841,23.61474,9405.7,0.0037533455,0.50851053,0.013484293
C5,1772.458,NA,NA,1660.988,-92.81932,0.026020702,-822.0153,1181.0691,22.243223,10401.187,-0.003053243,0.30837366,-0.08591321
C5,1776.749,NA,NA,2014.0981,-72.62357,0.0272541,368.1229,1405.58,25.78933,12354.724,-0.000572121,0.22682029,-0.15124737
C5,1781.04,NA,NA,2390.2373,-30.52253,0.024204502,1776.4531,1663.3193,27.45451,14617.77,-0.0023491732,0.15803586,-0.07667388
C5,1785.331,NA,NA,2682.1301,6.867613,0.025126856,2490.5361,1852.2489,24.65135,16360.942,-0.00068884384,0.10379264,-0.043333214
C5,1789.6219999999998,NA,NA,2849.8643,45.682575,0.025512423,1954.974,1944.3145,24.367958,17376.773,-0.0003034753,0.058514886,-0.04400076
C5,1793.913,NA,NA,2789.484,85.09314,0.02597493,348.28717,1932.938,26.732794,17033.348,-0.00041481468,0.01190726,-0.033861186
C5,1798.204,NA,NA,2608.011,85.21818,0.028743148,-1198.8923,1825.8794,25.846943,15995.262,0.0014328136,-0.028648218,-0.013144493
C5,1802.495,NA,NA,2340.6711,9.619446,0.02773258,-1813.797,1702.8947,23.085285,14488.863,-0.0003698665,-0.04560905,0.0467671
C5,1806.786,1.0,0.21932767579999846,2127.2075,-87.540375,0.03222194,-1060.0431,1688.5087,23.537912,13351.344,0.0039385245,-0.025748624,0.20159642
C5,1811.077,1.0,0.22289027340000028,2221.9663,-37.765213,0.028792663,586.3149,1783.6757,27.300835,14286.675,0.0010926934,0.07872558,0.14289369
C5,1815.368,1.0,0.21800274620000026,2451.9001,-33.287457,0.022771414,2113.659,1873.183,25.463615,16204.8955,-0.003655069,0.21657252,0.27706227
C5,1819.6589999999999,0.0,0.21127232899999998,2770.818,21.888912,0.024377517,2510.3716,1912.0454,17.045973,18503.338,-0.00038363936,0.26033586,0.40277168
C5,1823.9499999999998,0.0,0.23540806340000042,3233.5076,59.546326,0.022315407,1597.9324,1969.0679,12.627908,21809.59,-0.0007312277,0.15589976,0.3134719
C5,1828.241,2.0,0.2434719432000026,3579.9224,94.01827,0.02068276,-365.79562,2115.573,13.992748,24334.186,-0.00087636214,0.099208675,0.24910524
C5,1832.532,2.0,0.23624433940000036,3722.1567,125.96818,0.019353228,-2309.688,2333.4055,17.321705,25492.355,-0.0009589068,0.056402817,0.19966184
C5,1836.8229999999999,2.0,0.22161498399999996,3723.96,115.86427,0.018570112,-3380.8125,2545.2676,19.567047,25739.643,-0.0005177464,0.023751523,0.15591928
C5,1841.114,1.0,0.21513108159999916,3541.0703,-55.44936,0.017669573,-3182.456,2665.9958,20.767735,24746.68,8.4332154e-05,-0.0020231935,0.10506487
C5,1845.405,3.0,0.212995262,3158.2678,-28.154121,0.016029736,-2051.8247,2619.6074,22.142168,22330.78,0.00038505183,-0.031226583,0.026148954
C5,1849.696,2.0,0.217084416,2700.98,-43.392025,0.014159809,-960.8648,2375.9636,23.719843,19438.846,0.0007629569,-0.087268725,-0.07467008
C5,1853.987,2.0,0.22281899440000077,2268.3936,-101.51852,0.0037863317,-504.64514,1985.6794,23.735128,16706.686,-0.0076807314,-0.14755042,-0.19027495
C5,1858.278,1.0,0.20934032279999965,1953.7048,-95.66955,0.010175928,-583.9877,1581.8081,22.512344,14587.056,-0.0005373396,-0.16435504,-0.33938268
C5,1862.569,2.0,0.22621375399999982,2080.14,-79.95018,0.006613408,-742.6728,1344.8976,21.654455,15969.0205,-0.0048377197,-0.07228626,-0.4925067
C5,1866.86,3.0,0.2066695572,2398.8855,-69.73405,0.019979047,-286.45312,1370.2391,21.771103,18802.854,0.0066601094,-0.00974014,-0.5418452
C5,1871.1509999999998,2.0,0.21131513039999936,2773.833,-78.871216,0.018325146,744.99994,1598.3071,22.293772,21787.363,0.0028879466,-0.046823952,-0.488923
C5,1875.442,1.0,0.2093494725999994,3050.6423,-50.563263,0.01817303,1974.8094,1938.8281,23.212904,23985.197,0.0013010702,-0.06827145,-0.5579892
C5,1879.733,1.0,0.20572426079999984,3136.2932,-22.490295,0.01743368,2847.5774,2246.7256,23.131943,24716.434,8.150431e-05,-0.06828674,-0.4485251
C5,1884.024,1.0,0.21280618559999995,3063.06,4.4405527,0.016053077,2946.7559,2397.0566,22.318752,24289.94,-0.0011495776,-0.07311257,-0.31166786
C5,1888.315,0.0,0.1953628354000019,2920.7534,29.238705,0.016336845,2331.8508,2342.201,21.10928,23256.46,-0.0006506725,-0.080586486,-0.21824439
C5,1892.606,0.0,0.1929375406,2785.2405,54.475212,0.017008437,1340.0691,2118.3765,19.51017,22407.818,-6.3364525e-05,-0.056419715,-0.13231649
C5,1896.897,1.0,0.21487498800000007,2648.6821,80.74917,0.018092683,169.76654,1842.418,18.792416,21602.346,0.00062948983,-0.04537315,-0.061217096
C5,1901.1879999999999,1.0,0.2012573286,2491.5752,108.69803,0.017706309,-901.35785,1660.7568,20.586214,20061.102,-0.0004017822,-0.04873665,-0.004184935
C5,1905.4789999999998,2.0,0.19812527740000282,2318.103,96.05002,0.019056203,-1635.2761,1614.1371,25.202139,18325.602,0.00027142244,-0.071866855,0.029871412
C5,1909.77,1.0,0.20594942180000025,2160.2537,45.48728,0.021060862,-1774.1257,1619.6569,30.61577,16708.68,0.001812808,-0.1132054,0.05864652
C5,1914.061,1.0,0.20667290459999998,1999.74,-81.978745,0.020420292,-1456.7556,1581.089,31.968306,15219.583,0.0011158078,-0.15512913,0.08297234
C5,1918.3519999999999,1.0,0.16520849020000103,1850.2947,-50.4343,0.018265577,-841.8509,1455.3633,28.60746,14017.013,-0.000644153,-0.21039827,0.06643062
C5,1922.643,0.0,0.14554605240000024,1748.1213,-62.21837,0.01796869,-207.11057,1301.7444,24.619123,13185.656,-0.00032115603,-0.27264822,0.061910126
C5,1926.934,0.0,0.14825992659999995,1735.5593,-74.46105,0.015319239,348.2873,1264.3129,21.340233,13028.451,-0.0024246809,-0.29922786,0.102342285
C5,1931.225,0.0,0.14479798219999998,1888.3351,-50.79651,0.017336007,903.6851,1465.6768,21.464977,14109.96,-0.0001486458,-0.17964005,0.09697477
C5,1935.516,0.0,0.1430911534000001,2207.2295,-24.016537,0.01935557,1617.768,1832.5402,25.175993,16431.012,0.0018082368,-0.078823775,0.10500775
C5,1939.8069999999998,0.0,0.1380953868000009,2653.0237,-14.116829,0.016791178,2391.3577,2202.5806,26.936455,19667.957,-0.001003545,-0.08730706,0.13782035
C5,1944.098,0.0,0.1442467478000013,3371.421,11.821511,0.01832698,2907.0845,2483.643,24.383444,25096.078,0.00021842176,0.0087263845,0.16078384
C5,1948.3890000000001,0.0,0.14207747220000602,4191.206,40.132298,0.01848071,2688.892,2714.7217,19.56451,31986.197,5.201767e-05,0.014568276,0.16176854
C5,1952.6799999999998,0.0,0.11951205520000967,4977.334,68.680565,0.01884938,1300.3978,3032.6084,17.468557,39125.42,8.3764346e-05,0.013805336,0.15216452
C5,1956.971,0.0,0.057730471400003994,5771.3267,97.798325,0.019740008,-960.8648,3530.4133,18.62997,46308.203,0.00060775434,0.004588021,0.12951046
C5,1961.262,0.0,0.053504646200000026,6429.5913,128.2919,0.019829566,-3658.5112,4153.2637,20.810644,52662.387,0.00041587633,-0.007413917,0.09820737
C5,1965.5529999999999,0.0,0.08414429399999865,6789.1387,38.923813,0.01962425,-5602.404,4706.74,22.544527,56210.168,0.00010185743,-0.018345833,0.06759988
C5,1969.844,0.0,0.09581874880000377,6858.8477,-50.76143,0.019592874,-5939.6094,4975.3647,23.60053,57166.13,0.00015322174,-0.031166553,0.032749493
C5,1974.135,2.0,0.14580936080000156,6587.172,-100.49514,0.019277472,-4511.4434,4838.568,23.831913,55144.824,0.0005835274,-0.04670069,-0.008224434
C5,1978.426,2.0,0.15485081079999932,5934.799,-110.71608,0.018567927,-2071.6604,4307.2725,23.31293,49994.145,0.0017536365,-0.05314435,-0.06640487
C5,1982.717,1.0,0.1341093510000015,4963.117,-82.0331,0.017787147,130.09525,3524.569,22.408886,41537.797,0.0036792057,-0.022239394,-0.14478683
C5,1987.0079999999998,2.0,0.1618102202000006,3782.5674,-54.556213,-0.0006078607,1221.0552,2720.8086,22.948153,31511.205,-0.011824947,0.039063428,-0.26916993
C5,1991.299,1.0,0.11916313080000193,2699.5518,-35.495213,0.00639724,1082.2058,2113.6953,25.890528,22539.45,-0.0025792709,0.12603463,-0.33106092
C5,1995.59,1.0,0.12374688499999997,2632.3003,-85.61301,0.010178073,586.3149,1921.0454,26.564331,21794.438,0.0019858817,0.168206,-0.047021493
C5,1999.8809999999999,1.0,0.12166275559999996,3274.5396,-69.89033,0.005381303,824.3425,2274.366,22.650036,27078.055,-0.0036620796,0.17941846,0.16468722
C5,2004.172,2.0,0.12357907599999968,4190.9395,-61.577507,0.014150526,2054.1519,3000.6082,17.326471,34793.547,0.0031769588,0.14608216,0.2775892
C5,2008.463,1.0,0.12244678900000011,5171.726,-39.718338,0.015741123,3859.1948,3830.931,16.328606,43226.574,0.0027926273,0.050004534,0.24389032
C5,2012.754,1.0,0.11217752939999999,5917.859,-15.402081,0.015907228,5366.7036,4535.5522,18.174078,49847.445,0.0015019795,-0.0019261042,0.1571455
C5,2017.045,2.0,0.12162818980000252,6447.046,9.170765,0.015851034,5902.2656,4922.4614,18.841978,54608.074,0.000526201,-0.036060493,0.09805743
C5,2021.336,1.0,0.11540049120000018,6773.0723,33.65681,0.015461008,5208.018,4908.332,16.984854,57511.125,-0.0002045979,-0.059355207,0.05482149
C5,2025.627,1.0,0.1254440773999999,6965.9355,57.54035,0.015612006,3442.6467,4572.234,13.984396,59003.098,-7.662573e-05,-0.06665341,0.02423636
C5,2029.9180000000001,0.0,0.1158104798000007,7056.814,81.65714,0.015668498,903.68506,4174.824,11.747234,59233.297,-1.5037444e-05,-0.0586524,-0.005605539
C5,2034.2089999999998,2.0,0.11402175960000029,7009.503,105.86123,0.015857138,-1793.9614,4027.6572,10.77471,57704.16,0.00018669889,-0.04470857,-0.037492063
C5,2038.5,2.0,0.1120567482000004,6863.249,130.35669,0.015879191,-4134.5664,4241.9526,11.284501,54249.996,0.00025172354,-0.026741134,-0.06673765
C5,2042.791,0.0,0.09743404179999988,6520.228,74.886246,0.015208487,-5483.3896,4634.8896,13.446081,49664.984,-0.00033689995,-0.013627317,-0.085937925
C5,2047.0819999999999,0.0,0.10211656680000002,6120.52,18.379707,0.015365756,-5681.7466,4896.1157,15.7637825,45319.312,-0.00013106984,-0.0098479055,-0.09889444
C5,2051.373,0.0,0.10815706859999988,5730.661,-77.883896,0.015205064,-4947.828,4820.4243,15.870189,41540.137,-0.0004413623,-0.020398565,-0.10734129
C5,2055.6639999999998,0.0,0.09410158019999995,5308.1694,-134.39572,0.015424507,-3519.6616,4393.5483,13.757404,38038.824,-0.00076946034,-0.05374829,-0.11301573
C5,2059.955,0.0,0.09923610620000005,5022.3936,-110.568565,0.017204233,-1833.6328,3785.2717,12.052914,35689.66,-0.00010693869,-0.09221382,-0.12465249
C5,2064.246,0.0,0.10622310780000055,4802.0986,-83.99215,0.019328203,169.76653,3263.8674,13.367897,33899.37,0.00029991785,-0.1257818,-0.13718612
C5,2068.537,0.0,0.1086043270000002,4582.6855,-54.13472,0.022330258,2133.4944,3006.0383,17.164532,32180.879,0.001159904,-0.15834315,-0.15145612
C5,2072.828,0.0,0.10235408200000047,4388.324,-19.639828,0.025657138,3521.989,2981.4312,21.174006,30713.445,0.002269144,-0.18229617,-0.15255468
C5,2077.1189999999997,1.0,0.115475819,4213.402,19.994291,0.027352534,3541.825,3056.2766,23.62609,29505.24,0.0020966686,-0.19945765,-0.113893986
C5,2081.41,2.0,0.12481247219999979,4135.86,62.247395,0.027912647,1895.467,3153.7266,25.002434,29131.549,0.001487779,-0.20911929,-0.044158008
C5,2085.701,2.0,0.12724009900000122,4254.3594,105.36573,0.027778681,-841.85095,3252.8884,26.127642,30204.809,0.0010391413,-0.22106917,0.027983507
C5,2089.992,1.0,0.12410416279999859,4527.277,28.277128,0.026347216,-3360.9766,3326.958,25.619064,32331.281,7.36968e-05,-0.2177879,0.080310345
C5,2094.283,2.0,0.13243047179999987,4849.185,-51.022747,0.024474556,-4273.416,3357.023,24.099037,34842.74,-0.000785178,-0.12117031,0.10583038
C5,2098.574,1.0,0.11497929019999972,5171.2344,-133.21542,0.02321583,-3162.62,3355.833,23.474861,37382.766,-0.0007403989,-0.04868147,0.094761
C5,2102.865,1.0,0.1251320137999989,5372.501,-97.35255,0.021813447,-603.8233,3358.5684,23.036354,38928.707,-0.0007324483,0.012265603,0.059855275
C5,2107.156,2.0,0.12254766020000002,5336.138,-63.656,0.020417152,2153.33,3404.9229,21.106348,38650.934,-0.0006324167,0.06584533,0.02141685
C5,2111.447,3.0,0.11072498659999858,5103.012,-32.116405,0.0192487,3918.702,3506.9805,19.051739,36968.54,-7.456006e-05,0.11152686,-0.024969816
C5,2115.738,0.0,0.1133509515999996,4676.0103,-2.3817816,0.017333625,4335.25,3589.583,19.67818,33945.406,2.1996442e-05,0.14999056,-0.07186505
C5,2120.029,1.0,0.11216649980000007,4097.932,24.394508,0.013346985,3641.0027,3505.5273,21.921938,29919.041,-0.0018437864,0.15778896,-0.13327998
C5,2124.3199999999997,0.0,0.12453765039999977,3497.7634,45.012394,0.009871314,2510.3718,3156.1636,21.767721,25775.264,-0.0033274407,0.16974878,-0.2289589
C5,2128.611,2.0,0.12187904000000067,3047.6577,60.261204,0.01105233,1399.5759,2578.9863,18.823467,22721.64,-0.0005329188,0.10569586,-0.27911896
C5,2132.902,0.0,0.07876059140000029,2747.8992,77.334404,0.010334132,566.4793,1955.9321,15.680474,20807.7,-0.00034210892,0.023043845,-0.22514293
C5,2137.193,0.0,0.0792268054000006,2622.4548,93.29816,0.0083390325,-107.93239,1568.8761,14.454067,20220.477,-0.002384959,-0.024221765,-0.12051153
C5,2141.484,0.0,0.08079184700000001,2695.449,106.17996,0.010438481,-841.85095,1577.5514,14.637512,21239.592,-0.0012584415,-0.034956932,0.010947969
C5,2145.775,0.0,0.07856470599999976,3032.2446,122.3049,0.015289385,-1734.4546,1927.8237,15.789158,24584.945,0.0019654485,-0.0056507853,0.045322683
C5,2150.066,0.0,0.07997600459999989,3419.4033,145.92336,0.017718352,-2686.5652,2383.3074,17.719593,28295.812,0.0024928064,0.009356181,0.03825254
C5,2154.357,0.0,0.07319020979999977,3653.4175,-66.70606,0.018508948,-3222.1274,2691.3364,19.175367,30487.822,0.0015831445,0.011173804,0.021941133
C5,2158.648,0.0,0.08265768060000123,3757.5317,-38.11418,0.019255428,-3083.278,2762.2349,19.085838,31497.305,0.0011860337,-0.00069401,0.019988272
C5,2162.939,0.0,0.0800246214000002,3656.5442,-128.36917,0.018650731,-2051.8247,2603.703,18.93627,30685.268,0.00035428198,-0.024285078,0.026733557
C5,2167.23,0.0,0.07456480239999995,3330.9365,-99.55826,0.018192738,-564.15204,2300.919,19.037468,27873.71,0.0006918383,-0.072134286,0.0431278
C5,2171.5209999999997,0.0,0.08809732379999934,2933.4485,-71.45486,0.02012988,764.83563,1990.5132,18.704025,24415.588,0.0038672548,-0.15023282,0.08169648
C5,2175.812,0.0,0.0842043867999999,2459.0193,-40.35902,0.0052839955,1478.9186,1775.8201,19.730131,20292.455,-0.010048278,-0.25709745,0.14513919
C5,2180.103,0.0,0.08319897539999911,2078.8643,-12.196514,0.013500342,1459.0828,1647.4849,25.641378,16656.033,-0.0017101747,-0.3554505,0.22564027
C5,2184.3940000000002,0.0,0.08327153880000121,1942.4849,-31.341726,0.02021486,1102.0415,1608.5706,34.609024,15079.83,0.0042155203,-0.30255353,0.2223523
C5,2188.685,0.0,0.08685238580000021,1926.8505,-20.114616,0.019380473,883.84937,1662.8094,38.338314,14582.509,0.0019687407,-0.13596599,0.14148217
C5,2192.976,0.0,0.09454847860000046,2116.5273,-10.176437,0.019360777,1062.3702,1718.2496,37.785492,15945.371,0.00041967246,0.19280627,0.19691536
C5,2197.267,2.0,0.1508332896000028,2321.933,19.731316,0.020135298,1320.2334,1730.8138,38.1217,17667.312,0.00016592137,0.29944235,0.0899539
C5,2201.558,2.0,0.14711064999999848,2417.333,50.83552,0.020928584,1379.7402,1696.8444,40.398327,18514.076,0.0005490396,0.34570056,0.05583485
C5,2205.849,2.0,0.13997720859999033,2437.9373,3.1651638,0.021850102,963.19196,1635.207,42.400604,18803.18,0.0017208654,0.38831952,0.062250666
C5,2210.14,3.0,0.14942839680000086,2310.013,36.918324,0.02022449,149.93088,1566.1406,43.35639,17851.957,0.0011762725,0.41871986,0.09923235
C5,2214.431,1.0,0.12686114620000088,2109.044,68.1603,0.019197129,-583.9876,1499.6333,41.76354,16188.467,0.0016501641,0.41479933,0.14938158
C5,2218.7219999999998,0.0,0.10242041479999939,1953.9238,97.81526,0.0053402013,-1079.8785,1455.5814,39.624672,14821.413,-0.010948201,0.38416147,0.23212568
C5,2223.013,2.0,0.17400657500000044,1867.8038,46.064583,0.017320827,-1278.235,1481.9841,39.13432,14030.969,0.0015010976,0.30206528,0.1228496
C5,2227.304,1.0,0.12299266559999883,1975.4526,-7.178896,0.018606797,-1317.9062,1580.9869,40.528366,14717.08,0.002306902,0.15447013,-0.043844886
C5,2231.5950000000003,1.0,0.11937425820000161,2145.5637,-18.43586,0.018613733,-1377.4132,1651.8696,40.671116,15731.83,0.0012129383,0.030381335,-0.15505014
C5,2235.886,2.0,0.11617527839999992,2289.1184,-69.68211,0.019278327,-1337.7418,1636.6962,38.26422,16437.27,0.0007288204,-0.07318446,-0.23665687
C5,2240.177,2.0,0.16210350379999708,2347.8577,-79.90172,0.019463968,-960.8647,1560.5985,36.03527,16671.338,7.934987e-05,-0.14012283,-0.32965937
C5,2244.468,0.0,0.11245078700000014,2262.9312,-89.834564,0.019336047,-207.11055,1475.8485,35.20289,16096.422,-0.0008735731,-0.16953261,-0.26273772
C5,2248.759,0.0,0.12510389980000036,2053.009,-59.96501,0.020515118,586.3149,1402.0549,35.18107,14618.328,-0.0006943429,-0.20766266,-0.20725767
C5,2253.05,0.0,0.10576811860000018,1761.2246,-28.274073,0.025680037,1042.5345,1314.2783,39.4205,12558.559,0.0035896504,-0.26293012,-0.111656345
C5,2257.341,0.0,0.11707917360000007,1445.7787,11.395419,0.025564292,844.1781,1190.3728,41.17093,10310.227,0.0028656775,-0.28852868,-0.008196645
C5,2261.632,2.0,0.14220616160000035,1196.435,-29.113888,0.019061577,169.76657,1056.812,42.517227,8442.145,-0.0039122594,-0.18573451,0.030369308
C5,2265.923,1.0,0.11914319939999879,1214.459,-39.668327,0.023562811,-326.1244,1013.1516,38.082634,8738.452,0.00054463407,-0.021219386,0.09417576
C5,2270.214,2.0,0.10147921779999947,1563.5724,-3.269433,0.023598365,-266.61746,1136.7455,30.899149,11418.995,0.00056005863,0.0834376,-0.0116370255
C5,2274.505,1.0,0.11967873880000172,1966.7554,-46.815624,0.02292208,467.30106,1379.7736,26.468803,14402.289,-0.00015721907,0.15416119,-0.11954628
C5,2278.796,2.0,0.12555659320000015,2340.115,-51.406506,0.024702726,1478.9185,1670.4138,26.890835,17111.18,0.0018036873,0.20226462,-0.20174803
C5,2283.087,0.0,0.10481889219999978,2663.582,-13.246722,0.022845615,2272.344,1909.7064,29.404428,19424.035,0.0006558711,0.20817423,-0.24200866
C5,2287.3779999999997,2.0,0.12006048479999977,2926.1782,22.044268,0.019102084,2391.358,2032.9601,28.460167,21287.592,-0.0019432149,0.19714005,-0.22306646
C5,2291.669,2.0,0.11555395180000023,3231.8875,51.5524,0.018516866,1736.7819,2104.579,23.271074,23464.639,-0.0012974133,0.16980784,-0.17938481
C5,2295.96,0.0,0.11203192880000078,3571.7617,80.15652,0.017642748,467.30115,2276.0637,17.972239,25913.254,-0.001108509,0.13182457,-0.12892121
C5,2300.251,2.0,0.13392922559999362,3960.0715,107.41033,0.017827576,-1198.8923,2649.2766,15.008128,28916.906,-0.00023183496,0.10300533,-0.064882785
C5,2304.542,2.0,0.11706507239999998,4465.059,134.94966,0.017606027,-3003.9353,3194.046,14.742131,33108.453,-0.00013967826,0.072448835,-0.01473909
C5,2308.833,0.0,0.1146460682000016,4935.402,82.14674,0.017189877,-4392.43,3729.087,16.420225,36762.184,-0.00043855267,0.046314664,0.03121625
C5,2313.124,1.0,0.12578261419999986,5481.9224,-51.299026,0.01801215,-4987.499,4047.4053,17.752344,41091.28,0.00043593912,0.016248755,0.060871866
C5,2317.415,2.0,0.13343861599999998,5923.707,-143.47456,0.017427498,-4332.923,4061.1553,16.800886,44665.15,-9.2756236e-05,-0.0046635736,0.07812765
C5,2321.706,0.0,0.11060226939999757,6146.9077,-116.553276,0.017483823,-2428.702,3850.4482,14.107684,46361.363,7.203669e-05,-0.023925623,0.08479849
C5,2325.997,0.0,0.10029014059999886,6229.4375,-89.54496,0.017299121,149.9308,3617.941,11.592748,48495.465,0.00010547948,-0.04238023,0.0714781
C5,2330.288,1.0,0.12311644619999923,5981.13,-62.821976,0.016733645,2609.5498,3544.315,10.355562,48193.42,-9.050824e-05,-0.055171065,0.056792736
C5,2334.5789999999997,0.0,0.12265456319999823,5558.9316,-36.97251,0.016542263,4156.7295,3640.117,10.708027,46292.746,0.00024481825,-0.07739968,0.026103126
C5,2338.87,NA,NA,4855.7744,-11.418684,0.014776581,4474.0996,3746.3923,12.819862,41763.11,-0.00082951866,-0.09437399,-0.0068389047
C5,2343.161,NA,NA,4096.537,11.407587,0.01512768,3819.5234,3666.692,15.353969,36397.793,0.000276273,-0.13455516,-0.049504068
C5,2347.452,NA,NA,3344.1533,34.776222,0.012791221,2688.892,3306.3018,15.417674,30736.041,-0.0013151047,-0.17521507,-0.10163132
C5,2351.743,NA,NA,2556.8467,54.535587,0.012644843,1478.9185,2712.0603,12.000347,24375.945,-0.00042745552,-0.24550098,-0.14968652
C5,2356.034,NA,NA,2001.4419,74.06883,0.014247051,526.808,2022.9375,8.491568,19942.21,0.002898577,-0.30777514,-0.21235663
C5,2360.325,NA,NA,1352.523,96.07712,0.009886383,-8.754218,1392.2375,7.296064,14273.308,0.0010099435,-0.2899312,-0.16101043
C5,2364.616,NA,NA,1349.6992,91.349205,0.0,-246.78185,914.75024,9.376439,15304.868,-0.005998755,-0.3246303,-0.1305949
C6,1394.85,NA,NA,2289.462,-1.9565158,0.0016795457,30.917046,1690.3906,23.179487,26217.11,-0.006072917,-0.016037093,0.024809705
C6,1399.1409999999998,NA,NA,2968.3894,100.63798,0.033221427,-2230.3455,2180.9177,27.62146,33134.605,0.021139406,0.24539988,0.1740896
C6,1403.432,NA,NA,3562.9458,-88.042885,0.014872248,-3380.8123,2482.012,31.977055,37968.402,-0.0005791389,0.25319418,0.15321074
C6,1407.723,NA,NA,3780.3247,-145.06883,0.018774977,-2964.264,2557.9097,32.303295,36834.91,0.0015713959,0.23050022,0.01353028
C6,1412.014,NA,NA,3887.391,-116.066,0.013754443,-1595.605,2437.9143,32.517715,34345.527,-0.003781481,0.18710653,-0.13144234
C6,1416.3049999999998,NA,NA,3450.182,-94.81869,0.015933536,70.58834,2188.236,34.462845,28494.057,-0.0015586775,0.060713157,-0.22805704
C6,1420.596,NA,NA,3219.8616,-70.20521,0.019441903,1320.2334,1901.2212,33.585285,24808.152,0.0011703175,-0.05423665,-0.37483764
C6,1424.887,NA,NA,2622.3955,-40.172127,0.019688334,1697.1106,1686.9489,33.698357,19310.164,-1.4714741e-05,-0.19697046,-0.25531623
C6,1429.1779999999999,NA,NA,2055.3142,-9.758379,0.026447378,1260.7266,1581.466,40.4727,14664.824,0.005435478,-0.33297437,-0.21884812
C6,1433.4689999999998,NA,NA,1764.829,-8.903527,0.020574871,487.13666,1494.1194,50.915028,12218.399,-0.0013182885,-0.40313265,-0.18696038
C6,1437.76,NA,NA,1558.0369,-17.120293,0.021776898,30.91708,1387.8171,51.432922,10719.639,-0.00050889625,-0.31232867,-0.045148347
C6,1442.051,NA,NA,1443.054,-23.480206,0.022281252,30.917046,1345.8402,46.944412,10261.529,-0.00025226362,-0.18945234,-0.00084784295
C6,1446.3419999999999,NA,NA,1811.5968,-69.06101,0.02319298,526.8079,1427.9604,48.715847,13489.455,0.00015650173,-0.27242327,-0.06541231
C6,1450.6329999999998,NA,NA,2188.4912,-33.233433,0.022851411,1280.5621,1567.692,51.77339,16642.309,-0.001152206,-0.27244177,-0.031362746
C6,1454.924,NA,NA,2587.2024,2.066513,0.02712598,1697.1105,1712.1182,46.18268,19563.557,0.0018920223,-0.26660913,-0.08962708
C6,1459.215,NA,NA,2964.5898,3.969643,0.028101854,1359.9047,1889.3529,41.44918,22254.398,0.0017899743,-0.2914479,-0.105325885
C6,1463.5059999999999,NA,NA,3168.3308,47.380272,0.028119594,249.10905,2105.038,40.927746,23474.836,0.0011874438,-0.27924213,-0.12419547
C6,1467.797,NA,NA,3426.4626,50.818287,0.027693033,-980.70044,2295.1094,43.507214,25524.723,0.00069381355,-0.21706769,-0.1696921
C6,1472.088,NA,NA,3502.5579,13.597381,0.025487069,-1674.9478,2435.2656,46.511917,26350.105,-0.0011867168,-0.12416993,-0.16797471
C6,1476.379,NA,NA,3431.9353,-67.03122,0.024525007,-1555.9341,2554.9722,49.62484,24816.303,-0.0016523437,-0.019077221,-0.13316883
C6,1480.6699999999998,NA,NA,3335.7378,-29.14597,0.027022872,-1119.5497,2643.4756,53.93743,23043.164,0.0013747306,0.073508605,-0.114634566
C6,1484.961,NA,NA,3281.7393,32.597885,0.025840042,-980.70044,2655.3682,55.922886,21947.73,0.00074151496,0.14395414,0.036948867
C6,1489.252,NA,NA,3528.9973,-67.48545,0.022867665,-1099.7142,2587.3213,53.671795,23512.584,-0.0016275555,0.17716652,0.05274198
C6,1493.543,NA,NA,3731.359,-72.1604,0.02349127,-980.70044,2491.2456,50.892303,25125.084,-0.00035131743,0.1317501,0.0480517
C6,1497.8339999999998,NA,NA,3658.6992,-35.872025,0.022686549,-345.96002,2396.3132,49.59105,24787.527,-0.0005810584,0.1343455,0.039202612
C6,1502.125,NA,NA,3362.7505,-40.826748,0.022361474,407.79416,2250.7017,48.991856,22786.66,-0.00056066894,0.1725533,0.051528376
C6,1506.416,NA,NA,2944.0488,-6.2836432,0.022759575,903.685,2055.1165,48.348347,20108.076,-0.0001968654,0.22666857,0.029334784
C6,1510.7069999999999,NA,NA,2436.7056,-11.125561,0.02355764,1042.5345,1866.5126,51.239944,16768.348,0.00012944057,0.349725,-0.055760358
C6,1514.9979999999998,NA,NA,2052.0186,5.265337,0.021947026,784.67126,1720.7258,57.878452,14505.923,-0.002246061,0.39545995,-0.14994836
C6,1519.289,NA,NA,1734.8756,-40.831776,0.029162321,526.8079,1606.4327,61.773453,12649.663,0.0042132237,0.29049593,-0.16766323
C6,1523.58,NA,NA,1650.87,-15.782986,0.026537351,586.3149,1496.3654,58.419636,12310.949,0.0011904447,0.039968703,-0.09433624
C6,1527.8709999999999,NA,NA,1658.5458,-14.789145,0.025109917,983.0276,1400.852,56.133556,12398.324,-8.8285036e-05,-0.10435409,-0.049214944
C6,1532.1619999999998,NA,NA,1741.1603,23.999653,0.023399016,1121.8771,1352.7155,56.897663,12657.4795,-0.0011827543,-0.1487325,-0.0060304534
C6,1536.453,NA,NA,1884.7006,60.145515,0.022949053,744.99994,1341.3094,52.973946,13393.512,-0.0007472277,-0.14033574,0.01922716
C6,1540.744,NA,NA,1965.4097,55.59629,0.022015281,149.93085,1358.9968,43.88777,13840.47,-0.0007347916,-0.14041898,0.12812702
C6,1545.0349999999999,NA,NA,2083.0461,49.604618,0.023459889,-266.61746,1425.7032,41.055317,14501.014,0.0015815854,-0.16819085,0.17820501
C6,1549.326,NA,NA,2241.073,-34.15549,0.019404175,-683.1658,1540.8922,41.099358,15436.286,-0.0018099265,-0.19648372,0.21116737
C6,1553.617,NA,NA,2308.2637,-4.1807013,0.018176302,-1139.3855,1680.0415,40.57083,15846.373,-0.0028454876,-0.18696864,0.25207967
C6,1557.908,NA,NA,2357.699,23.89733,0.021100556,-1496.4269,1801.9177,40.58974,16023.899,-0.00038518643,-0.27324054,0.30498102
C6,1562.1989999999998,NA,NA,2485.2278,-43.507385,0.0240286,-1635.2765,1880.2858,40.10491,16702.695,0.0014837498,-0.19442078,0.29535347
C6,1566.49,NA,NA,2709.5647,-46.38896,0.025831236,-1278.235,1916.5616,37.95584,18177.668,0.0019231304,0.0103998715,0.19097304
C6,1570.781,NA,NA,2861.2324,-86.4859,0.02630877,-226.94618,1928.694,36.205814,19304.531,0.0011272166,0.06508221,0.11883799
C6,1575.072,NA,NA,2917.445,-45.845165,0.026039628,1121.877,1935.1061,34.963078,19935.3,-3.6057343e-05,0.100218564,0.041635435
C6,1579.3629999999998,NA,NA,2859.8157,-5.6201887,0.026793838,1875.6313,1960.9269,34.77085,19879.023,0.00032528557,0.103434354,-0.0015751256
C6,1583.654,NA,NA,2776.1848,35.76986,0.028065125,1538.4253,1999.4503,37.03678,19554.018,0.0018054747,0.084078945,0.012432946
C6,1587.945,NA,NA,2685.8872,79.12374,0.026583752,308.61603,1997.0728,43.249996,18910.143,0.001172387,0.03991609,0.05683112
C6,1592.2359999999999,NA,NA,2532.4146,40.18925,0.022400014,-941.02905,1938.877,49.02339,17788.594,-0.0016746138,0.04590016,0.11773793
C6,1596.527,NA,NA,2403.4434,34.79189,0.02008197,-1397.2488,1851.4034,52.033833,16833.502,-0.002503488,0.0525167,0.15479909
C6,1600.818,NA,NA,2367.0544,-14.186278,0.019840222,-1139.3855,1785.6956,54.470306,16476.611,-0.001519418,0.008784586,0.1856276
C6,1605.109,NA,NA,2412.9526,16.462101,0.020556496,-544.3163,1760.9784,56.502792,16570.47,-4.043097e-05,-0.037821822,0.19170053
C6,1609.3999999999999,NA,NA,2402.8718,8.216954,0.020448498,-266.6175,1733.0903,56.97785,16367.332,0.00062163366,-0.052006006,0.15599309
C6,1613.6909999999998,NA,NA,2395.2063,-40.195023,0.021089643,-385.63123,1680.9359,56.055172,16228.701,0.0024363426,-0.090935625,0.10075495
C6,1617.982,NA,NA,2378.8508,-47.616585,0.017363353,-464.9738,1642.3745,53.104275,15983.436,-6.297613e-05,-0.13787335,0.0134397345
C6,1622.273,NA,NA,2301.7,-60.79438,0.0056689754,-28.58983,1673.4004,51.172188,15282.677,-0.011118054,-0.20436962,-0.13910358
C6,1626.5639999999999,NA,NA,2446.2888,-52.03717,0.019879136,1062.3701,1764.1372,51.12933,16310.755,0.0026655763,-0.18559943,-0.19629128
C6,1630.855,NA,NA,2605.4248,-21.32867,0.021448337,2073.9873,1860.0234,50.9122,17502.57,0.0028054595,-0.15040387,-0.14750205
C6,1635.146,NA,NA,2724.0244,11.803859,0.023609772,2371.5225,1920.7249,47.903557,18399.773,0.0031455352,-0.13101445,-0.08390231
C6,1639.437,NA,NA,2707.2532,48.27529,0.023199044,1558.2611,1921.8889,42.56565,18268.086,0.0013286533,-0.11477102,-0.06374139
C6,1643.7279999999998,NA,NA,2548.9775,84.11225,0.02245008,130.09523,1853.0996,39.576664,17023.451,2.7569555e-05,-0.10067315,-0.08019503
C6,1648.019,NA,NA,2370.7217,78.79223,0.020788154,-1119.5498,1742.6117,41.079338,15618.559,-0.001734963,-0.07318505,-0.08107241
C6,1652.31,NA,NA,2203.8064,30.904942,0.022480294,-1595.6052,1655.6306,40.2314,14441.829,-0.00023908706,-0.028539287,-0.08070726
C6,1656.6009999999999,NA,NA,2141.0364,-94.36841,0.024402512,-1238.5638,1626.4335,41.031548,14080.051,0.0012583014,0.008215427,0.0073196357
C6,1660.8919999999998,NA,NA,2138.9927,-96.67238,0.024052272,-306.28873,1618.5303,45.255844,14133.488,0.0003040701,0.05691621,0.09731354
C6,1665.183,NA,NA,2161.5437,-59.517395,0.0243559,725.16437,1616.7693,47.7017,14436.239,7.897175e-06,0.055089526,0.18916257
C6,1669.474,NA,NA,2288.954,-21.893373,0.02561713,1419.4116,1654.9934,46.808002,15221.839,0.000758338,0.07749566,0.23634635
C6,1673.7649999999999,NA,NA,2433.8481,17.678946,0.025187379,1657.4395,1722.7455,47.07033,15981.177,0.00010406451,0.13971029,0.158236
C6,1678.056,NA,NA,2544.5925,56.587395,0.025439981,1300.3978,1781.3229,48.108658,16724.451,0.00050358067,0.17996924,-0.011208534
C6,1682.347,NA,NA,2622.2861,95.88606,0.02774249,407.79416,1805.8877,50.74412,17286.246,0.0030857632,0.14885539,-0.25030857
C6,1686.638,NA,NA,2603.9905,58.74155,0.017101834,-703.0015,1799.175,51.03372,17263.43,-0.007146601,0.07725665,-0.27085376
C6,1690.9289999999999,NA,NA,2588.4873,-14.840217,0.02693171,-1417.0845,1780.454,48.061996,17220.074,0.0030839161,0.03749564,-0.25057662
C6,1695.2199999999998,NA,NA,2536.0068,-13.237194,0.026488172,-1278.2349,1784.8552,46.57634,16886.977,0.002791185,-0.030859603,-0.18345366
C6,1699.511,NA,NA,2446.5342,-52.319324,0.017091742,-266.61752,1838.6013,48.99033,16293.099,-0.0067161475,-0.17105521,-0.11522722
C6,1703.802,NA,NA,2448.8801,-45.916687,0.029209472,1022.6989,1914.6074,50.05522,16235.384,0.0051557366,-0.2893151,-0.0550593
C6,1708.0929999999998,NA,NA,2639.298,-0.79506516,0.022868413,1776.4531,1992.6158,42.069305,17452.75,-0.0011839732,-0.28939798,0.0005775823
C6,1712.384,NA,NA,2989.2407,54.531143,0.02567841,1399.5762,2115.9612,35.043377,19973.656,0.0019650925,-0.32723126,0.07136716
C6,1716.675,NA,NA,3475.7356,94.19813,0.022068605,-147.6036,2316.5818,32.622726,23968.791,-0.0010016821,-0.24301484,-0.007841004
C6,1720.966,NA,NA,3796.4531,128.28882,0.020838775,-1992.3177,2553.229,32.438065,27013.258,-0.001150761,-0.2132194,-0.049073536
C6,1725.257,NA,NA,3983.0854,40.479725,0.020498954,-3261.7983,2730.7449,33.454002,28632.21,-0.00025508026,-0.19350934,-0.06777374
C6,1729.548,NA,NA,3880.7917,-87.85431,0.01872965,-3281.6338,2778.8298,35.24549,28162.322,-0.0009559715,-0.16192876,-0.06462172
C6,1733.839,NA,NA,3549.219,-98.92149,0.01797045,-2230.3452,2663.5544,37.608017,26033.85,-0.0010781278,-0.13200259,-0.06729868
C6,1738.1299999999999,NA,NA,3119.975,-111.16147,0.017041432,-782.344,2386.2869,38.648808,23183.283,-0.002121511,-0.123130694,-0.076651946
C6,1742.4209999999998,NA,NA,2586.443,-84.83655,0.019401353,348.28726,2008.0968,38.16842,19539.139,-0.00029642854,-0.091332465,-0.066188894
C6,1746.712,NA,NA,2050.806,-54.866104,0.023611937,665.6575,1636.9369,40.79221,15576.895,0.003343123,-0.031576235,-0.028858265
C6,1751.003,NA,NA,1557.0166,-18.391338,0.02577941,308.616,1356.7411,49.384148,11749.355,0.0050058947,-0.031002786,-0.030196428
C6,1755.2939999999999,NA,NA,1395.3329,-38.56834,0.011295598,-187.27492,1178.5897,60.434307,10516.473,-0.009752515,0.012920697,0.19983043
C6,1759.585,NA,NA,1410.8859,-1.11935,0.026456006,-445.13818,1077.8832,62.930893,10785.066,0.00560844,-0.16794771,0.57789075
C6,1763.876,NA,NA,1721.6376,-120.25117,0.021216443,-405.46692,1045.5325,54.03667,14187.424,0.0009270533,0.051210802,0.30488163
C6,1768.167,NA,NA,1958.4944,-87.47687,0.02079647,-127.76803,1093.5402,47.056644,17083.291,0.00095575326,0.054703817,0.112523235
C6,1772.458,NA,NA,2030.6543,-55.351303,0.0114199845,268.9447,1199.4427,40.10627,18197.895,-0.008151069,0.046281047,-0.1417772
C6,1776.749,NA,NA,2061.3613,-17.710173,0.02450291,764.8356,1329.7484,36.40025,18971.28,0.0053032087,0.0009860463,-0.25307742
C6,1781.04,NA,NA,2215.9014,-59.85905,0.019862436,1280.562,1468.4788,35.619812,20531.184,0.0014728765,-0.028861681,-0.16679056
C6,1785.331,NA,NA,2231.8894,-29.176352,0.017748818,1677.2749,1591.1144,35.404617,20549.852,0.0010459579,-0.0045291847,-0.06645253
C6,1789.6219999999998,NA,NA,2053.5432,-1.7586869,0.015990498,1736.7817,1640.6362,35.83382,18899.523,0.0022468497,0.021394888,0.041034408
C6,1793.913,NA,NA,1701.9917,22.942795,0.0014319498,1439.2473,1573.678,36.638325,15819.691,-0.00858639,0.07169146,0.15992297
C6,1798.204,NA,NA,1244.2982,25.154812,0.004897002,923.5206,1432.1381,36.428143,11121.238,-0.0021844618,0.09463438,0.2649819
C6,1802.495,NA,NA,987.3876,12.719507,-0.002817179,625.9862,1335.5365,35.94823,8645.563,-0.009057304,0.038444094,0.08178433
C6,1806.786,NA,NA,1181.1682,8.36764,0.011045533,903.6851,1362.0024,37.206112,10714.668,0.0032830571,-0.08181831,0.009182956
C6,1811.077,NA,NA,1690.7771,5.4303355,0.013916254,1558.261,1457.6155,41.316128,15382.052,0.0029176457,-0.13755682,-0.09849122
C6,1815.368,NA,NA,2396.6816,26.927605,0.01942571,1974.8094,1546.8267,42.637375,21408.963,0.004852077,-0.15848319,-0.107474245
C6,1819.6589999999999,NA,NA,2907.201,56.93567,0.020111008,1538.4254,1620.4609,39.475784,25530.654,0.002789468,-0.19520487,-0.045886092
C6,1823.9499999999998,NA,NA,3102.8838,88.00234,0.01990147,229.2734,1681.4213,37.629593,26978.719,0.0012763726,-0.099545375,0.024899296
C6,1828.241,NA,NA,3008.0537,118.745346,0.019197749,-1238.5636,1724.7947,35.059494,25869.021,0.00060878485,-0.032887407,0.09789864
C6,1832.532,NA,NA,2665.8987,108.40126,0.017719984,-2111.3315,1739.13,32.571453,22574.404,0.00035707912,0.03857313,0.18702568
C6,1836.8229999999999,NA,NA,2151.3445,15.774382,0.014327299,-2012.1534,1705.9679,31.275604,17964.383,-0.00089905807,0.12379103,0.3402566
C6,1841.114,NA,NA,1622.5732,-62.093376,0.01524256,-1258.3993,1610.6998,32.645443,13535.691,0.0020459257,0.24762304,0.20368862
C6,1845.405,NA,NA,1274.2802,-38.547283,-0.001903349,-683.16583,1455.4202,35.305893,10646.817,-0.014096854,0.29060182,0.032981053
C6,1849.696,NA,NA,1114.6742,-1.4874997,0.015545716,-603.82336,1267.0493,34.495102,9059.981,0.0028333273,0.32166272,0.010961956
C6,1853.987,NA,NA,1351.2826,22.5269,0.018473305,-921.1935,1113.9629,30.073713,10339.28,0.0038558478,0.32035244,0.11352735
C6,1858.278,NA,NA,1639.5781,-68.93627,0.019910816,-1060.043,1087.2285,23.8216,12195.556,0.0026840891,0.27205354,0.10813618
C6,1862.569,NA,NA,1833.9227,-118.17883,0.021103583,-623.65894,1190.0319,19.448706,13518.048,0.0014513542,0.21003516,0.12991217
C6,1866.86,NA,NA,2042.7224,-85.57887,0.022110207,268.9447,1374.0592,19.263657,15099.208,0.0009899074,0.12040538,0.15632719
C6,1871.1509999999998,NA,NA,2253.9001,-51.423904,0.022863941,1419.4116,1609.5015,21.158438,16810.365,0.0011552088,0.07186018,0.1676334
C6,1875.442,NA,NA,2463.1526,-16.104603,0.021990897,2193.0015,1825.6738,20.887499,18475.023,0.000119361925,0.018270174,0.14764875
C6,1879.733,1.0,0.16982337720000001,2726.4614,17.86605,0.021475894,2331.8508,1952.2163,18.190731,20472.883,-0.00023006795,-0.056020975,0.12837845
C6,1884.024,1.0,0.1699529209999998,3075.7039,51.041153,0.021281479,1716.9462,2006.6304,15.634975,22945.643,-3.894355e-05,-0.110487565,0.08796848
C6,1888.315,0.0,0.1702377660000001,3393.073,83.91593,0.020417685,308.616,2084.3472,14.244304,25073.234,-0.000385374,-0.15389949,0.052624438
C6,1892.606,1.0,0.1760074213999996,3631.6455,115.45635,0.020273214,-1456.7556,2256.9885,14.235779,27204.81,0.00011321801,-0.18636009,0.036076147
C6,1896.897,2.0,0.19637449700000037,3737.8584,146.7736,0.019300645,-2865.086,2480.903,15.614125,28334.383,4.9634662e-05,-0.20735672,0.0010446177
C6,1901.1879999999999,3.0,0.1911192224000001,3632.1948,56.58847,0.018165115,-3301.4697,2644.6267,18.86844,27600.66,0.00021098007,-0.22662269,-0.018777741
C6,1905.4789999999998,2.0,0.18676014120000026,3353.86,-75.35079,0.015971484,-2706.4011,2660.461,22.977802,25790.932,-0.00019723034,-0.22765368,-0.0420088
C6,1909.77,0.0,0.1615677606000004,2918.5378,-90.67867,0.01203351,-1595.605,2499.13,25.216927,22961.58,-0.0021427532,-0.22426292,-0.087558955
C6,1914.061,0.0,0.18298669760000003,2511.9214,-72.089806,0.011767608,-742.67267,2199.986,25.059738,20341.89,-0.00093973865,-0.20367251,-0.16501753
C6,1918.3519999999999,1.0,0.1801259064000002,2276.247,-93.91166,0.004483174,-524.4808,1858.4113,25.294546,18819.164,-0.007838771,-0.14566721,-0.2880646
C6,1922.643,1.0,0.1698682596000008,2254.8062,-66.98624,0.016966332,-663.3302,1576.2231,28.072048,18892.328,0.003852551,-0.0631086,-0.41677296
C6,1926.934,1.0,0.18898148939999992,2504.9722,-80.77733,0.01697268,-623.65894,1431.7933,32.49178,20712.367,0.0023679207,0.026283026,-0.44682482
C6,1931.225,0.0,0.1796291382,2775.8403,-54.558613,0.018819494,-8.754205,1479.821,34.07957,22651.46,0.00282998,0.118762866,-0.46878454
C6,1935.516,1.0,0.17295685180000003,2926.226,-65.48701,0.017422505,1022.6989,1666.0099,32.431633,24442.902,0.0008155176,0.2596092,-0.46958357
C6,1939.8069999999998,2.0,0.18452074100000046,2968.3916,-58.573425,0.015904553,1935.1382,1909.2405,32.603867,26073.953,-0.00018126468,0.27992776,-0.32805043
C6,1944.098,1.0,0.17720885659999996,2901.0754,-34.004707,0.014088313,2391.358,2131.745,33.369022,26081.809,-0.00072268944,0.2756456,-0.17901114
C6,1948.3890000000001,1.0,0.15336682779999888,2731.734,-12.241647,0.013411775,2292.1794,2256.2764,34.30304,24818.96,-0.00020050684,0.19964069,-0.032692406
C6,1952.6799999999998,1.0,0.0919000341999995,2509.1033,8.476326,0.0072184023,1895.467,2249.3865,35.50733,22876.256,-0.005796847,0.045958146,0.15009983
C6,1956.971,2.0,0.09031060920000049,2383.626,19.627022,0.014461479,1538.4254,2130.1274,36.40357,22068.338,0.0013816315,-0.060103655,0.25582597
C6,1961.262,1.0,0.10560828640000028,2348.3738,41.966537,0.0159606,1240.8909,1941.1992,36.937347,22407.33,0.0026021407,-0.21114257,0.29447043
C6,1965.5529999999999,2.0,0.11335286239999999,2189.8057,66.62184,0.016620405,923.5208,1716.315,38.137924,21661.309,0.0032944717,-0.37160465,0.17634696
C6,1969.844,1.0,0.08745239819999913,1913.7502,52.29638,0.01073109,764.8356,1505.3589,40.866184,19471.357,-0.00198635,-0.4822005,-0.0014993349
C6,1974.135,1.0,0.09049921780000063,1652.7236,48.873337,0.009454393,725.1643,1334.466,44.730595,16859.355,-0.0022478895,-0.4730322,-0.04941604
C6,1978.426,1.0,0.09264347939999976,1567.0321,63.478107,0.008685716,784.67126,1190.7043,46.67393,15574.286,-0.002273494,-0.30126652,-0.23786362
C6,1982.717,1.0,0.10391418060000214,1816.4109,56.895454,0.010533866,784.67114,1104.0887,39.279358,17451.018,-0.0005404023,-0.23344453,-0.04590972
C6,1987.0079999999998,1.0,0.08699946580000119,2082.5808,73.16774,0.012526435,487.13666,1095.3726,32.13609,19658.191,0.0006208988,-0.2463461,-0.03517111
C6,1991.299,1.0,0.09313150180000006,2375.6968,72.51809,0.015941495,-107.93237,1187.4948,31.615993,22471.629,0.0031296469,-0.24614675,-0.09967399
C6,1995.59,2.0,0.09727865500000007,2630.9475,97.14387,0.014907609,-802.17957,1394.3608,29.97538,24667.275,0.0017097414,-0.22251225,-0.08748436
C6,1999.8809999999999,0.0,0.054286996600000366,2802.951,120.17254,0.012125943,-1397.2487,1668.1434,27.840446,25542.209,-0.0007384664,-0.19739376,-0.13060325
C6,2004.172,0.0,0.013802165199997598,2811.7952,98.90421,0.010753057,-1754.29,1978.3661,26.866638,25225.213,-0.001295429,-0.14575559,-0.1411434
C6,2008.463,0.0,0.0,2826.5059,35.515114,0.010009968,-2012.1534,2280.2935,27.57972,26540.625,-0.0013066847,-0.089588135,-0.14359467
C6,2012.754,0.0,0.05154386619999999,2903.7744,10.978112,0.009461757,-2369.1948,2513.5522,29.18516,28477.643,-0.0016915665,-0.070578896,-0.057766173
C6,2017.045,0.0,0.05045752960000424,3027.4072,65.59425,0.011793414,-2627.058,2637.3792,29.694994,28982.098,0.00019092788,-0.016673407,0.06844539
C6,2021.336,0.0,0.018065195400000716,3273.6863,-36.18775,0.014534364,-2726.236,2642.626,28.137877,29934.195,0.0020570525,0.05138503,0.12633276
C6,2025.627,0.0,0.02424265079999916,3431.8794,-93.73564,0.013987806,-2250.1812,2524.8003,26.414898,29626.715,0.00028263777,0.20918332,0.17846067
C6,2029.9180000000001,0.0,0.026319813999997204,3435.4302,-112.127846,0.0132323885,-1298.0707,2297.1028,26.942362,28386.0,-0.0018203357,0.3531096,0.22414488
C6,2034.2089999999998,0.0,0.00043759660000236913,3389.2078,-91.68698,0.01851446,-127.76801,2039.1099,29.004995,26724.484,0.0027353663,0.4259028,0.1361867
C6,2038.5,0.0,0.0005748677999997536,3216.647,-63.086582,0.021471988,923.52075,1863.228,32.182655,24904.596,0.0057040807,0.43017903,-0.0067352187
C6,2042.791,0.0,0.0078305874000033,2832.8223,-29.917519,0.014532302,1498.7542,1820.801,38.50065,21915.021,-0.0012451853,0.37998605,-0.119207434
C6,2047.0819999999999,0.0,0.014142217599999203,2331.9763,12.531402,0.001985821,1399.576,1849.3022,43.30148,17942.648,-0.01413102,0.32422522,-0.12446305
C6,2051.373,0.0,0.0,2108.8076,-24.400978,0.026083892,725.1643,1885.8845,40.73303,15750.637,0.009225106,0.22256552,-0.010359976
C6,2055.6639999999998,0.0,0.015379074800000109,2134.331,-4.10763,0.024141794,11.081475,1969.0089,31.073538,15472.234,0.006059366,0.107070655,0.20595577
C6,2059.955,0.0,0.06116229319999998,2519.6262,-46.814346,0.01424541,-167.43924,2189.9995,25.554996,18312.518,-0.005199969,-0.14883786,0.31272063
C6,2064.246,0.0,0.014988267400000114,3352.3613,-84.80862,0.023186468,745.0,2646.3271,26.677134,24823.945,0.0028719448,-0.245251,0.42921007
C6,2068.537,0.0,0.0,4516.7427,-48.99108,0.02043192,2569.8784,3316.911,29.221727,33704.742,5.401746e-05,-0.13265157,0.2811659
C6,2072.828,0.0,0.030344331599999164,5561.6543,-17.428669,0.020168958,4434.428,3971.1133,29.656637,41463.453,-1.4212687e-05,-0.077151984,0.19232409
C6,2077.1189999999997,0.0,0.01352039240000327,6407.998,13.7275305,0.01999562,5227.8535,4388.472,27.931763,47351.87,-6.52864e-05,-0.03973055,0.12831837
C6,2081.41,0.0,0.0027260137999995885,6945.625,44.615963,0.019652443,4255.908,4517.3833,25.405628,50802.695,-1.5654918e-05,-0.012293656,0.07258797
C6,2085.701,0.0,0.0,7137.0825,74.97427,0.019074222,1736.782,4447.533,22.80809,51903.74,4.99692e-05,0.012421979,0.023016294
C6,2089.992,0.0,0.03413223819999562,6992.422,104.43936,0.01820721,-1298.0706,4335.864,20.568748,50706.484,-3.0062627e-05,0.03484583,-0.025388505
C6,2094.283,3.0,0.11592890239999996,6561.5903,92.56514,0.016622592,-3678.3467,4316.6147,20.202991,47481.06,-0.0006745592,0.052844524,-0.074275546
C6,2098.574,2.0,0.12388504060000104,5999.382,78.24305,0.015444275,-4808.9785,4404.2515,22.958523,42914.883,-0.0009386859,0.055250805,-0.10447592
C6,2102.865,2.0,0.12947377180000005,5512.7163,-17.899248,0.014549417,-4927.992,4465.702,26.548515,39083.043,-0.001194411,0.0309142,-0.13664311
C6,2107.156,2.0,0.10937949419999979,5124.869,-75.4239,0.014518306,-4352.759,4325.8755,26.45922,36532.65,-0.0010823483,-0.014748256,-0.1964568
C6,2111.447,0.0,0.09733106220000055,4944.6035,-132.99658,0.01604927,-3281.6338,3937.995,21.841963,35624.42,-2.1916348e-05,-0.066956334,-0.23335163
C6,2115.738,2.0,0.08572833499999989,4834.108,-108.204315,0.017243197,-1635.2764,3443.5415,17.120234,35038.88,0.0001406648,-0.1173225,-0.18883365
C6,2120.029,2.0,0.09672549019999996,4726.2056,-81.56772,0.0193985,288.78036,3042.5627,15.933452,34319.484,0.00089294213,-0.13169521,-0.20266339
C6,2124.3199999999997,3.0,0.0955927484000002,4586.733,-51.6017,0.021280602,2173.1658,2850.7527,17.604904,33258.58,0.0015093479,-0.117317066,-0.24152848
C6,2128.611,2.0,0.0871358474000001,4221.0435,-18.728273,0.022435665,3224.4546,2838.71,20.161829,30473.945,0.0021706794,-0.07875909,-0.2981044
C6,2132.902,1.0,0.08854972579999991,3695.52,15.929445,0.023682587,2986.4268,2843.4736,24.046047,26592.156,0.003759334,-0.0054025385,-0.39393407
C6,2137.193,2.0,0.09319796420000005,3064.0386,52.51336,0.014057885,1954.9738,2708.5322,28.127707,22075.326,-0.004874377,0.098979555,-0.54638755
C6,2141.484,2.0,0.09586729839999991,2470.0444,14.229418,0.014304406,883.84937,2400.0042,29.531189,17816.35,-0.0033610323,0.15685672,-0.6033642
C6,2145.775,0.0,0.06299399739999999,2133.1558,16.32629,0.02120795,447.46542,2005.0109,28.377687,15181.355,0.004377712,0.08055213,-0.39850047
C6,2150.066,0.0,0.07569813039999976,1959.6052,9.087479,0.010371448,685.493,1636.4165,27.00405,13716.424,-0.0065634833,-0.05541648,-0.25331166
C6,2154.357,0.0,0.06789197159999974,2044.8119,45.10888,0.019448467,784.6712,1386.6833,28.593746,14146.311,0.0013729014,-0.06630031,-0.16948801
C6,2158.648,0.0,0.0649133437999998,2156.224,75.152084,0.021605432,368.1229,1342.8032,31.478096,14834.1455,0.001606519,-0.10212488,-0.12252368
C6,2162.939,0.0,0.06910271999999991,2194.9934,108.52729,0.023592653,-683.16583,1424.6165,34.450428,15173.297,0.0011315721,-0.17653577,-0.15139577
C6,2167.23,0.0,0.07412406599999985,2045.5034,144.97227,0.025702799,-1595.605,1476.4615,33.60698,14295.531,0.0006361088,-0.266612,-0.21543905
C6,2171.5209999999997,0.0,0.08355475719999879,1859.4872,-55.32306,0.031205662,-1714.619,1446.8335,30.044067,13173.98,0.004329275,-0.33744642,-0.29810154
C6,2175.812,1.0,0.10572364059999993,1720.0251,-127.11781,0.03177276,-941.02905,1378.0236,27.786871,12318.022,0.0045789797,-0.29182053,-0.351655
C6,2180.103,2.0,0.10852706439999796,1708.9492,-78.03652,0.02569866,209.4378,1333.2933,26.501245,12202.2295,-0.00023448048,-0.24247922,-0.32058185
C6,2184.3940000000002,2.0,0.0994427676000029,1827.8081,-38.33826,0.020578824,1141.7126,1342.7015,25.29483,12992.99,-0.002808894,-0.16609444,-0.25664395
C6,2188.685,2.0,0.10003903139999987,1926.2115,-6.548919,0.016785912,1558.2611,1413.149,26.668694,13754.061,-0.0035549095,-0.09152182,-0.20274597
C6,2192.976,0.0,0.0968371184,2085.209,19.381285,0.0154490685,1617.7681,1498.7423,27.672783,15025.441,-0.0023126872,-0.0136607755,-0.032599553
C6,2197.267,1.0,0.10043108400000018,2288.012,43.246387,0.014194235,1439.2473,1539.0387,24.485115,16664.049,-0.0020649424,0.042427856,0.07776192
C6,2201.558,0.0,0.0882864033999999,2544.774,65.17307,0.015319382,1002.8633,1568.4657,19.757942,18710.014,-0.0004831027,0.09726861,0.10931269
C6,2205.849,2.0,0.10913959919999978,2894.106,88.837845,0.01641988,149.93088,1686.1514,16.480219,21398.535,0.0004546767,0.12447818,0.14286746
C6,2210.14,0.0,0.11186389440000011,3199.807,114.20261,0.017479682,-1099.7142,1922.5591,15.696019,23784.465,0.0011970279,0.15017141,0.18054016
C6,2214.431,2.0,0.09628096739999953,3399.1826,101.20452,0.017275166,-2389.0305,2222.0652,17.042753,25460.557,0.0008896708,0.16721065,0.19390273
C6,2218.7219999999998,0.0,0.06015071400000188,3353.5642,47.89052,0.015569817,-3023.7708,2478.1252,19.515385,25438.008,-0.00043007307,0.17650267,0.22306329
C6,2223.013,0.0,0.05851743619999996,3252.2688,-88.05786,0.015760994,-2964.2642,2587.4585,21.800154,25123.367,0.00071497733,0.19704278,0.21145235
C6,2227.304,0.0,0.0511119624000041,3065.0305,-103.710915,0.013109556,-2349.3594,2498.3608,22.540379,24025.342,-0.0006481244,0.22096378,0.18260449
C6,2231.5950000000003,0.0,0.035083436400000466,2852.003,-123.459785,0.010442428,-1555.934,2236.9685,21.515818,22446.293,-0.002150738,0.27341503,0.15806645
C6,2235.886,0.0,0.0066206828000025305,2777.5107,-107.32874,0.0091893505,-802.1796,1924.6178,20.791271,21814.152,-0.0028121562,0.3384966,0.107962
C6,2240.177,0.0,0.049065845200014516,2840.9448,-93.1334,0.012148906,-8.754205,1756.1248,21.982231,22210.732,-0.00010959448,0.38592514,0.07737965
C6,2244.468,0.0,0.048578365000000893,3091.0537,-74.36625,0.0140297,1002.8633,1862.3499,25.398842,24439.17,0.0006890724,0.4380814,0.051321372
C6,2248.759,0.0,0.08021388839999664,3281.346,-52.69373,0.016182607,2014.481,2172.7566,30.13988,26331.316,0.0013041877,0.41990066,0.06622521
C6,2253.05,0.0,0.03532340720000536,3565.7715,-27.695492,0.018531956,2807.9062,2520.0486,33.541172,28459.922,0.002183596,0.2714295,0.052659538
C6,2257.341,0.0,0.04801364399999998,3709.8933,0.93193096,0.018034084,3026.0981,2750.3525,34.59145,29426.633,0.0006324816,0.13543545,0.05177278
C6,2261.632,0.0,0.03980564099999615,3735.48,28.790262,0.018562041,2530.2073,2792.9224,33.527725,29361.43,0.0005459675,0.0150630735,0.03796641
C6,2265.923,0.0,0.04644010619999741,3685.7126,57.464157,0.017849678,1558.2611,2661.2378,31.711143,28780.916,-0.0004641598,-0.07289699,0.021992339
C6,2270.214,2.0,0.11303539660000005,3540.787,85.03763,0.018741554,407.79428,2425.9243,30.893198,27448.07,0.00028126704,-0.15415652,0.006186353
C6,2274.505,2.0,0.1201627733999994,3393.5376,73.98884,0.018999346,-722.83716,2191.8215,31.616768,26135.514,0.00038692163,-0.19006819,-0.024478754
C6,2278.796,1.0,0.11875747739999992,3070.755,63.338257,0.018095192,-1417.0844,2065.1367,32.547905,23442.906,-0.0007689228,-0.21448599,-0.04356673
C6,2283.087,2.0,0.1271678725999998,2854.5088,51.291,0.01980554,-1674.9476,2061.745,32.553707,21615.309,0.0005757561,-0.23400821,-0.092190236
C6,2287.3779999999997,2.0,0.11424102519999987,2598.56,1.8857956,0.019082587,-1615.4407,2086.4546,33.89556,19538.906,-0.0006243882,-0.26147163,-0.1199148
C6,2291.669,2.0,0.12252554799999998,2385.2212,11.3638115,0.021981318,-1357.5775,2038.2539,35.301285,17894.055,0.0016552325,-0.40947342,-0.15635613
C6,2295.96,2.0,0.12206728680000023,2318.1572,-74.680336,0.01967007,-1119.5498,1889.1595,32.032272,17463.143,-0.0013375593,-0.24587446,-0.19080059
C6,2300.251,2.0,0.10766515419999696,2324.563,-44.294796,0.023413766,-861.6865,1714.0269,25.621086,17612.023,0.0020388572,-0.22515027,-0.18770848
C6,2304.542,0.0,0.09975538640000002,2489.0696,-48.126144,0.022756387,-345.96002,1659.7355,22.43702,19145.072,0.0015710826,-0.24859558,-0.23294194
C6,2308.833,0.0,0.07602794479999997,2528.22,-52.972992,0.021921443,625.98627,1805.0142,22.188652,19670.24,0.0013527217,-0.2892369,-0.1400093
C6,2313.124,3.0,0.09517278820000062,2802.1138,-59.109627,0.013595956,1816.1243,2101.38,22.257471,22098.691,-0.00608251,-0.28218806,-0.14696662
C6,2317.415,0.0,0.08034941040000033,3104.6858,-18.10714,0.02077637,2907.0847,2402.208,20.943333,24552.715,0.0021181905,-0.26266134,-0.0016409026
C6,2321.706,1.0,0.10606010900000058,3490.8242,13.98737,0.018708754,3184.783,2555.6028,19.398853,27206.799,0.0010754263,-0.20960304,0.1359833
C6,2325.997,1.0,0.09808001100000005,3807.999,42.887897,0.014978359,2510.3716,2514.4888,18.688442,30239.117,-0.0016065427,-0.16548872,0.23989326
C6,2330.288,1.0,0.09641182379999987,3924.388,66.02587,0.01558687,1181.3839,2342.8665,17.49585,31808.094,0.00019919264,-0.14079589,0.32677868
C6,2334.5789999999997,1.0,0.09223421280000044,4004.5425,90.10384,0.012525504,-385.6313,2162.6526,15.647483,32983.74,-0.0013920156,-0.10494566,0.33363062
C6,2338.87,1.0,0.08974051220000007,3685.552,109.45274,0.011380161,-1555.9341,2091.4338,14.402391,30892.07,-0.001115981,-0.0602519,0.35756683
C6,2343.161,3.0,0.09027852380000059,3615.1614,127.032364,0.011100859,-2270.0166,2178.6912,15.915527,31539.146,-0.00037409918,0.008993996,0.24864891
C6,2347.452,2.0,0.10891827959999932,3155.4902,144.18053,0.0072516287,-2488.2087,2383.678,19.450678,28776.475,-0.00367595,0.040733177,0.24259755
C6,2351.743,0.0,0.0876567999999998,3171.093,75.38255,0.0141789,-2567.5515,2589.632,20.393288,30713.572,0.0035335347,0.057236433,0.07896296
C6,2356.034,1.0,0.09602067139999948,2833.0364,-22.714447,0.008127152,-2567.5513,2662.2124,19.044308,29271.021,-0.0018386729,0.006351153,-0.012442642
C6,2360.325,0.0,0.08339998219999961,2811.4365,-50.15995,0.015808288,-2488.2087,2545.8503,16.983805,31019.023,0.007332148,-0.10038403,-0.25183064
C6,2364.616,1.0,0.09219761559999985,3178.0015,-85.73994,0.0,-2270.0166,2259.063,15.099148,36320.062,-0.006251918,-0.13064915,-0.33189854
C7,1394.85,NA,NA,1311.3212,38.2704,-0.004850816,-345.96005,1098.555,29.536743,13076.7,-0.010105587,0.16893847,-0.4971268
C7,1399.1409999999998,NA,NA,2044.2303,30.77706,0.027885258,487.13663,1446.0201,37.09271,21744.736,0.018583825,-0.039944213,0.108003534
C7,1403.432,NA,NA,2364.6194,13.853091,0.012302493,1201.2196,1696.0884,39.988483,23888.31,-0.0008852151,0.059420664,-0.071075715
C7,1407.723,NA,NA,2517.7876,32.8575,0.020123258,1498.754,1807.2025,45.208233,23754.701,0.004114037,0.03139015,-0.24795727
C7,1412.014,NA,NA,2841.1711,3.9430988,0.016885867,1320.2334,1797.5367,52.630596,25126.24,-0.00066058215,0.096571326,-0.37965906
C7,1416.3049999999998,NA,NA,2888.0461,30.027708,0.01656366,606.1506,1773.6693,54.135468,24130.225,-0.0018346523,0.13229473,-0.3843951
C7,1420.596,NA,NA,3052.2578,55.614582,0.01859918,-673.24805,1834.7086,55.247433,24366.053,-0.0011262354,0.18108451,-0.29963592
C7,1424.887,NA,NA,3052.3643,84.34585,0.023743188,-2131.1672,1967.8558,57.334972,23640.602,0.001937448,0.16221178,-0.14344497
C7,1429.1779999999999,NA,NA,3050.237,61.023388,0.026966736,-2815.4968,2125.2031,52.306854,23371.959,0.0028457686,0.0699054,-0.059522074
C7,1433.4689999999998,NA,NA,3063.1912,-137.31947,0.02816314,-2101.4138,2288.661,43.77509,23602.64,0.0020019943,-0.06310594,-0.033478975
C7,1437.76,NA,NA,3206.133,-93.814186,0.029452676,-137.68584,2464.532,41.0412,24747.916,0.002113444,-0.2878492,-0.037312705
C7,1442.051,NA,NA,3517.0752,-48.316875,0.02824187,2183.0835,2621.5586,41.84949,26266.1,0.0007719025,-0.35765922,-0.11740589
C7,1446.3419999999999,NA,NA,3857.428,-4.689965,0.026240641,3551.7424,2707.949,37.520054,28495.242,-0.00048090122,-0.3424617,-0.10103226
C7,1450.6329999999998,NA,NA,4141.8086,35.84553,0.024909005,3135.194,2707.8386,33.21703,30418.896,-0.0004863361,-0.32295236,-0.0749046
C7,1454.924,NA,NA,4193.684,74.32396,0.022619164,1171.4662,2631.3665,31.121119,30443.705,-0.0009780765,-0.2412434,-0.0782907
C7,1459.215,NA,NA,3977.4465,109.26514,0.02136719,-1119.5499,2500.3118,27.251806,28637.213,0.00015545059,-0.20368584,-0.057290554
C7,1463.5059999999999,NA,NA,3587.68,142.27232,0.019097283,-2607.2224,2371.1409,22.753805,25560.123,0.0010593008,-0.20760997,-0.070208706
C7,1467.797,NA,NA,2917.0676,51.77304,0.011814033,-2785.7434,2299.884,22.774567,20590.736,-0.0023937665,-0.09629595,-0.088863134
C7,1472.088,NA,NA,2181.7751,-109.97711,0.006506935,-2101.4138,2261.1047,26.284605,15270.206,-0.0041211117,0.07918227,-0.08585811
C7,1476.379,NA,NA,1785.515,-99.92545,0.0004429811,-1595.6051,2173.4849,28.976679,12473.43,-0.008114613,0.06487155,0.037068486
C7,1480.6699999999998,NA,NA,1804.6353,-159.24115,0.005195468,-1684.8656,2004.5684,26.312536,12615.124,-0.003608987,0.1638325,0.18238564
C7,1484.961,NA,NA,2392.6914,-151.21541,0.015229384,-1952.6465,1827.2631,21.127142,16525.797,0.004011553,0.15776055,0.024631301
C7,1489.252,NA,NA,3097.5256,-127.68966,0.019911988,-1655.1119,1810.9746,16.566454,21248.152,0.0051635173,0.1958354,0.055664778
C7,1493.543,NA,NA,3781.6702,-96.93042,0.021431386,-286.4531,2089.21,14.350785,25984.75,0.003307312,0.26235548,0.037142515
C7,1497.8339999999998,NA,NA,4201.8022,-63.824078,0.021197414,1885.549,2557.6404,14.422157,28911.453,0.0006819512,0.40849742,0.021731893
C7,1502.125,NA,NA,4430.4385,-31.079157,0.022344345,3700.51,2984.2708,17.273058,30427.08,0.00037337482,0.30005074,-0.048640687
C7,1506.416,NA,NA,4495.618,3.437495,0.023174537,4384.8394,3209.5427,24.278105,30711.492,-6.279617e-05,0.18767758,-0.15017672
C7,1510.7069999999999,NA,NA,4256.783,39.23659,0.024009852,3254.208,3182.9834,32.341637,28914.623,-0.000997053,0.42253205,-0.30446312
C7,1514.9979999999998,NA,NA,3831.043,76.32605,0.027844368,933.43854,2924.8535,36.273846,26063.271,0.00084983883,0.29244295,-0.2609068
C7,1519.289,NA,NA,3223.888,119.33892,0.032719165,-1476.5913,2510.445,35.296093,22130.5,0.004316227,0.33663842,-0.13732894
C7,1523.58,NA,NA,2558.8665,49.88217,0.037134394,-2369.1948,2099.0933,35.059525,17648.383,0.008335337,0.26759398,-0.10157899
C7,1527.8709999999999,NA,NA,2216.9944,-132.7541,0.018889662,-1595.6051,1884.0809,40.875042,15075.425,-0.009222299,0.20673434,-0.1740696
C7,1532.1619999999998,NA,NA,2289.8997,-73.57411,0.027560852,130.09525,1889.0988,50.618958,15271.141,0.0008231597,0.06911012,-0.13262177
C7,1536.453,NA,NA,2516.1218,-30.999208,0.023759557,1766.5353,1968.0815,57.208134,16593.338,-0.0012006889,0.036762793,-0.12483128
C7,1540.744,NA,NA,2789.6602,5.7036004,0.02418382,2480.6182,2011.5844,58.14117,18372.416,0.0014632122,0.122333564,-0.21889818
C7,1545.0349999999999,NA,NA,2915.4807,43.0618,0.024202717,2034.3164,1985.9927,56.690567,19312.904,0.0040218285,0.22415121,-0.07007591
C7,1549.326,NA,NA,2727.4604,80.449196,0.009169665,873.93164,1890.9574,54.619274,18257.455,-0.008363744,0.33248368,0.046737473
C7,1553.617,NA,NA,2328.7275,64.61413,0.0084205605,40.83488,1760.957,50.79817,15735.495,-0.0069096,0.4098681,0.16497783
C7,1557.908,NA,NA,2273.0486,47.62187,0.018065473,-18.672028,1669.9414,43.785725,15094.227,0.0037920196,0.25233522,0.49680302
C7,1562.1989999999998,NA,NA,2698.5686,75.52869,0.013471577,219.35559,1768.8262,37.272026,17396.164,-0.0010321562,-0.02134645,0.58592874
C7,1566.49,NA,NA,3381.3125,96.33903,0.0161323,-286.4531,2175.7866,33.16315,21924.482,0.00040506126,-0.16226006,0.42536068
C7,1570.781,NA,NA,4055.0195,121.259575,0.017676814,-1684.8656,2747.4631,30.618788,27033.594,0.0004667144,-0.24195874,0.3295988
C7,1575.072,NA,NA,4660.146,88.56602,0.020025713,-3440.319,3261.1492,30.3476,32234.453,0.0015288995,-0.2855282,0.24697296
C7,1579.3629999999998,NA,NA,5038.389,-0.49906668,0.020762013,-4511.4434,3559.181,30.374136,36077.082,0.0011164609,-0.3093419,0.18483086
C7,1583.654,NA,NA,5107.935,-88.426735,0.021416297,-3916.3748,3582.383,28.784517,36840.973,0.0007981704,-0.3144797,0.13166742
C7,1587.945,NA,NA,4825.6333,-115.3437,0.021125259,-1833.6327,3355.3213,25.54323,34950.355,-0.0003308557,-0.35336623,0.07618928
C7,1592.2359999999999,NA,NA,4247.806,-82.71024,0.021863373,457.3832,2957.696,21.819572,30882.635,-0.0005453341,-0.4098855,3.3775967e-05
C7,1596.527,NA,NA,3550.1094,-48.93659,0.02383087,1855.7955,2506.7795,19.589752,25940.37,0.00032744627,-0.51614344,-0.102579474
C7,1600.818,NA,NA,2727.0823,-12.123607,0.026812145,2123.5767,2121.6487,20.628555,20157.977,0.0026891783,-0.35204935,-0.21548526
C7,1605.109,NA,NA,1863.5773,29.294724,0.027461434,1290.48,1838.1128,28.195068,13888.694,0.003745947,-0.24156459,-0.30642065
C7,1609.3999999999999,NA,NA,1227.418,71.71604,0.024553152,278.86252,1595.1212,39.365685,8977.122,0.0021059609,0.26126218,-0.2995752
C7,1613.6909999999998,NA,NA,1165.774,-40.355225,0.009107343,-226.94621,1399.7432,41.065475,8486.368,-0.011724847,0.08832133,-0.085985065
C7,1617.982,NA,NA,1439.1461,-56.28657,0.021603264,189.60217,1394.7552,36.116077,10514.485,0.0020544147,0.3090755,0.300351
C7,1622.273,NA,NA,2043.3883,-52.914715,0.019634238,1141.7128,1642.6437,34.21504,15171.685,0.0006119931,0.16575845,0.14596927
C7,1626.5639999999999,NA,NA,2605.6074,-22.584528,0.01985522,2064.0698,2005.3667,35.28996,19553.248,0.00077213655,0.153306,-0.0074766874
C7,1630.855,NA,NA,3133.9314,8.087019,0.020159183,2688.8923,2281.0784,34.945812,23595.365,0.0010832049,0.17584057,-0.14550097
C7,1635.146,NA,NA,3490.1133,39.22812,0.018787393,2659.139,2370.3342,28.06304,26452.709,0.00045191892,0.16596544,-0.28112736
C7,1639.437,NA,NA,3616.4697,68.25013,0.015863908,1736.7817,2294.9846,20.012764,27857.104,-0.001108251,0.12522645,-0.48221877
C7,1643.7279999999998,NA,NA,3621.4072,92.756065,0.014293057,278.86252,2182.7056,15.745865,28503.25,-0.0013470463,0.057976604,-0.4554418
C7,1648.019,NA,NA,3617.627,114.83542,0.011994178,-1298.0707,2219.4382,14.681072,29449.396,-0.0028785234,0.034750897,-0.4402771
C7,1652.31,NA,NA,3520.6882,133.36354,0.012591536,-2458.4553,2460.4211,14.930799,29847.072,-0.002383657,0.068062305,-0.4447265
C7,1656.6009999999999,NA,NA,3586.545,152.81444,0.018740674,-3172.538,2755.2031,15.605957,30916.844,0.0029361714,-0.054175854,-0.32143995
C7,1660.8919999999998,NA,NA,3643.8484,-58.235718,0.019038836,-3440.3193,2915.4504,17.74665,31692.154,0.0021735479,-0.16872609,-0.31456426
C7,1665.183,NA,NA,3564.9854,-88.825294,0.018379802,-2904.757,2831.1301,20.698446,30671.037,0.0009398682,-0.26308405,-0.27785352
C7,1669.474,NA,NA,3375.9084,-120.4329,0.017975243,-1714.619,2512.7522,21.696077,29069.287,0.0010073824,-0.33063534,-0.18988506
C7,1673.7649999999999,NA,NA,3090.5173,-92.66547,0.016843913,-197.19275,2062.2766,21.783525,27226.748,0.0014126586,-0.33582115,0.02290225
C7,1678.056,NA,NA,2629.1023,-66.64567,0.009295491,1022.6989,1625.1244,24.495722,23620.701,-0.0037951227,-0.3562024,0.1923465
C7,1682.347,NA,NA,2124.1455,-52.28636,0.009640363,1409.4938,1365.0275,27.281466,19345.79,-0.0006158385,-0.29809037,0.12137429
C7,1686.638,NA,NA,1794.8514,-37.394318,0.007464245,1290.48,1360.9679,27.851141,16489.105,-0.00019922138,-0.16232093,0.043227553
C7,1690.9289999999999,NA,NA,1546.3047,-25.863848,-0.0005163975,1022.6989,1485.6353,25.58397,14214.844,-0.00683404,-0.043809254,-0.038811523
C7,1695.2199999999998,NA,NA,1590.5225,-26.66156,0.0016525745,1260.7264,1629.8949,24.208223,14582.117,-0.005038299,0.32501265,-0.13010938
C7,1699.511,NA,NA,1979.7535,-24.108728,0.013399391,1826.0424,1772.129,24.445082,18071.977,0.0051214974,0.3232309,-0.0768284
C7,1703.802,NA,NA,2321.4397,-3.4098854,0.016020125,2212.837,1906.7515,24.628859,20991.521,0.00597732,0.24726112,-0.039493043
C7,1708.0929999999998,NA,NA,2491.4045,21.337358,0.01427304,2183.0835,1968.792,23.99082,22508.49,0.003175298,0.1919728,-0.018671473
C7,1712.384,NA,NA,2419.468,43.385784,0.007827134,1736.7817,1897.1754,22.572054,21686.824,-0.0032451337,0.1469117,0.004727205
C7,1716.675,NA,NA,2370.781,55.47682,0.007028907,1320.2335,1706.4257,20.905626,21025.572,-0.003454495,0.065205894,0.069797516
C7,1720.966,NA,NA,2516.5696,66.3348,0.009520262,873.93164,1503.5083,17.979795,23086.088,-0.0008376169,0.019254288,0.17453639
C7,1725.257,NA,NA,2844.9705,81.04131,0.0123228235,278.86252,1447.7618,15.493861,27289.729,0.001117892,0.024145126,0.26552105
C7,1729.548,NA,NA,3171.1697,100.07712,0.014055665,-732.7549,1624.9326,16.203209,30139.492,0.0016231061,0.06694579,0.2930484
C7,1733.839,NA,NA,3418.0928,121.78976,0.015978206,-1803.8794,1973.1176,18.746922,32005.154,0.0031385412,0.1257695,0.2352931
C7,1738.1299999999999,NA,NA,3484.7239,86.47225,0.016404005,-2577.469,2326.6558,21.795677,32107.475,0.004389237,0.21409404,0.09781059
C7,1742.4209999999998,NA,NA,3308.8545,51.812496,0.00548886,-2726.2363,2560.6357,26.61352,30314.58,-0.005214007,0.34313533,-0.08335265
C7,1746.712,NA,NA,3022.0671,30.291468,0.0006966819,-2428.702,2645.5408,30.754593,27940.943,-0.009238718,0.49735796,-0.27530548
C7,1751.003,NA,NA,3009.5095,-58.632324,0.012902324,-1952.6466,2650.8616,33.088486,27058.467,0.0025701225,0.39601576,-0.14997749
C7,1755.2939999999999,NA,NA,3129.9912,-38.701336,0.015764808,-1714.619,2610.2783,34.566372,27277.299,0.004013589,0.32034862,-0.12182721
C7,1759.585,NA,NA,3273.451,-14.348481,0.016848309,-1684.8654,2494.51,35.43803,27538.023,0.0034490442,0.1702817,-0.14668512
C7,1763.876,NA,NA,3198.1257,-108.32189,0.015024752,-1655.1119,2306.2053,35.06389,25924.021,0.0007246591,-0.042179704,-0.08294519
C7,1768.167,NA,NA,3122.7979,-115.11225,0.013031542,-1268.317,2082.6367,33.70885,24703.17,-0.0011338388,-0.22703294,-0.055958867
C7,1772.458,1.0,0.19828617079999905,3239.7087,-94.98165,0.01203159,-494.7273,1933.1118,33.31478,25774.867,-0.0016937169,-0.23861258,0.122671045
C7,1776.749,1.0,0.20752074019999994,3405.2087,-76.39573,0.012460415,546.6436,1995.6327,32.50714,27138.057,-0.0012746241,-0.31062102,0.19829631
C7,1781.04,1.0,0.20786188100000022,3592.9504,-57.14738,0.014556002,1736.7819,2279.2532,32.22083,28512.836,0.00018615996,-0.39023745,0.23782317
C7,1785.331,1.0,0.1923272572000003,3786.6062,-34.661846,0.017293744,2926.92,2644.2356,32.233288,29885.838,0.0018594195,-0.41508773,0.23143463
C7,1789.6219999999998,0.0,0.21904144840000028,3827.3682,-7.947161,0.017434375,3611.2493,2909.7842,29.819962,30026.584,0.000866499,-0.36742973,0.12811284
C7,1793.913,2.0,0.2195459378000006,3694.798,18.984764,0.018150212,3402.9749,2953.138,25.310179,28679.787,0.000639205,-0.22853203,0.020216823
C7,1798.204,1.0,0.2249627216,3443.4246,47.022488,0.018372849,2331.8508,2754.86,21.785965,26234.578,0.00012535368,-0.07363335,-0.09913262
C7,1802.495,2.0,0.20883307480000052,3075.4402,75.40412,0.018788623,784.6713,2392.0505,20.44257,23004.947,-0.00019739883,0.03040596,-0.18926327
C7,1806.786,2.0,0.21987824579999904,2635.1672,104.42804,0.019689372,-613.74115,1982.9624,21.74719,19455.646,-0.0002699971,0.0611099,-0.2826679
C7,1811.077,2.0,0.2006300549999996,2164.6226,74.84338,0.021726027,-1327.8241,1649.2744,27.139496,15748.8125,0.0005308804,0.056555193,-0.42571
C7,1815.368,0.0,0.20117707699999995,1957.4674,-41.59511,0.024050513,-1417.0844,1505.0004,35.33763,14151.794,0.0015089166,-0.062098503,-0.33495533
C7,1819.6589999999999,2.0,0.2188549871999997,1966.5387,-4.442842,0.025214178,-1119.5499,1528.9733,42.30386,14077.134,0.0014245556,0.05862089,-0.24935777
C7,1823.9499999999998,1.0,0.24870919639999745,2126.4763,-25.49299,0.025218122,-643.49457,1590.4028,42.839687,14917.036,0.0004759878,0.10990274,-0.26745248
C7,1828.241,1.0,0.22663578380000007,2361.5706,-46.537037,0.025915816,-107.93237,1665.3749,42.240616,16204.731,0.00063931633,0.14829652,-0.30040643
C7,1832.532,2.0,0.2114402004000001,2604.8994,-66.50332,0.025861239,516.89014,1790.1388,44.391205,17579.676,0.0004992731,0.18595307,-0.37142682
C7,1836.8229999999999,0.0,0.20901295720000004,2811.2463,-26.553917,0.02554462,1141.7126,1921.6523,48.986515,18736.46,0.00046852967,0.191521,-0.56980044
C7,1841.114,1.0,0.2097353000000003,2921.6438,12.906387,0.02404429,1469.0006,1995.7554,51.712177,19330.04,-0.0005878571,0.13267668,-0.2807524
C7,1845.405,1.0,0.24930706099999986,2884.463,50.04904,0.022869408,1230.973,1987.068,53.035275,19073.518,-0.0010724426,0.124791265,-0.1585902
C7,1849.696,1.0,0.2019423022000001,2762.5156,25.376791,0.023067905,338.36945,1919.3107,54.713108,18299.402,-6.04427e-05,0.17853896,-0.082731605
C7,1853.987,2.0,0.23813555520000543,2530.4568,61.011166,0.025767302,-703.00146,1842.9637,54.92152,16828.477,0.003432412,0.2798179,-0.02881678
C7,1858.278,1.0,0.2178145570000002,2274.539,40.815464,0.012110136,-1268.3171,1763.515,53.75035,15262.206,-0.009455971,0.48133028,0.032275837
C7,1862.569,1.0,0.21637892380000004,2052.406,-30.477285,0.030634077,-1119.5498,1670.2227,54.426968,13934.879,0.009505311,0.7043209,0.09940752
C7,1866.86,1.0,0.22516930700000007,2003.3004,-43.154987,0.011367644,-375.7135,1576.485,56.55775,13783.712,-0.009752598,0.66990787,0.15583853
C7,1871.1509999999998,2.0,0.21917298579999975,2077.178,4.405294,0.026305253,427.6298,1473.1442,56.38548,14370.788,0.0048808455,0.55296,0.18509412
C7,1875.442,2.0,0.22433260120000054,2156.783,-14.959403,0.023063429,873.93164,1386.3867,57.31576,14937.5205,0.0014350185,0.45904472,0.16996224
C7,1879.733,1.0,0.22291103439999996,2292.2266,20.668062,0.02239929,725.1643,1410.5034,56.537647,15985.859,0.0012142445,0.37929535,0.18539111
C7,1884.024,2.0,0.20556944839999994,2406.2078,55.26959,0.019893704,189.60216,1563.1968,50.035038,16967.19,-0.00025413308,0.33893964,-0.03827405
C7,1888.315,2.0,0.21264359280000314,2434.9368,86.00059,0.015636588,-464.97385,1772.9316,44.388077,17421.354,-0.0030957814,0.42113385,0.11915203
C7,1892.606,1.0,0.19811006060000033,2525.6272,110.155365,0.015820332,-1030.2894,1966.9781,38.358128,18276.842,-0.0014875765,0.20084934,0.16525166
C7,1896.897,1.0,0.2175508963999999,2686.5088,14.593979,0.016135635,-1476.5912,2114.0693,33.532207,19657.336,-0.00012185634,-0.018071571,0.19057953
C7,1901.1879999999999,2.0,0.21013991840000062,2852.4417,-80.48034,0.016232045,-1744.3722,2210.9797,31.970848,21848.85,0.00066732784,-0.14283693,0.17544465
C7,1905.4789999999998,1.0,0.2019627471999993,3088.3523,-55.40572,0.014496427,-1982.3999,2258.433,31.08767,24808.975,-0.0008295877,-0.18833037,0.16138108
C7,1909.77,2.0,0.22906863960000112,3273.8916,-33.012222,0.012271267,-1922.8932,2246.2102,28.444487,26365.135,-0.0033163547,-0.20649831,0.14768279
C7,1914.061,1.0,0.20343662620000005,3461.1848,-74.05606,0.017559012,-1506.3447,2208.0188,25.663359,28057.967,0.0011273953,-0.1353929,0.13948353
C7,1918.3519999999999,1.0,0.2029640915999999,3609.2363,-106.9316,0.019143095,-583.9876,2227.7427,23.23731,29306.04,0.001640466,-0.042508125,0.13924281
C7,1922.643,2.0,0.21290912639999976,3616.4844,-77.360115,0.020632172,606.15045,2304.5718,21.487305,29407.982,0.0023614948,0.04790294,0.13587444
C7,1926.934,1.0,0.1898217269999999,3464.8555,-45.488354,0.022764416,1796.2887,2339.9531,20.78911,28346.852,0.0043898253,0.14714547,0.14219253
C7,1931.225,1.0,0.20423539039999944,3028.5647,-10.322793,0.010213695,2272.344,2258.393,22.53998,24994.951,-0.007457171,0.2813827,0.14237277
C7,1935.516,1.0,0.21129954699999862,2452.6125,-24.54509,0.020632798,1915.3024,2057.347,28.332327,20317.643,0.004111919,0.40675175,0.16077192
C7,1939.8069999999998,1.0,0.23334736040000106,1939.4795,7.3276324,0.01166587,992.9455,1826.284,34.291557,15807.375,-0.004027777,0.36566105,0.16776316
C7,1944.098,1.0,0.20781030740000006,1383.473,25.348604,0.015412581,368.1229,1685.2142,36.25474,10912.274,-0.00043083835,0.3598698,0.06362983
C7,1948.3890000000001,1.0,0.20602292600000202,1455.5215,-10.842654,0.01258991,576.39703,1673.8407,36.122555,11198.852,-0.004392724,-0.0452799,0.07580396
C7,1952.6799999999998,1.0,0.2129309568000001,1954.851,8.605736,0.026123745,1617.768,1760.1841,37.795094,15070.401,0.0075237043,-0.26717517,-0.087891065
C7,1956.971,1.0,0.21582501099999993,2752.1565,18.96065,0.02085645,2480.6182,1916.186,37.687244,21172.736,0.0006287135,-0.26612675,-0.08970451
C7,1961.262,2.0,0.20647907799999995,3551.598,51.17886,0.022093056,2123.5764,2150.8113,31.602295,27077.38,0.0006689744,-0.22088547,0.01251781
C7,1965.5529999999999,0.0,0.18676232679999893,4100.449,85.307335,0.022142245,308.616,2422.2068,27.003952,31090.643,0.00019217166,-0.5012309,0.1470238
C7,1969.844,0.0,0.11933992519999924,4336.3257,119.51178,0.021949708,-2012.1534,2689.4001,25.276535,32762.04,0.00021466229,-0.11369709,0.22497158
C7,1974.135,1.0,0.14169784080000059,4287.8394,153.41881,0.02120558,-3589.0867,2886.2324,24.717154,32411.135,0.00029307275,-0.010192752,0.28121316
C7,1978.426,0.0,0.10295880780000008,3984.6035,-53.823658,0.023433441,-3678.347,2948.59,25.964502,30354.76,0.003654882,0.05307285,0.32557786
C7,1982.717,0.0,0.1177612520000004,3528.0557,-77.62461,0.010394265,-2577.469,2828.3054,29.082842,27123.225,-0.008157321,0.10742275,0.3573966
C7,1987.0079999999998,0.0,0.10070083639999915,3163.9622,-91.56796,0.018873611,-1179.0568,2529.9954,30.680414,24223.771,0.0011483926,0.04234898,0.28247628
C7,1991.299,2.0,0.130023775399999,2876.218,-62.412766,0.01642535,-107.93237,2166.3298,30.927923,21354.217,-0.0013336946,-0.10035785,0.2098393
C7,1995.59,0.0,0.12226712539999993,2738.5168,-37.03954,0.018544255,576.39703,1928.9948,32.596897,19687.68,-0.00027138475,-0.22608495,0.17935018
C7,1999.8809999999999,1.0,0.13506768879999756,2684.1343,-68.39312,0.021309545,1201.2196,1891.4208,37.62057,19011.47,0.00071994076,-0.27238575,0.18462913
C7,2004.172,0.0,0.12520667720000025,2578.4563,-35.47498,0.025730846,1826.0421,1938.1215,41.460632,18198.21,0.0032786594,-0.3163923,0.24979305
C7,2008.463,0.0,0.11023603719999969,2484.3142,4.2729993,0.025224043,2004.5629,1944.3046,39.131443,17645.326,0.0011847127,-0.31044307,0.3234049
C7,2012.754,1.0,0.1258533894,2445.9666,43.238094,0.025201544,1439.2471,1862.7588,37.176006,17506.738,0.00010151773,-0.18151116,0.3244343
C7,2017.045,0.0,0.11591687140000025,2341.7402,82.168434,0.027181646,189.60217,1721.2555,37.349876,16880.166,0.0019408665,-0.03739385,0.36065683
C7,2021.336,3.0,0.12153659019999952,2181.9727,64.15755,0.026167497,-1060.043,1597.1885,38.67705,15774.886,0.0018370138,0.084314466,0.3104508
C7,2025.627,3.0,0.15339568739999987,2106.4905,104.58005,0.022013096,-1714.619,1536.8785,40.252186,15166.81,-0.000496373,0.0975742,0.20887034
C7,2029.9180000000001,0.0,0.07409177019999667,1996.847,-41.415005,0.01724104,-1625.3585,1517.2303,39.738087,14291.415,-0.0029423826,0.02665615,0.10234936
C7,2034.2089999999998,0.0,0.05229917320000021,1991.9263,-134.78174,0.015218585,-1208.8102,1486.2236,34.13767,14132.051,-0.0027866883,0.035736162,-0.057351828
C7,2038.5,0.0,0.054900502400000044,2120.4954,-111.272675,0.013648291,-673.24805,1458.2604,28.46965,15062.819,-0.0029734953,0.051661056,-0.28955078
C7,2042.791,0.0,0.052676168399999994,2380.879,-90.18934,0.016220175,-18.672018,1543.3302,26.302711,17017.545,-7.9348065e-05,0.041525323,-0.21476746
C7,2047.0819999999999,0.0,0.0507933584,2804.503,-65.133064,0.017983107,1052.4524,1822.7123,27.732496,19991.531,0.0011592522,-0.0044488907,-0.21115303
C7,2051.373,0.0,0.07274351679999685,3152.4856,-37.35348,0.018116416,2302.0974,2198.083,29.75073,22685.041,0.00040557093,-0.049995106,-0.23828001
C7,2055.6639999999998,0.0,0.05428754279999817,3414.0793,-9.367964,0.019617977,3164.9475,2483.5872,31.109549,24866.451,0.0011024032,-0.10389781,-0.3034462
C7,2059.955,0.0,0.044141819799990184,3522.944,20.937101,0.019674147,3075.6875,2572.7915,31.602203,26019.924,0.0006766243,-0.1856643,-0.24811466
C7,2064.246,0.0,0.038484177599995076,3396.6816,51.328938,0.019327963,1974.8094,2443.324,30.394438,25474.553,7.7820565e-05,-0.18146856,-0.161829
C7,2068.537,2.0,0.1281337572000014,3088.075,81.186005,0.018776186,487.1367,2136.4373,28.213722,23474.064,-0.00085691456,-0.034054477,-0.10624421
C7,2072.828,1.0,0.16109350600001177,2631.4148,110.190704,0.018916352,-673.2481,1753.4204,27.497923,20188.467,-0.0010675336,0.09128678,-0.059525132
C7,2077.1189999999997,2.0,0.15503387680000935,2128.7952,79.41193,0.022220416,-1149.3033,1450.0054,31.159986,16442.533,0.002311724,0.2561297,0.031567853
C7,2081.41,2.0,0.17078979540001607,1630.744,53.737133,0.026031218,-1000.5361,1346.4222,38.183933,12651.003,0.006656522,0.4304233,0.12578082
C7,2085.701,2.0,0.11904631400000079,1493.276,63.949116,0.008813702,-703.00146,1385.2286,41.366474,11634.685,-0.009633294,0.3977308,0.16303091
C7,2089.992,0.0,0.11858290599999999,1820.3379,47.564167,0.018450705,-643.49457,1499.3359,38.64143,13834.171,0.0010595747,0.14304118,0.08651737
C7,2094.283,1.0,0.12147969300000036,2215.7876,-43.933918,0.016667536,-911.2757,1709.0121,34.926685,16324.093,8.5036794e-05,-0.032485288,0.008027673
C7,2098.574,2.0,0.12469977139999992,2623.7227,-18.186577,0.015516795,-1565.8517,1950.792,34.410805,18889.045,-0.0007920689,-0.13477679,-0.04342814
C7,2102.865,1.0,0.1197801302000009,2905.8596,5.783146,0.017001826,-2160.9207,2118.4167,34.411926,20595.115,0.00041289665,-0.12910521,-0.09735966
C7,2107.156,1.0,0.12175150100000008,3096.284,-87.9531,0.016537864,-2339.4414,2158.3293,30.572487,21758.293,-0.0005062484,-0.09882927,-0.16261108
C7,2111.447,0.0,0.11361836300000015,3182.3079,-122.406075,0.017669242,-1833.6327,2098.2605,25.200594,22386.74,4.2963453e-05,-0.08694613,-0.22282608
C7,2115.738,0.0,0.11281745759999959,3200.3928,-95.111336,0.019261502,-583.98773,2045.8241,22.584837,23181.678,0.0010298721,-0.112263836,-0.270136
C7,2120.029,1.0,0.1268405472000004,3086.7998,-65.35694,0.0194678,992.9454,2061.694,23.08769,23658.803,0.00083854893,-0.14598875,-0.2490819
C7,2124.3199999999997,0.0,0.11769635999999743,2883.8264,-35.283863,0.021718638,2153.33,2096.1606,25.015898,23684.982,0.0027030709,-0.19976175,-0.12811053
C7,2128.611,1.0,0.1242233592000005,2675.5693,-1.733777,0.0120318085,2540.1252,2103.9993,26.942772,22108.516,-0.007531891,-0.24610214,0.020455241
C7,2132.902,0.0,0.11862932619999998,2482.9841,46.852478,0.025099779,2004.563,2055.1777,27.973799,20508.303,0.0047524595,-0.27984834,0.21019895
C7,2137.193,0.0,0.12141770940000002,2443.2,25.625612,0.021797882,1082.2057,1912.2435,26.184134,20237.22,0.0006083132,-0.19830453,0.2431134
C7,2141.484,2.0,0.13353510800000257,2408.531,59.29811,0.024334187,100.341774,1681.9855,25.63153,19907.291,0.0025619052,-0.1214414,0.2978574
C7,2145.775,0.0,0.1012269336000004,2294.5488,96.88859,0.021906018,-673.24805,1454.4799,28.630234,18805.768,9.5495394e-05,-0.09289142,0.30717102
C7,2150.066,0.0,0.1024487822000001,2044.0143,10.72813,0.019602725,-881.5222,1330.7421,34.03184,16478.596,-0.0013476008,-0.16776407,0.19482028
C7,2154.357,0.0,0.10584941000000019,1776.5093,-18.990364,0.020248929,-673.248,1322.2784,41.55843,13921.589,0.00076014776,-0.24802466,0.058930755
C7,2158.648,0.0,0.10729707339999997,1436.5443,-47.71063,0.0180082,-137.6858,1333.1561,47.901047,10818.294,-0.00013662626,-0.37266228,-0.123589635
C7,2162.939,0.0,0.10314282160000093,1270.3612,10.107719,0.0102498075,308.616,1334.0953,44.168987,9368.884,-0.007047462,-0.40639827,-0.1317821
C7,2167.23,0.0,0.1093614187999982,1514.3981,85.941216,0.019445816,219.3556,1437.4594,35.024868,11363.165,0.0023690239,-0.24024951,-0.052075546
C7,2171.5209999999997,2.0,0.12770887520000793,2031.4264,115.98035,0.019034766,-673.248,1697.2051,30.36888,15553.716,0.0017437405,-0.08035231,-0.004677733
C7,2175.812,1.0,0.12579567420000182,2572.3474,85.38448,0.018243866,-1952.6469,2016.9928,30.429808,19894.275,0.00062972476,-0.10428456,0.030134043
C7,2180.103,2.0,0.12958637599999626,3067.5164,53.56688,0.01765957,-2964.2644,2272.3132,31.435104,23744.688,-2.362775e-05,-0.13703816,0.058128
C7,2184.3940000000002,1.0,0.14497538719999983,3471.5183,-99.15333,0.017211514,-3083.2776,2382.4602,30.140654,26624.617,-0.000103938124,-0.13725491,0.079571046
C7,2188.685,1.0,0.1245245970000018,3683.378,-132.56567,0.015619581,-2131.1672,2336.8892,26.867958,28010.15,-0.0011545828,-0.12046977,0.08867923
C7,2192.976,0.0,0.11898756219999992,3694.8127,-108.43716,0.016085861,-554.2342,2195.8074,24.845703,27926.764,-0.00021738163,-0.07559371,0.10002009
C7,2197.267,2.0,0.11688185700000307,3585.2034,-83.58837,0.016384557,873.9316,2066.5164,24.855904,26861.0,0.0005002369,0.02787733,0.09354659
C7,2201.558,1.0,0.12628339859999968,3338.4006,-58.278156,0.015381307,1826.0424,2045.8301,26.028463,24909.258,-0.00022281813,0.15283103,0.093256555
C7,2205.849,1.0,0.10402076060000003,2997.5374,-34.517735,0.013953966,2123.577,2122.0605,29.287294,21939.867,-0.0017316072,0.24566798,0.080346905
C7,2210.14,2.0,0.12609561320000132,2689.843,-12.962207,0.015343607,2153.33,2176.0671,33.520702,19246.139,-0.001132136,0.272572,0.05412356
C7,2214.431,2.0,0.1349531624000002,2404.712,10.739984,0.017730536,1945.056,2098.9177,34.97818,17130.023,-0.0005100414,0.25735638,-0.0011096001
C7,2218.7219999999998,1.0,0.14096495540001566,2049.4646,38.129406,0.021704875,1409.4938,1882.8905,34.334988,14645.297,0.00075407786,0.24693497,-0.06511196
C7,2223.013,1.0,0.12168158779999942,1744.7354,71.658226,0.027983911,635.90393,1604.2681,31.713179,12471.383,0.0038057908,0.21781473,-0.095786095
C7,2227.304,0.0,0.09065834980000115,1501.0234,54.886658,0.029300736,-286.45312,1351.3763,27.507147,10740.059,0.0022559094,0.2253563,-0.043054182
C7,2231.5950000000003,0.0,0.08156496639999977,1419.4867,-19.85074,0.033045497,-970.78253,1187.7395,29.617783,10235.152,0.0044650505,0.3498889,0.14022739
C7,2235.886,0.0,0.07979194220000022,1588.129,-28.803377,0.03173331,-822.0152,1180.755,31.795603,11548.151,0.0034741648,0.31365862,0.31125453
C7,2240.177,0.0,0.07885321960000008,1913.152,-99.78304,0.024359358,100.34182,1367.7723,31.891808,13952.724,-0.0019792344,-0.013407986,0.38974485
C7,2244.468,0.0,0.0772711511999969,2355.3967,-62.15367,0.01924398,1439.2472,1660.497,31.06372,17440.404,-0.0044563944,-0.22151847,0.4743128
C7,2248.759,0.0,0.07566792499999972,2674.489,-32.426342,0.017466387,2450.8647,1913.8112,30.654634,20324.193,-0.0038053591,-0.33546102,0.4850396
C7,2253.05,0.0,0.08449954779999988,2824.2917,-5.444967,0.01973666,2510.3716,2045.796,32.37192,21780.682,4.6597794e-05,-0.28430247,0.46695367
C7,2257.341,0.0,0.0732957997999995,2845.2732,25.043442,0.019042253,1766.5352,2047.7509,35.674175,22319.766,0.000162215,-0.173491,0.47528252
C7,2261.632,0.0,0.08026902340000004,2691.587,54.459152,0.018829243,665.6574,1921.5939,37.85698,21588.762,0.0006502929,-0.060489375,0.50364697
C7,2265.923,0.0,0.09769762599999934,2555.9731,23.545813,0.019258294,-167.43925,1722.2291,38.05781,20751.86,0.0021011264,0.10941223,0.433198
C7,2270.214,0.0,0.0905805373999996,2299.2961,53.295258,0.011721424,-375.71347,1551.4049,38.49815,18773.709,-0.00415735,0.33947957,0.29621783
C7,2274.505,0.0,0.08927596960000014,2153.5227,71.40204,0.012982895,-167.43929,1471.649,41.329678,17657.836,-0.0017816945,0.3032,0.1596355
C7,2278.796,0.0,0.06902189640000111,2117.8892,31.457497,0.013962742,-78.17892,1454.618,45.278,17571.822,5.7140987e-05,0.1827039,0.03581504
C7,2283.087,3.0,0.08569243459999935,1984.8954,53.02658,0.013713631,-167.43927,1413.627,47.878017,16753.904,0.0006607617,0.018572211,-0.087887645
C7,2287.3779999999997,0.0,0.07382098880000326,1833.7274,14.210854,0.016174274,-405.46695,1334.5908,42.327606,15698.262,0.004200664,-0.12978642,-0.23725028
C7,2291.669,0.0,0.1012620941999939,1643.3131,69.19623,0.004473526,-673.248,1319.0498,33.126625,14156.1455,-0.0060886447,-0.3584434,-0.3558168
C7,2295.96,2.0,0.15633628319999895,1832.0142,76.10675,0.009267099,-941.0291,1495.7101,25.953049,16115.763,-6.176628e-05,-0.3285885,-0.19324939
C7,2300.251,2.0,0.14530028840000103,2184.0676,90.42218,0.0043005035,-1476.5913,1869.3522,22.350462,19838.621,-0.004695761,-0.114766836,-0.14126115
C7,2304.542,2.0,0.1344560821999922,2673.1501,157.06543,0.010295856,-2279.9346,2344.2764,20.788986,24766.729,0.00049161125,-0.015105009,-0.16329403
C7,2308.833,2.0,0.15109046039999868,3383.698,-7.0299354,0.014909207,-3172.538,2777.0989,19.92273,31840.953,0.003512188,-0.122835435,-0.036987703
C7,2313.124,1.0,0.13199764540000308,4032.9172,-103.9988,0.015392098,-3648.5935,3028.9287,19.434822,38288.477,0.0024667361,-0.1618716,0.0022822618
C7,2317.415,1.0,0.12448170639999877,4545.783,-140.2217,0.0147943795,-3351.0588,3036.577,18.939142,42445.66,0.0010358291,-0.2021827,0.005111575
C7,2321.706,1.0,0.12850849259999916,4842.854,-117.36794,0.013739082,-2220.4275,2845.7947,17.591888,43805.777,-1.2610147e-05,-0.24326698,0.022758007
C7,2325.997,0.0,0.11239516220000113,4951.548,-96.14435,0.01214997,-613.741,2629.1936,15.0853615,45894.844,-0.000990023,-0.28023526,0.024161657
C7,2330.288,1.0,0.1313185641999966,4964.0054,-77.37556,0.011744806,1022.6989,2590.5496,12.519455,47325.562,-0.00067383685,-0.26554236,0.07689651
C7,2334.5789999999997,0.0,0.10594787699999694,5027.355,-59.23265,0.011419323,2510.3718,2820.9255,11.7850065,48509.16,-0.00049357134,-0.19656499,0.08378068
C7,2338.87,1.0,0.1214757724000065,5039.986,-41.592537,0.011073042,3700.5098,3251.1826,13.840692,48600.484,-0.0007225989,-0.178724,0.12596118
C7,2343.161,1.0,0.13985137540000223,5099.9663,-24.487349,0.0115619935,4325.3325,3686.8535,17.418165,49841.855,-0.0005323451,-0.15852351,0.09904436
C7,2347.452,0.0,0.10812174359999999,5011.0815,-6.6268425,0.013171025,4355.086,3954.0645,19.893576,49649.92,0.00018464541,-0.15722497,0.078161955
C7,2351.743,1.0,0.1381812762000057,5048.5083,13.719228,0.014677632,3730.2637,3973.5515,19.015852,51205.99,0.00061311317,-0.12780571,0.025677124
C7,2356.034,0.0,0.10283401699999989,4583.9424,36.392647,0.014454566,2778.1526,3735.8933,18.210749,48334.402,0.00025142924,-0.11693096,-0.027858496
C7,2360.325,1.0,0.12469328539999698,4434.9194,58.721485,0.026279548,1558.2611,3292.1257,17.58726,48678.027,0.013544325,-0.07623442,-0.037226517
C7,2364.616,2.0,0.16264745060000152,3623.9075,99.31708,0.0,219.35564,2736.472,17.509838,42377.16,-0.009762935,0.00083299476,-0.16111036
